run,timestamp,slot,ack_0,ack_2,total_acks
run1,20260123_145506,0,0,0,0
run1,20260123_145506,1,0,0,0
run1,20260123_145506,2,0,0,0
run1,20260123_145506,3,0,0,0
run1,20260123_145506,4,0,0,0
run1,20260123_145506,5,1,0,1
run1,20260123_145506,6,1,0,1
run1,20260123_145506,7,0,0,0
run1,20260123_145506,8,0,0,0
run1,20260123_145506,9,0,0,0
run1,20260123_145506,10,0,0,0
run1,20260123_145506,11,0,0,0
run1,20260123_145506,12,0,0,0
run1,20260123_145506,13,0,0,0
run1,20260123_145506,14,0,0,0
run1,20260123_145506,15,0,0,0
run1,20260123_145506,16,0,0,0
run1,20260123_145506,17,0,0,0
run1,20260123_145506,18,0,0,0
run1,20260123_145506,19,0,0,0
run1,20260123_145505,0,0,0,0
run1,20260123_145505,1,0,0,0
run1,20260123_145505,2,0,0,0
run1,20260123_145505,3,0,0,0
run1,20260123_145505,4,0,0,0
run1,20260123_145505,5,1,0,1
run1,20260123_145505,6,1,0,1
run1,20260123_145505,7,0,0,0
run1,20260123_145505,8,0,0,0
run1,20260123_145505,9,0,0,0
run1,20260123_145505,10,0,0,0
run1,20260123_145505,11,0,0,0
run1,20260123_145505,12,0,0,0
run1,20260123_145505,13,0,0,0
run1,20260123_145505,14,0,0,0
run1,20260123_145505,15,0,0,0
run1,20260123_145505,16,0,0,0
run1,20260123_145505,17,0,0,0
run1,20260123_145505,18,0,0,0
run1,20260123_145505,19,0,0,0
run10,20260123_150238,0,1,0,1
run10,20260123_150238,1,4,0,4
run10,20260123_150238,2,21,0,21
run10,20260123_150238,3,6,0,6
run10,20260123_150238,4,0,0,0
run10,20260123_150238,5,8,0,8
run10,20260123_150238,6,1,0,1
run10,20260123_150238,7,549,0,549
run10,20260123_150238,8,0,0,0
run10,20260123_150238,9,0,0,0
run10,20260123_150238,10,1452,0,1452
run10,20260123_150238,11,0,0,0
run10,20260123_150238,12,2,0,2
run10,20260123_150238,13,0,0,0
run10,20260123_150238,14,3,0,3
run10,20260123_150238,15,0,0,0
run10,20260123_150238,16,2,0,2
run10,20260123_150238,17,0,0,0
run10,20260123_150238,18,0,0,0
run10,20260123_150238,19,0,0,0
run100,20260123_161607,0,0,0,0
run100,20260123_161607,1,0,0,0
run100,20260123_161607,2,2,0,2
run100,20260123_161607,3,1,0,1
run100,20260123_161607,4,1,0,1
run100,20260123_161607,5,0,0,0
run100,20260123_161607,6,2,0,2
run100,20260123_161607,7,1,0,1
run100,20260123_161607,8,0,0,0
run100,20260123_161607,9,0,0,0
run100,20260123_161607,10,1,0,1
run100,20260123_161607,11,3,0,3
run100,20260123_161607,12,2001,0,2001
run100,20260123_161607,13,0,0,0
run100,20260123_161607,14,1,0,1
run100,20260123_161607,15,3,0,3
run100,20260123_161607,16,0,0,0
run100,20260123_161607,17,0,0,0
run100,20260123_161607,18,0,0,0
run100,20260123_161607,19,0,0,0
run1000,20260124_043410,0,2,0,2
run1000,20260124_043410,1,4,0,4
run1000,20260124_043410,2,3,0,3
run1000,20260124_043410,3,0,0,0
run1000,20260124_043410,4,1,0,1
run1000,20260124_043410,5,1,0,1
run1000,20260124_043410,6,1,1,2
run1000,20260124_043410,7,0,1,1
run1000,20260124_043410,8,0,0,0
run1000,20260124_043410,9,0,0,0
run1000,20260124_043410,10,3,1,4
run1000,20260124_043410,11,1998,1,1999
run1000,20260124_043410,12,0,1,1
run1000,20260124_043410,13,1,1,2
run1000,20260124_043410,14,0,1,1
run1000,20260124_043410,15,0,0,0
run1000,20260124_043410,16,1,0,1
run1000,20260124_043410,17,0,0,0
run1000,20260124_043410,18,0,0,0
run1000,20260124_043410,19,0,0,0
run101,20260123_161655,0,1,0,1
run101,20260123_161655,1,2000,0,2000
run101,20260123_161655,2,2,0,2
run101,20260123_161655,3,0,0,0
run101,20260123_161655,4,2,0,2
run101,20260123_161655,5,3,0,3
run101,20260123_161655,6,0,0,0
run101,20260123_161655,7,1,0,1
run101,20260123_161655,8,0,0,0
run101,20260123_161655,9,0,0,0
run101,20260123_161655,10,1,0,1
run101,20260123_161655,11,0,0,0
run101,20260123_161655,12,2,0,2
run101,20260123_161655,13,1,0,1
run101,20260123_161655,14,3,0,3
run101,20260123_161655,15,1,0,1
run101,20260123_161655,16,1,0,1
run101,20260123_161655,17,0,0,0
run101,20260123_161655,18,0,0,0
run101,20260123_161655,19,0,0,0
run102,20260123_161743,0,1946,17,1963
run102,20260123_161743,1,6,21,27
run102,20260123_161743,2,9,20,29
run102,20260123_161743,3,7,20,27
run102,20260123_161743,4,8,20,28
run102,20260123_161743,5,14,11,25
run102,20260123_161743,6,5,19,24
run102,20260123_161743,7,7,14,21
run102,20260123_161743,8,0,0,0
run102,20260123_161743,9,0,0,0
run102,20260123_161743,10,19,19,38
run102,20260123_161743,11,7,20,27
run102,20260123_161743,12,6,20,26
run102,20260123_161743,13,6,20,26
run102,20260123_161743,14,8,19,27
run102,20260123_161743,15,9,11,20
run102,20260123_161743,16,6,17,23
run102,20260123_161743,17,7,3,10
run102,20260123_161743,18,0,0,0
run102,20260123_161743,19,0,0,0
run103,20260123_161831,0,2,0,2
run103,20260123_161831,1,2,0,2
run103,20260123_161831,2,2,0,2
run103,20260123_161831,3,1,0,1
run103,20260123_161831,4,0,0,0
run103,20260123_161831,5,1032,0,1032
run103,20260123_161831,6,828,0,828
run103,20260123_161831,7,0,0,0
run103,20260123_161831,8,0,0,0
run103,20260123_161831,9,0,0,0
run103,20260123_161831,10,0,0,0
run103,20260123_161831,11,0,0,0
run103,20260123_161831,12,1,0,1
run103,20260123_161831,13,2,0,2
run103,20260123_161831,14,1,0,1
run103,20260123_161831,15,0,0,0
run103,20260123_161831,16,0,0,0
run103,20260123_161831,17,0,0,0
run103,20260123_161831,18,0,0,0
run103,20260123_161831,19,0,0,0
run104,20260123_161923,0,2,0,2
run104,20260123_161923,1,1,0,1
run104,20260123_161923,2,3,0,3
run104,20260123_161923,3,1,0,1
run104,20260123_161923,4,3,0,3
run104,20260123_161923,5,1,0,1
run104,20260123_161923,6,0,0,0
run104,20260123_161923,7,0,0,0
run104,20260123_161923,8,0,0,0
run104,20260123_161923,9,0,0,0
run104,20260123_161923,10,0,0,0
run104,20260123_161923,11,1,0,1
run104,20260123_161923,12,770,0,770
run104,20260123_161923,13,1,0,1
run104,20260123_161923,14,523,0,523
run104,20260123_161923,15,510,0,510
run104,20260123_161923,16,181,0,181
run104,20260123_161923,17,0,0,0
run104,20260123_161923,18,0,0,0
run104,20260123_161923,19,0,0,0
run105,20260123_162012,0,0,0,0
run105,20260123_162012,1,2,0,2
run105,20260123_162012,2,3,0,3
run105,20260123_162012,3,1,0,1
run105,20260123_162012,4,2,0,2
run105,20260123_162012,5,0,0,0
run105,20260123_162012,6,2,0,2
run105,20260123_162012,7,0,0,0
run105,20260123_162012,8,0,0,0
run105,20260123_162012,9,0,0,0
run105,20260123_162012,10,0,0,0
run105,20260123_162012,11,2,0,2
run105,20260123_162012,12,0,0,0
run105,20260123_162012,13,0,0,0
run105,20260123_162012,14,2001,0,2001
run105,20260123_162012,15,2,0,2
run105,20260123_162012,16,1,0,1
run105,20260123_162012,17,0,0,0
run105,20260123_162012,18,0,0,0
run105,20260123_162012,19,0,0,0
run105,20260123_162011,0,0,0,0
run105,20260123_162011,1,2,0,2
run105,20260123_162011,2,3,0,3
run105,20260123_162011,3,1,0,1
run105,20260123_162011,4,2,0,2
run105,20260123_162011,5,0,0,0
run105,20260123_162011,6,2,0,2
run105,20260123_162011,7,0,0,0
run105,20260123_162011,8,0,0,0
run105,20260123_162011,9,0,0,0
run105,20260123_162011,10,0,0,0
run105,20260123_162011,11,2,0,2
run105,20260123_162011,12,0,0,0
run105,20260123_162011,13,0,0,0
run105,20260123_162011,14,2001,0,2001
run105,20260123_162011,15,2,0,2
run105,20260123_162011,16,1,0,1
run105,20260123_162011,17,0,0,0
run105,20260123_162011,18,0,0,0
run105,20260123_162011,19,0,0,0
run106,20260123_162100,0,1,0,1
run106,20260123_162100,1,3,0,3
run106,20260123_162100,2,2,0,2
run106,20260123_162100,3,1,0,1
run106,20260123_162100,4,3,0,3
run106,20260123_162100,5,1,0,1
run106,20260123_162100,6,0,0,0
run106,20260123_162100,7,0,0,0
run106,20260123_162100,8,0,0,0
run106,20260123_162100,9,0,0,0
run106,20260123_162100,10,4,0,4
run106,20260123_162100,11,1,0,1
run106,20260123_162100,12,0,0,0
run106,20260123_162100,13,2,0,2
run106,20260123_162100,14,2000,0,2000
run106,20260123_162100,15,0,0,0
run106,20260123_162100,16,1,0,1
run106,20260123_162100,17,0,0,0
run106,20260123_162100,18,0,0,0
run106,20260123_162100,19,0,0,0
run107,20260123_162147,0,0,0,0
run107,20260123_162147,1,2,0,2
run107,20260123_162147,2,5,0,5
run107,20260123_162147,3,0,0,0
run107,20260123_162147,4,1,0,1
run107,20260123_162147,5,1,0,1
run107,20260123_162147,6,0,0,0
run107,20260123_162147,7,0,0,0
run107,20260123_162147,8,0,0,0
run107,20260123_162147,9,0,0,0
run107,20260123_162147,10,2001,0,2001
run107,20260123_162147,11,2,0,2
run107,20260123_162147,12,0,0,0
run107,20260123_162147,13,1,0,1
run107,20260123_162147,14,1,0,1
run107,20260123_162147,15,0,0,0
run107,20260123_162147,16,1,0,1
run107,20260123_162147,17,0,0,0
run107,20260123_162147,18,0,0,0
run107,20260123_162147,19,0,0,0
run107,20260123_162148,0,0,0,0
run107,20260123_162148,1,2,0,2
run107,20260123_162148,2,5,0,5
run107,20260123_162148,3,0,0,0
run107,20260123_162148,4,1,0,1
run107,20260123_162148,5,1,0,1
run107,20260123_162148,6,0,0,0
run107,20260123_162148,7,0,0,0
run107,20260123_162148,8,0,0,0
run107,20260123_162148,9,0,0,0
run107,20260123_162148,10,2001,0,2001
run107,20260123_162148,11,2,0,2
run107,20260123_162148,12,0,0,0
run107,20260123_162148,13,1,0,1
run107,20260123_162148,14,1,0,1
run107,20260123_162148,15,0,0,0
run107,20260123_162148,16,1,0,1
run107,20260123_162148,17,0,0,0
run107,20260123_162148,18,0,0,0
run107,20260123_162148,19,0,0,0
run108,20260123_162236,0,0,0,0
run108,20260123_162236,1,714,0,714
run108,20260123_162236,2,4,0,4
run108,20260123_162236,3,3,0,3
run108,20260123_162236,4,1288,0,1288
run108,20260123_162236,5,3,0,3
run108,20260123_162236,6,5,0,5
run108,20260123_162236,7,1,0,1
run108,20260123_162236,8,0,0,0
run108,20260123_162236,9,0,0,0
run108,20260123_162236,10,0,0,0
run108,20260123_162236,11,0,0,0
run108,20260123_162236,12,1,0,1
run108,20260123_162236,13,1,0,1
run108,20260123_162236,14,0,0,0
run108,20260123_162236,15,2,0,2
run108,20260123_162236,16,0,0,0
run108,20260123_162236,17,1,0,1
run108,20260123_162236,18,0,0,0
run108,20260123_162236,19,0,0,0
run109,20260123_162323,0,0,0,0
run109,20260123_162323,1,0,0,0
run109,20260123_162323,2,2,0,2
run109,20260123_162323,3,0,0,0
run109,20260123_162323,4,0,0,0
run109,20260123_162323,5,0,0,0
run109,20260123_162323,6,3,0,3
run109,20260123_162323,7,1,0,1
run109,20260123_162323,8,0,0,0
run109,20260123_162323,9,0,0,0
run109,20260123_162323,10,1,0,1
run109,20260123_162323,11,1,0,1
run109,20260123_162323,12,1156,0,1156
run109,20260123_162323,13,1060,0,1060
run109,20260123_162323,14,1,0,1
run109,20260123_162323,15,1,0,1
run109,20260123_162323,16,0,0,0
run109,20260123_162323,17,0,0,0
run109,20260123_162323,18,0,0,0
run109,20260123_162323,19,0,0,0
run11,20260123_150325,0,1943,19,1962
run11,20260123_150325,1,0,25,25
run11,20260123_150325,2,4,24,28
run11,20260123_150325,3,0,23,23
run11,20260123_150325,4,4,23,27
run11,20260123_150325,5,5,12,17
run11,20260123_150325,6,1,22,23
run11,20260123_150325,7,0,15,15
run11,20260123_150325,8,0,0,0
run11,20260123_150325,9,0,1,1
run11,20260123_150325,10,0,23,23
run11,20260123_150325,11,0,24,24
run11,20260123_150325,12,2,23,25
run11,20260123_150325,13,2,24,26
run11,20260123_150325,14,1,23,24
run11,20260123_150325,15,4,9,13
run11,20260123_150325,16,4,19,23
run11,20260123_150325,17,0,5,5
run11,20260123_150325,18,0,0,0
run11,20260123_150325,19,0,0,0
run11,20260123_150326,0,1943,19,1962
run11,20260123_150326,1,0,25,25
run11,20260123_150326,2,4,24,28
run11,20260123_150326,3,0,23,23
run11,20260123_150326,4,4,23,27
run11,20260123_150326,5,5,12,17
run11,20260123_150326,6,1,22,23
run11,20260123_150326,7,0,15,15
run11,20260123_150326,8,0,0,0
run11,20260123_150326,9,0,1,1
run11,20260123_150326,10,0,23,23
run11,20260123_150326,11,0,24,24
run11,20260123_150326,12,2,23,25
run11,20260123_150326,13,2,24,26
run11,20260123_150326,14,1,23,24
run11,20260123_150326,15,4,9,13
run11,20260123_150326,16,4,19,23
run11,20260123_150326,17,0,5,5
run11,20260123_150326,18,0,0,0
run11,20260123_150326,19,0,0,0
run110,20260123_162411,0,1,0,1
run110,20260123_162411,1,0,0,0
run110,20260123_162411,2,3,0,3
run110,20260123_162411,3,3,0,3
run110,20260123_162411,4,0,0,0
run110,20260123_162411,5,0,0,0
run110,20260123_162411,6,1,0,1
run110,20260123_162411,7,0,0,0
run110,20260123_162411,8,0,0,0
run110,20260123_162411,9,0,0,0
run110,20260123_162411,10,2,0,2
run110,20260123_162411,11,2,0,2
run110,20260123_162411,12,1,0,1
run110,20260123_162411,13,0,0,0
run110,20260123_162411,14,3,0,3
run110,20260123_162411,15,0,0,0
run110,20260123_162411,16,1841,0,1841
run110,20260123_162411,17,0,0,0
run110,20260123_162411,18,0,0,0
run110,20260123_162411,19,0,0,0
run110,20260123_162412,0,1,0,1
run110,20260123_162412,1,0,0,0
run110,20260123_162412,2,3,0,3
run110,20260123_162412,3,3,0,3
run110,20260123_162412,4,0,0,0
run110,20260123_162412,5,0,0,0
run110,20260123_162412,6,1,0,1
run110,20260123_162412,7,0,0,0
run110,20260123_162412,8,0,0,0
run110,20260123_162412,9,0,0,0
run110,20260123_162412,10,2,0,2
run110,20260123_162412,11,2,0,2
run110,20260123_162412,12,1,0,1
run110,20260123_162412,13,0,0,0
run110,20260123_162412,14,3,0,3
run110,20260123_162412,15,0,0,0
run110,20260123_162412,16,1841,0,1841
run110,20260123_162412,17,0,0,0
run110,20260123_162412,18,0,0,0
run110,20260123_162412,19,0,0,0
run111,20260123_162459,0,0,0,0
run111,20260123_162459,1,1,0,1
run111,20260123_162459,2,1,0,1
run111,20260123_162459,3,0,0,0
run111,20260123_162459,4,4,0,4
run111,20260123_162459,5,1,0,1
run111,20260123_162459,6,1,0,1
run111,20260123_162459,7,0,0,0
run111,20260123_162459,8,0,0,0
run111,20260123_162459,9,0,0,0
run111,20260123_162459,10,1,0,1
run111,20260123_162459,11,0,0,0
run111,20260123_162459,12,1,0,1
run111,20260123_162459,13,2,0,2
run111,20260123_162459,14,0,0,0
run111,20260123_162459,15,2,0,2
run111,20260123_162459,16,1,0,1
run111,20260123_162459,17,477,0,477
run111,20260123_162459,18,0,0,0
run111,20260123_162459,19,0,0,0
run112,20260123_162547,0,2,0,2
run112,20260123_162547,1,1,0,1
run112,20260123_162547,2,3,0,3
run112,20260123_162547,3,1,0,1
run112,20260123_162547,4,1,0,1
run112,20260123_162547,5,1433,0,1433
run112,20260123_162547,6,1725,0,1725
run112,20260123_162547,7,0,0,0
run112,20260123_162547,8,0,0,0
run112,20260123_162547,9,0,0,0
run112,20260123_162547,10,1,0,1
run112,20260123_162547,11,2,0,2
run112,20260123_162547,12,1,0,1
run112,20260123_162547,13,0,0,0
run112,20260123_162547,14,0,0,0
run112,20260123_162547,15,8,0,8
run112,20260123_162547,16,6,0,6
run112,20260123_162547,17,0,0,0
run112,20260123_162547,18,0,0,0
run112,20260123_162547,19,0,0,0
run113,20260123_162635,0,1,80,81
run113,20260123_162635,1,1,119,120
run113,20260123_162635,2,1094,153,1247
run113,20260123_162635,3,1,152,153
run113,20260123_162635,4,2,152,154
run113,20260123_162635,5,0,161,161
run113,20260123_162635,6,0,6,6
run113,20260123_162635,7,1,2,3
run113,20260123_162635,8,0,0,0
run113,20260123_162635,9,0,0,0
run113,20260123_162635,10,23,6,29
run113,20260123_162635,11,3,7,10
run113,20260123_162635,12,1,6,7
run113,20260123_162635,13,0,7,7
run113,20260123_162635,14,2,6,8
run113,20260123_162635,15,4,2,6
run113,20260123_162635,16,8,4,12
run113,20260123_162635,17,0,1,1
run113,20260123_162635,18,0,1,1
run113,20260123_162635,19,0,0,0
run114,20260123_162727,0,1943,24,1967
run114,20260123_162727,1,2,30,32
run114,20260123_162727,2,1,29,30
run114,20260123_162727,3,4,29,33
run114,20260123_162727,4,1,29,30
run114,20260123_162727,5,12,12,24
run114,20260123_162727,6,3,26,29
run114,20260123_162727,7,1,17,18
run114,20260123_162727,8,0,0,0
run114,20260123_162727,9,0,2,2
run114,20260123_162727,10,13,28,41
run114,20260123_162727,11,2,29,31
run114,20260123_162727,12,1,28,29
run114,20260123_162727,13,0,28,28
run114,20260123_162727,14,0,29,29
run114,20260123_162727,15,10,11,21
run114,20260123_162727,16,3,22,25
run114,20260123_162727,17,1,8,9
run114,20260123_162727,18,0,0,0
run114,20260123_162727,19,0,0,0
run115,20260123_162819,0,2,0,2
run115,20260123_162819,1,1,0,1
run115,20260123_162819,2,2003,0,2003
run115,20260123_162819,3,0,0,0
run115,20260123_162819,4,1,0,1
run115,20260123_162819,5,1,0,1
run115,20260123_162819,6,0,0,0
run115,20260123_162819,7,1,0,1
run115,20260123_162819,8,0,0,0
run115,20260123_162819,9,0,0,0
run115,20260123_162819,10,0,0,0
run115,20260123_162819,11,1,0,1
run115,20260123_162819,12,2,0,2
run115,20260123_162819,13,0,0,0
run115,20260123_162819,14,1,0,1
run115,20260123_162819,15,1,0,1
run115,20260123_162819,16,1,0,1
run115,20260123_162819,17,0,0,0
run115,20260123_162819,18,0,0,0
run115,20260123_162819,19,0,0,0
run116,20260123_162907,0,0,0,0
run116,20260123_162907,1,2,0,2
run116,20260123_162907,2,3,0,3
run116,20260123_162907,3,0,0,0
run116,20260123_162907,4,1,0,1
run116,20260123_162907,5,1,0,1
run116,20260123_162907,6,3,0,3
run116,20260123_162907,7,1,0,1
run116,20260123_162907,8,0,0,0
run116,20260123_162907,9,0,0,0
run116,20260123_162907,10,1,0,1
run116,20260123_162907,11,0,0,0
run116,20260123_162907,12,2000,0,2000
run116,20260123_162907,13,2,0,2
run116,20260123_162907,14,0,0,0
run116,20260123_162907,15,1,0,1
run116,20260123_162907,16,1,0,1
run116,20260123_162907,17,0,0,0
run116,20260123_162907,18,0,0,0
run116,20260123_162907,19,0,0,0
run117,20260123_162955,0,4,0,4
run117,20260123_162955,1,2,0,2
run117,20260123_162955,2,4,0,4
run117,20260123_162955,3,1,0,1
run117,20260123_162955,4,3,0,3
run117,20260123_162955,5,0,0,0
run117,20260123_162955,6,2,0,2
run117,20260123_162955,7,1,0,1
run117,20260123_162955,8,0,0,0
run117,20260123_162955,9,0,0,0
run117,20260123_162955,10,1,0,1
run117,20260123_162955,11,1,0,1
run117,20260123_162955,12,0,0,0
run117,20260123_162955,13,2001,0,2001
run117,20260123_162955,14,1,0,1
run117,20260123_162955,15,1,0,1
run117,20260123_162955,16,1,0,1
run117,20260123_162955,17,1,0,1
run117,20260123_162955,18,0,0,0
run117,20260123_162955,19,0,0,0
run118,20260123_163043,0,0,0,0
run118,20260123_163043,1,2,0,2
run118,20260123_163043,2,2,0,2
run118,20260123_163043,3,1,0,1
run118,20260123_163043,4,2,0,2
run118,20260123_163043,5,2,0,2
run118,20260123_163043,6,0,0,0
run118,20260123_163043,7,0,0,0
run118,20260123_163043,8,0,0,0
run118,20260123_163043,9,0,0,0
run118,20260123_163043,10,0,0,0
run118,20260123_163043,11,0,0,0
run118,20260123_163043,12,0,0,0
run118,20260123_163043,13,0,0,0
run118,20260123_163043,14,2,0,2
run118,20260123_163043,15,3,0,3
run118,20260123_163043,16,1,0,1
run118,20260123_163043,17,493,0,493
run118,20260123_163043,18,0,0,0
run118,20260123_163043,19,0,0,0
run119,20260123_163134,0,0,0,0
run119,20260123_163134,1,0,0,0
run119,20260123_163134,2,3,0,3
run119,20260123_163134,3,2,0,2
run119,20260123_163134,4,2,0,2
run119,20260123_163134,5,0,0,0
run119,20260123_163134,6,1,0,1
run119,20260123_163134,7,0,0,0
run119,20260123_163134,8,0,0,0
run119,20260123_163134,9,0,0,0
run119,20260123_163134,10,0,0,0
run119,20260123_163134,11,2000,0,2000
run119,20260123_163134,12,0,0,0
run119,20260123_163134,13,3,0,3
run119,20260123_163134,14,1,0,1
run119,20260123_163134,15,0,0,0
run119,20260123_163134,16,2,0,2
run119,20260123_163134,17,0,0,0
run119,20260123_163134,18,0,0,0
run119,20260123_163134,19,0,0,0
run119,20260123_163135,0,0,0,0
run119,20260123_163135,1,0,0,0
run119,20260123_163135,2,3,0,3
run119,20260123_163135,3,2,0,2
run119,20260123_163135,4,2,0,2
run119,20260123_163135,5,0,0,0
run119,20260123_163135,6,1,0,1
run119,20260123_163135,7,0,0,0
run119,20260123_163135,8,0,0,0
run119,20260123_163135,9,0,0,0
run119,20260123_163135,10,0,0,0
run119,20260123_163135,11,2000,0,2000
run119,20260123_163135,12,0,0,0
run119,20260123_163135,13,3,0,3
run119,20260123_163135,14,1,0,1
run119,20260123_163135,15,0,0,0
run119,20260123_163135,16,2,0,2
run119,20260123_163135,17,0,0,0
run119,20260123_163135,18,0,0,0
run119,20260123_163135,19,0,0,0
run12,20260123_150413,0,0,0,0
run12,20260123_150413,1,1,0,1
run12,20260123_150413,2,2,0,2
run12,20260123_150413,3,1,0,1
run12,20260123_150413,4,2,0,2
run12,20260123_150413,5,2,0,2
run12,20260123_150413,6,3,0,3
run12,20260123_150413,7,0,0,0
run12,20260123_150413,8,0,0,0
run12,20260123_150413,9,0,0,0
run12,20260123_150413,10,0,0,0
run12,20260123_150413,11,1,0,1
run12,20260123_150413,12,0,0,0
run12,20260123_150413,13,1,0,1
run12,20260123_150413,14,1,0,1
run12,20260123_150413,15,0,0,0
run12,20260123_150413,16,2,0,2
run12,20260123_150413,17,15,0,15
run12,20260123_150413,18,0,0,0
run12,20260123_150413,19,0,0,0
run120,20260123_163223,0,1,0,1
run120,20260123_163223,1,3,0,3
run120,20260123_163223,2,2,0,2
run120,20260123_163223,3,1,0,1
run120,20260123_163223,4,3,0,3
run120,20260123_163223,5,1,0,1
run120,20260123_163223,6,2,0,2
run120,20260123_163223,7,1,0,1
run120,20260123_163223,8,0,0,0
run120,20260123_163223,9,0,0,0
run120,20260123_163223,10,0,0,0
run120,20260123_163223,11,1,0,1
run120,20260123_163223,12,1,0,1
run120,20260123_163223,13,1,0,1
run120,20260123_163223,14,1,0,1
run120,20260123_163223,15,0,0,0
run120,20260123_163223,16,1,0,1
run120,20260123_163223,17,0,0,0
run120,20260123_163223,18,0,0,0
run120,20260123_163223,19,0,0,0
run121,20260123_163311,0,0,0,0
run121,20260123_163311,1,2,0,2
run121,20260123_163311,2,0,0,0
run121,20260123_163311,3,1,0,1
run121,20260123_163311,4,0,0,0
run121,20260123_163311,5,2,0,2
run121,20260123_163311,6,1,0,1
run121,20260123_163311,7,2,0,2
run121,20260123_163311,8,0,0,0
run121,20260123_163311,9,0,0,0
run121,20260123_163311,10,1,0,1
run121,20260123_163311,11,0,0,0
run121,20260123_163311,12,1,0,1
run121,20260123_163311,13,3,0,3
run121,20260123_163311,14,0,0,0
run121,20260123_163311,15,1,0,1
run121,20260123_163311,16,1819,0,1819
run121,20260123_163311,17,0,0,0
run121,20260123_163311,18,0,0,0
run121,20260123_163311,19,0,0,0
run122,20260123_163359,0,1,0,1
run122,20260123_163359,1,2001,0,2001
run122,20260123_163359,2,1,0,1
run122,20260123_163359,3,1,0,1
run122,20260123_163359,4,0,0,0
run122,20260123_163359,5,0,0,0
run122,20260123_163359,6,2,0,2
run122,20260123_163359,7,2,0,2
run122,20260123_163359,8,0,0,0
run122,20260123_163359,9,0,0,0
run122,20260123_163359,10,2,0,2
run122,20260123_163359,11,0,0,0
run122,20260123_163359,12,2,0,2
run122,20260123_163359,13,1,0,1
run122,20260123_163359,14,0,0,0
run122,20260123_163359,15,0,0,0
run122,20260123_163359,16,0,0,0
run122,20260123_163359,17,0,0,0
run122,20260123_163359,18,0,0,0
run122,20260123_163359,19,0,0,0
run123,20260123_163447,0,0,0,0
run123,20260123_163447,1,0,0,0
run123,20260123_163447,2,1,0,1
run123,20260123_163447,3,0,0,0
run123,20260123_163447,4,4,0,4
run123,20260123_163447,5,0,0,0
run123,20260123_163447,6,2,0,2
run123,20260123_163447,7,1,0,1
run123,20260123_163447,8,0,0,0
run123,20260123_163447,9,0,0,0
run123,20260123_163447,10,1,0,1
run123,20260123_163447,11,2,0,2
run123,20260123_163447,12,2000,0,2000
run123,20260123_163447,13,0,0,0
run123,20260123_163447,14,1,0,1
run123,20260123_163447,15,1,0,1
run123,20260123_163447,16,1,0,1
run123,20260123_163447,17,0,0,0
run123,20260123_163447,18,0,0,0
run123,20260123_163447,19,0,0,0
run124,20260123_163535,0,1,0,1
run124,20260123_163535,1,1,0,1
run124,20260123_163535,2,2,0,2
run124,20260123_163535,3,1,0,1
run124,20260123_163535,4,1,0,1
run124,20260123_163535,5,1,0,1
run124,20260123_163535,6,1,0,1
run124,20260123_163535,7,2,0,2
run124,20260123_163535,8,0,0,0
run124,20260123_163535,9,0,0,0
run124,20260123_163535,10,0,0,0
run124,20260123_163535,11,0,0,0
run124,20260123_163535,12,1,0,1
run124,20260123_163535,13,1,0,1
run124,20260123_163535,14,2,0,2
run124,20260123_163535,15,1,0,1
run124,20260123_163535,16,0,0,0
run124,20260123_163535,17,0,0,0
run124,20260123_163535,18,0,0,0
run124,20260123_163535,19,0,0,0
run125,20260123_163623,0,2,0,2
run125,20260123_163623,1,0,0,0
run125,20260123_163623,2,2,0,2
run125,20260123_163623,3,1,0,1
run125,20260123_163623,4,2001,0,2001
run125,20260123_163623,5,1,0,1
run125,20260123_163623,6,1,0,1
run125,20260123_163623,7,1,0,1
run125,20260123_163623,8,0,0,0
run125,20260123_163623,9,0,0,0
run125,20260123_163623,10,0,0,0
run125,20260123_163623,11,0,0,0
run125,20260123_163623,12,1,0,1
run125,20260123_163623,13,0,0,0
run125,20260123_163623,14,0,0,0
run125,20260123_163623,15,1,0,1
run125,20260123_163623,16,2,0,2
run125,20260123_163623,17,0,0,0
run125,20260123_163623,18,0,0,0
run125,20260123_163623,19,0,0,0
run126,20260123_163711,0,0,0,0
run126,20260123_163711,1,1,0,1
run126,20260123_163711,2,0,0,0
run126,20260123_163711,3,1561,0,1561
run126,20260123_163711,4,1,0,1
run126,20260123_163711,5,444,0,444
run126,20260123_163711,6,2,0,2
run126,20260123_163711,7,1,0,1
run126,20260123_163711,8,0,0,0
run126,20260123_163711,9,0,0,0
run126,20260123_163711,10,1,0,1
run126,20260123_163711,11,1,0,1
run126,20260123_163711,12,1,0,1
run126,20260123_163711,13,6,0,6
run126,20260123_163711,14,1,0,1
run126,20260123_163711,15,0,0,0
run126,20260123_163711,16,3,0,3
run126,20260123_163711,17,0,0,0
run126,20260123_163711,18,0,0,0
run126,20260123_163711,19,0,0,0
run127,20260123_163759,0,1,0,1
run127,20260123_163759,1,52,0,52
run127,20260123_163759,2,1006,0,1006
run127,20260123_163759,3,1286,0,1286
run127,20260123_163759,4,1,0,1
run127,20260123_163759,5,2,0,2
run127,20260123_163759,6,1,0,1
run127,20260123_163759,7,0,0,0
run127,20260123_163759,8,0,0,0
run127,20260123_163759,9,0,0,0
run127,20260123_163759,10,0,0,0
run127,20260123_163759,11,0,0,0
run127,20260123_163759,12,2,0,2
run127,20260123_163759,13,1,0,1
run127,20260123_163759,14,1,0,1
run127,20260123_163759,15,2,0,2
run127,20260123_163759,16,3,0,3
run127,20260123_163759,17,0,0,0
run127,20260123_163759,18,0,0,0
run127,20260123_163759,19,0,0,0
run127,20260123_163758,0,1,0,1
run127,20260123_163758,1,52,0,52
run127,20260123_163758,2,1006,0,1006
run127,20260123_163758,3,1286,0,1286
run127,20260123_163758,4,1,0,1
run127,20260123_163758,5,2,0,2
run127,20260123_163758,6,1,0,1
run127,20260123_163758,7,0,0,0
run127,20260123_163758,8,0,0,0
run127,20260123_163758,9,0,0,0
run127,20260123_163758,10,0,0,0
run127,20260123_163758,11,0,0,0
run127,20260123_163758,12,2,0,2
run127,20260123_163758,13,1,0,1
run127,20260123_163758,14,1,0,1
run127,20260123_163758,15,2,0,2
run127,20260123_163758,16,3,0,3
run127,20260123_163758,17,0,0,0
run127,20260123_163758,18,0,0,0
run127,20260123_163758,19,0,0,0
run128,20260123_163847,0,0,0,0
run128,20260123_163847,1,1,0,1
run128,20260123_163847,2,3,0,3
run128,20260123_163847,3,3,0,3
run128,20260123_163847,4,1,0,1
run128,20260123_163847,5,0,0,0
run128,20260123_163847,6,1,0,1
run128,20260123_163847,7,0,0,0
run128,20260123_163847,8,0,0,0
run128,20260123_163847,9,0,0,0
run128,20260123_163847,10,2,0,2
run128,20260123_163847,11,1,0,1
run128,20260123_163847,12,0,0,0
run128,20260123_163847,13,0,0,0
run128,20260123_163847,14,1,0,1
run128,20260123_163847,15,1,0,1
run128,20260123_163847,16,1,0,1
run128,20260123_163847,17,472,0,472
run128,20260123_163847,18,0,0,0
run128,20260123_163847,19,0,0,0
run129,20260123_163935,0,0,0,0
run129,20260123_163935,1,2,0,2
run129,20260123_163935,2,1,0,1
run129,20260123_163935,3,0,0,0
run129,20260123_163935,4,1,0,1
run129,20260123_163935,5,2,0,2
run129,20260123_163935,6,2,0,2
run129,20260123_163935,7,0,0,0
run129,20260123_163935,8,0,0,0
run129,20260123_163935,9,0,0,0
run129,20260123_163935,10,2,0,2
run129,20260123_163935,11,2,0,2
run129,20260123_163935,12,1,0,1
run129,20260123_163935,13,2000,0,2000
run129,20260123_163935,14,0,0,0
run129,20260123_163935,15,1,0,1
run129,20260123_163935,16,0,0,0
run129,20260123_163935,17,0,0,0
run129,20260123_163935,18,0,0,0
run129,20260123_163935,19,0,0,0
run129,20260123_163934,0,0,0,0
run129,20260123_163934,1,2,0,2
run129,20260123_163934,2,1,0,1
run129,20260123_163934,3,0,0,0
run129,20260123_163934,4,1,0,1
run129,20260123_163934,5,2,0,2
run129,20260123_163934,6,2,0,2
run129,20260123_163934,7,0,0,0
run129,20260123_163934,8,0,0,0
run129,20260123_163934,9,0,0,0
run129,20260123_163934,10,2,0,2
run129,20260123_163934,11,2,0,2
run129,20260123_163934,12,1,0,1
run129,20260123_163934,13,2000,0,2000
run129,20260123_163934,14,0,0,0
run129,20260123_163934,15,1,0,1
run129,20260123_163934,16,0,0,0
run129,20260123_163934,17,0,0,0
run129,20260123_163934,18,0,0,0
run129,20260123_163934,19,0,0,0
run13,20260123_150502,0,4,0,4
run13,20260123_150502,1,0,0,0
run13,20260123_150502,2,3,0,3
run13,20260123_150502,3,1,0,1
run13,20260123_150502,4,1,0,1
run13,20260123_150502,5,2,0,2
run13,20260123_150502,6,4,0,4
run13,20260123_150502,7,0,0,0
run13,20260123_150502,8,0,0,0
run13,20260123_150502,9,0,0,0
run13,20260123_150502,10,2,0,2
run13,20260123_150502,11,1,0,1
run13,20260123_150502,12,0,0,0
run13,20260123_150502,13,0,0,0
run13,20260123_150502,14,2,0,2
run13,20260123_150502,15,1,0,1
run13,20260123_150502,16,2,0,2
run13,20260123_150502,17,1,0,1
run13,20260123_150502,18,0,0,0
run13,20260123_150502,19,0,0,0
run130,20260123_164023,0,0,0,0
run130,20260123_164023,1,2,0,2
run130,20260123_164023,2,1,0,1
run130,20260123_164023,3,3,0,3
run130,20260123_164023,4,2,0,2
run130,20260123_164023,5,1,0,1
run130,20260123_164023,6,0,0,0
run130,20260123_164023,7,0,0,0
run130,20260123_164023,8,0,0,0
run130,20260123_164023,9,0,0,0
run130,20260123_164023,10,0,0,0
run130,20260123_164023,11,0,0,0
run130,20260123_164023,12,2,0,2
run130,20260123_164023,13,1,0,1
run130,20260123_164023,14,1,0,1
run130,20260123_164023,15,2001,0,2001
run130,20260123_164023,16,1,0,1
run130,20260123_164023,17,0,0,0
run130,20260123_164023,18,0,0,0
run130,20260123_164023,19,0,0,0
run131,20260123_164111,0,0,0,0
run131,20260123_164111,1,0,0,0
run131,20260123_164111,2,3,0,3
run131,20260123_164111,3,0,0,0
run131,20260123_164111,4,0,0,0
run131,20260123_164111,5,0,0,0
run131,20260123_164111,6,1,0,1
run131,20260123_164111,7,0,0,0
run131,20260123_164111,8,0,0,0
run131,20260123_164111,9,0,0,0
run131,20260123_164111,10,0,0,0
run131,20260123_164111,11,1,0,1
run131,20260123_164111,12,33,0,33
run131,20260123_164111,13,2,0,2
run131,20260123_164111,14,0,0,0
run131,20260123_164111,15,849,0,849
run131,20260123_164111,16,253,0,253
run131,20260123_164111,17,0,0,0
run131,20260123_164111,18,0,0,0
run131,20260123_164111,19,0,0,0
run132,20260123_164159,0,0,0,0
run132,20260123_164159,1,1,0,1
run132,20260123_164159,2,3,0,3
run132,20260123_164159,3,1,0,1
run132,20260123_164159,4,0,0,0
run132,20260123_164159,5,0,0,0
run132,20260123_164159,6,1,0,1
run132,20260123_164159,7,0,0,0
run132,20260123_164159,8,0,0,0
run132,20260123_164159,9,0,0,0
run132,20260123_164159,10,0,0,0
run132,20260123_164159,11,2,0,2
run132,20260123_164159,12,1,0,1
run132,20260123_164159,13,1,0,1
run132,20260123_164159,14,2001,0,2001
run132,20260123_164159,15,0,0,0
run132,20260123_164159,16,4,0,4
run132,20260123_164159,17,0,0,0
run132,20260123_164159,18,0,0,0
run132,20260123_164159,19,0,0,0
run133,20260123_164247,0,0,0,0
run133,20260123_164247,1,1,0,1
run133,20260123_164247,2,2,0,2
run133,20260123_164247,3,0,0,0
run133,20260123_164247,4,1,0,1
run133,20260123_164247,5,1,0,1
run133,20260123_164247,6,0,0,0
run133,20260123_164247,7,0,0,0
run133,20260123_164247,8,0,0,0
run133,20260123_164247,9,0,0,0
run133,20260123_164247,10,2,0,2
run133,20260123_164247,11,2,0,2
run133,20260123_164247,12,2001,0,2001
run133,20260123_164247,13,0,0,0
run133,20260123_164247,14,0,0,0
run133,20260123_164247,15,1,0,1
run133,20260123_164247,16,1,0,1
run133,20260123_164247,17,0,0,0
run133,20260123_164247,18,0,0,0
run133,20260123_164247,19,0,0,0
run134,20260123_164335,0,1,0,1
run134,20260123_164335,1,2,0,2
run134,20260123_164335,2,2,0,2
run134,20260123_164335,3,1,0,1
run134,20260123_164335,4,2,0,2
run134,20260123_164335,5,1,0,1
run134,20260123_164335,6,2,0,2
run134,20260123_164335,7,1,0,1
run134,20260123_164335,8,0,0,0
run134,20260123_164335,9,0,0,0
run134,20260123_164335,10,3,0,3
run134,20260123_164335,11,2,0,2
run134,20260123_164335,12,573,0,573
run134,20260123_164335,13,1427,0,1427
run134,20260123_164335,14,2,0,2
run134,20260123_164335,15,0,0,0
run134,20260123_164335,16,2,0,2
run134,20260123_164335,17,0,0,0
run134,20260123_164335,18,0,0,0
run134,20260123_164335,19,0,0,0
run135,20260123_164423,0,1,0,1
run135,20260123_164423,1,1,0,1
run135,20260123_164423,2,2,0,2
run135,20260123_164423,3,1,0,1
run135,20260123_164423,4,1,0,1
run135,20260123_164423,5,0,0,0
run135,20260123_164423,6,0,0,0
run135,20260123_164423,7,2,0,2
run135,20260123_164423,8,0,0,0
run135,20260123_164423,9,0,0,0
run135,20260123_164423,10,1,0,1
run135,20260123_164423,11,0,0,0
run135,20260123_164423,12,1,0,1
run135,20260123_164423,13,2,0,2
run135,20260123_164423,14,1,0,1
run135,20260123_164423,15,2,0,2
run135,20260123_164423,16,1,0,1
run135,20260123_164423,17,0,0,0
run135,20260123_164423,18,0,0,0
run135,20260123_164423,19,0,0,0
run136,20260123_164511,0,0,0,0
run136,20260123_164511,1,1,0,1
run136,20260123_164511,2,2,0,2
run136,20260123_164511,3,1,0,1
run136,20260123_164511,4,1,0,1
run136,20260123_164511,5,2,0,2
run136,20260123_164511,6,0,0,0
run136,20260123_164511,7,1,0,1
run136,20260123_164511,8,0,0,0
run136,20260123_164511,9,0,0,0
run136,20260123_164511,10,1,0,1
run136,20260123_164511,11,2,0,2
run136,20260123_164511,12,2,0,2
run136,20260123_164511,13,2,0,2
run136,20260123_164511,14,1,0,1
run136,20260123_164511,15,2001,0,2001
run136,20260123_164511,16,4,0,4
run136,20260123_164511,17,0,0,0
run136,20260123_164511,18,0,0,0
run136,20260123_164511,19,0,0,0
run137,20260123_164558,0,0,0,0
run137,20260123_164558,1,1,0,1
run137,20260123_164558,2,3,0,3
run137,20260123_164558,3,0,0,0
run137,20260123_164558,4,0,0,0
run137,20260123_164558,5,1,0,1
run137,20260123_164558,6,2,0,2
run137,20260123_164558,7,0,0,0
run137,20260123_164558,8,0,0,0
run137,20260123_164558,9,0,0,0
run137,20260123_164558,10,3,0,3
run137,20260123_164558,11,1,0,1
run137,20260123_164558,12,2,0,2
run137,20260123_164558,13,2,0,2
run137,20260123_164558,14,5,0,5
run137,20260123_164558,15,1,0,1
run137,20260123_164558,16,2,0,2
run137,20260123_164558,17,13,0,13
run137,20260123_164558,18,0,0,0
run137,20260123_164558,19,0,0,0
run138,20260123_164646,0,43,0,43
run138,20260123_164646,1,46,0,46
run138,20260123_164646,2,4,0,4
run138,20260123_164646,3,1955,0,1955
run138,20260123_164646,4,0,0,0
run138,20260123_164646,5,1,0,1
run138,20260123_164646,6,2,0,2
run138,20260123_164646,7,1,0,1
run138,20260123_164646,8,0,0,0
run138,20260123_164646,9,0,0,0
run138,20260123_164646,10,3,0,3
run138,20260123_164646,11,2,0,2
run138,20260123_164646,12,2,0,2
run138,20260123_164646,13,1,0,1
run138,20260123_164646,14,1,0,1
run138,20260123_164646,15,2,0,2
run138,20260123_164646,16,0,0,0
run138,20260123_164646,17,0,0,0
run138,20260123_164646,18,0,0,0
run138,20260123_164646,19,0,0,0
run139,20260123_164734,0,0,0,0
run139,20260123_164734,1,0,0,0
run139,20260123_164734,2,2,0,2
run139,20260123_164734,3,1,0,1
run139,20260123_164734,4,1,0,1
run139,20260123_164734,5,1,0,1
run139,20260123_164734,6,1,0,1
run139,20260123_164734,7,1,0,1
run139,20260123_164734,8,0,0,0
run139,20260123_164734,9,0,0,0
run139,20260123_164734,10,2,0,2
run139,20260123_164734,11,1,0,1
run139,20260123_164734,12,0,0,0
run139,20260123_164734,13,2002,0,2002
run139,20260123_164734,14,1,0,1
run139,20260123_164734,15,0,0,0
run139,20260123_164734,16,2,0,2
run139,20260123_164734,17,0,0,0
run139,20260123_164734,18,0,0,0
run139,20260123_164734,19,0,0,0
run14,20260123_150554,0,0,0,0
run14,20260123_150554,1,2,0,2
run14,20260123_150554,2,2,0,2
run14,20260123_150554,3,0,0,0
run14,20260123_150554,4,1,0,1
run14,20260123_150554,5,4,0,4
run14,20260123_150554,6,2,0,2
run14,20260123_150554,7,1,0,1
run14,20260123_150554,8,0,0,0
run14,20260123_150554,9,0,0,0
run14,20260123_150554,10,1,0,1
run14,20260123_150554,11,0,0,0
run14,20260123_150554,12,14,0,14
run14,20260123_150554,13,1,0,1
run14,20260123_150554,14,0,0,0
run14,20260123_150554,15,0,0,0
run14,20260123_150554,16,1882,0,1882
run14,20260123_150554,17,0,0,0
run14,20260123_150554,18,0,0,0
run14,20260123_150554,19,0,0,0
run140,20260123_164822,0,3,0,3
run140,20260123_164822,1,6,0,6
run140,20260123_164822,2,3,0,3
run140,20260123_164822,3,2,0,2
run140,20260123_164822,4,0,0,0
run140,20260123_164822,5,2,0,2
run140,20260123_164822,6,0,0,0
run140,20260123_164822,7,2,0,2
run140,20260123_164822,8,0,0,0
run140,20260123_164822,9,0,0,0
run140,20260123_164822,10,1,0,1
run140,20260123_164822,11,0,0,0
run140,20260123_164822,12,1,0,1
run140,20260123_164822,13,0,0,0
run140,20260123_164822,14,1,0,1
run140,20260123_164822,15,1,0,1
run140,20260123_164822,16,4,0,4
run140,20260123_164822,17,137,0,137
run140,20260123_164822,18,0,0,0
run140,20260123_164822,19,0,0,0
run141,20260123_164910,0,0,0,0
run141,20260123_164910,1,2,0,2
run141,20260123_164910,2,0,0,0
run141,20260123_164910,3,1,0,1
run141,20260123_164910,4,0,0,0
run141,20260123_164910,5,4,0,4
run141,20260123_164910,6,2,0,2
run141,20260123_164910,7,1,0,1
run141,20260123_164910,8,0,0,0
run141,20260123_164910,9,0,0,0
run141,20260123_164910,10,0,0,0
run141,20260123_164910,11,0,0,0
run141,20260123_164910,12,2,0,2
run141,20260123_164910,13,1,0,1
run141,20260123_164910,14,1,0,1
run141,20260123_164910,15,2,0,2
run141,20260123_164910,16,5,0,5
run141,20260123_164910,17,0,0,0
run141,20260123_164910,18,0,0,0
run141,20260123_164910,19,0,0,0
run142,20260123_164958,0,0,0,0
run142,20260123_164958,1,1,0,1
run142,20260123_164958,2,2,0,2
run142,20260123_164958,3,1,0,1
run142,20260123_164958,4,1,0,1
run142,20260123_164958,5,1595,18,1613
run142,20260123_164958,6,0,0,0
run142,20260123_164958,7,0,0,0
run142,20260123_164958,8,0,0,0
run142,20260123_164958,9,0,0,0
run142,20260123_164958,10,0,0,0
run142,20260123_164958,11,0,0,0
run142,20260123_164958,12,1,0,1
run142,20260123_164958,13,0,0,0
run142,20260123_164958,14,0,0,0
run142,20260123_164958,15,1,0,1
run142,20260123_164958,16,2,0,2
run142,20260123_164958,17,0,0,0
run142,20260123_164958,18,0,0,0
run142,20260123_164958,19,0,0,0
run142,20260123_164959,0,0,0,0
run142,20260123_164959,1,1,0,1
run142,20260123_164959,2,2,0,2
run142,20260123_164959,3,1,0,1
run142,20260123_164959,4,1,0,1
run142,20260123_164959,5,1595,18,1613
run142,20260123_164959,6,0,0,0
run142,20260123_164959,7,0,0,0
run142,20260123_164959,8,0,0,0
run142,20260123_164959,9,0,0,0
run142,20260123_164959,10,0,0,0
run142,20260123_164959,11,0,0,0
run142,20260123_164959,12,1,0,1
run142,20260123_164959,13,0,0,0
run142,20260123_164959,14,0,0,0
run142,20260123_164959,15,1,0,1
run142,20260123_164959,16,2,0,2
run142,20260123_164959,17,0,0,0
run142,20260123_164959,18,0,0,0
run142,20260123_164959,19,0,0,0
run143,20260123_165051,0,1,0,1
run143,20260123_165051,1,0,0,0
run143,20260123_165051,2,3,0,3
run143,20260123_165051,3,1,0,1
run143,20260123_165051,4,2,0,2
run143,20260123_165051,5,1,0,1
run143,20260123_165051,6,1,0,1
run143,20260123_165051,7,0,0,0
run143,20260123_165051,8,0,0,0
run143,20260123_165051,9,0,0,0
run143,20260123_165051,10,1,0,1
run143,20260123_165051,11,1,0,1
run143,20260123_165051,12,2,0,2
run143,20260123_165051,13,0,0,0
run143,20260123_165051,14,125,0,125
run143,20260123_165051,15,1876,0,1876
run143,20260123_165051,16,2,0,2
run143,20260123_165051,17,0,0,0
run143,20260123_165051,18,0,0,0
run143,20260123_165051,19,0,0,0
run144,20260123_165139,0,0,0,0
run144,20260123_165139,1,1,1,2
run144,20260123_165139,2,2,0,2
run144,20260123_165139,3,245,0,245
run144,20260123_165139,4,2,0,2
run144,20260123_165139,5,3,0,3
run144,20260123_165139,6,1,0,1
run144,20260123_165139,7,1,0,1
run144,20260123_165139,8,0,0,0
run144,20260123_165139,9,0,0,0
run144,20260123_165139,10,0,1,1
run144,20260123_165139,11,218,0,218
run144,20260123_165139,12,0,0,0
run144,20260123_165139,13,1,1,2
run144,20260123_165139,14,0,1,1
run144,20260123_165139,15,1,0,1
run144,20260123_165139,16,8,0,8
run144,20260123_165139,17,0,0,0
run144,20260123_165139,18,0,0,0
run144,20260123_165139,19,0,0,0
run145,20260123_165227,0,0,0,0
run145,20260123_165227,1,1,0,1
run145,20260123_165227,2,1,0,1
run145,20260123_165227,3,1,0,1
run145,20260123_165227,4,2001,0,2001
run145,20260123_165227,5,3,0,3
run145,20260123_165227,6,0,0,0
run145,20260123_165227,7,0,0,0
run145,20260123_165227,8,0,0,0
run145,20260123_165227,9,0,0,0
run145,20260123_165227,10,0,0,0
run145,20260123_165227,11,1,0,1
run145,20260123_165227,12,2,0,2
run145,20260123_165227,13,1,0,1
run145,20260123_165227,14,1,0,1
run145,20260123_165227,15,0,0,0
run145,20260123_165227,16,1,0,1
run145,20260123_165227,17,0,0,0
run145,20260123_165227,18,0,0,0
run145,20260123_165227,19,0,0,0
run146,20260123_165319,0,0,0,0
run146,20260123_165319,1,1,0,1
run146,20260123_165319,2,2,0,2
run146,20260123_165319,3,2,0,2
run146,20260123_165319,4,1,0,1
run146,20260123_165319,5,0,0,0
run146,20260123_165319,6,0,0,0
run146,20260123_165319,7,0,0,0
run146,20260123_165319,8,0,0,0
run146,20260123_165319,9,0,0,0
run146,20260123_165319,10,1,0,1
run146,20260123_165319,11,1,0,1
run146,20260123_165319,12,2,0,2
run146,20260123_165319,13,1,0,1
run146,20260123_165319,14,1,0,1
run146,20260123_165319,15,1,0,1
run146,20260123_165319,16,1844,0,1844
run146,20260123_165319,17,0,0,0
run146,20260123_165319,18,0,0,0
run146,20260123_165319,19,0,0,0
run147,20260123_165407,0,50,886,936
run147,20260123_165407,1,5,888,893
run147,20260123_165407,2,8,886,894
run147,20260123_165407,3,7,885,892
run147,20260123_165407,4,4,885,889
run147,20260123_165407,5,1,0,1
run147,20260123_165407,6,1,0,1
run147,20260123_165407,7,0,0,0
run147,20260123_165407,8,0,0,0
run147,20260123_165407,9,0,2,2
run147,20260123_165407,10,0,0,0
run147,20260123_165407,11,2,1,3
run147,20260123_165407,12,1,0,1
run147,20260123_165407,13,0,0,0
run147,20260123_165407,14,2,0,2
run147,20260123_165407,15,0,0,0
run147,20260123_165407,16,54,850,904
run147,20260123_165407,17,20,135,155
run147,20260123_165407,18,0,1,1
run147,20260123_165407,19,0,0,0
run148,20260123_165455,0,0,0,0
run148,20260123_165455,1,0,0,0
run148,20260123_165455,2,1,0,1
run148,20260123_165455,3,0,0,0
run148,20260123_165455,4,1,0,1
run148,20260123_165455,5,2,0,2
run148,20260123_165455,6,2,0,2
run148,20260123_165455,7,2000,0,2000
run148,20260123_165455,8,0,0,0
run148,20260123_165455,9,0,0,0
run148,20260123_165455,10,0,0,0
run148,20260123_165455,11,0,0,0
run148,20260123_165455,12,1,0,1
run148,20260123_165455,13,2,0,2
run148,20260123_165455,14,0,0,0
run148,20260123_165455,15,0,0,0
run148,20260123_165455,16,0,0,0
run148,20260123_165455,17,0,0,0
run148,20260123_165455,18,0,0,0
run148,20260123_165455,19,0,0,0
run149,20260123_165543,0,0,0,0
run149,20260123_165543,1,1,0,1
run149,20260123_165543,2,3,0,3
run149,20260123_165543,3,1,0,1
run149,20260123_165543,4,1,0,1
run149,20260123_165543,5,0,0,0
run149,20260123_165543,6,2,0,2
run149,20260123_165543,7,0,0,0
run149,20260123_165543,8,0,0,0
run149,20260123_165543,9,0,0,0
run149,20260123_165543,10,0,0,0
run149,20260123_165543,11,1,0,1
run149,20260123_165543,12,0,0,0
run149,20260123_165543,13,0,0,0
run149,20260123_165543,14,0,0,0
run149,20260123_165543,15,1,0,1
run149,20260123_165543,16,1,0,1
run149,20260123_165543,17,460,0,460
run149,20260123_165543,18,0,0,0
run149,20260123_165543,19,0,0,0
run15,20260123_150646,0,2,0,2
run15,20260123_150646,1,1,0,1
run15,20260123_150646,2,0,0,0
run15,20260123_150646,3,3,0,3
run15,20260123_150646,4,0,0,0
run15,20260123_150646,5,2,0,2
run15,20260123_150646,6,1721,0,1721
run15,20260123_150646,7,0,0,0
run15,20260123_150646,8,0,0,0
run15,20260123_150646,9,0,0,0
run15,20260123_150646,10,1,0,1
run15,20260123_150646,11,43,0,43
run15,20260123_150646,12,0,0,0
run15,20260123_150646,13,2,0,2
run15,20260123_150646,14,0,0,0
run15,20260123_150646,15,1,0,1
run15,20260123_150646,16,2,0,2
run15,20260123_150646,17,0,0,0
run15,20260123_150646,18,0,0,0
run15,20260123_150646,19,0,0,0
run150,20260123_165635,0,2,3,5
run150,20260123_165635,1,1,2,3
run150,20260123_165635,2,1,2,3
run150,20260123_165635,3,0,1,1
run150,20260123_165635,4,2,1,3
run150,20260123_165635,5,1,0,1
run150,20260123_165635,6,0,1,1
run150,20260123_165635,7,0,1,1
run150,20260123_165635,8,0,1,1
run150,20260123_165635,9,0,2,2
run150,20260123_165635,10,0,1,1
run150,20260123_165635,11,1,1,2
run150,20260123_165635,12,2,0,2
run150,20260123_165635,13,0,0,0
run150,20260123_165635,14,2,0,2
run150,20260123_165635,15,2,0,2
run150,20260123_165635,16,1,0,1
run150,20260123_165635,17,0,0,0
run150,20260123_165635,18,0,1,1
run150,20260123_165635,19,0,0,0
run151,20260123_165723,0,0,0,0
run151,20260123_165723,1,2,0,2
run151,20260123_165723,2,1,0,1
run151,20260123_165723,3,1,0,1
run151,20260123_165723,4,1,0,1
run151,20260123_165723,5,1,0,1
run151,20260123_165723,6,1,0,1
run151,20260123_165723,7,1,0,1
run151,20260123_165723,8,0,0,0
run151,20260123_165723,9,0,0,0
run151,20260123_165723,10,0,0,0
run151,20260123_165723,11,3,0,3
run151,20260123_165723,12,1080,0,1080
run151,20260123_165723,13,0,0,0
run151,20260123_165723,14,0,0,0
run151,20260123_165723,15,1,0,1
run151,20260123_165723,16,1,0,1
run151,20260123_165723,17,0,0,0
run151,20260123_165723,18,0,0,0
run151,20260123_165723,19,0,0,0
run151,20260123_165722,0,0,0,0
run151,20260123_165722,1,2,0,2
run151,20260123_165722,2,1,0,1
run151,20260123_165722,3,1,0,1
run151,20260123_165722,4,1,0,1
run151,20260123_165722,5,1,0,1
run151,20260123_165722,6,1,0,1
run151,20260123_165722,7,1,0,1
run151,20260123_165722,8,0,0,0
run151,20260123_165722,9,0,0,0
run151,20260123_165722,10,0,0,0
run151,20260123_165722,11,3,0,3
run151,20260123_165722,12,1080,0,1080
run151,20260123_165722,13,0,0,0
run151,20260123_165722,14,0,0,0
run151,20260123_165722,15,1,0,1
run151,20260123_165722,16,1,0,1
run151,20260123_165722,17,0,0,0
run151,20260123_165722,18,0,0,0
run151,20260123_165722,19,0,0,0
run152,20260123_165810,0,0,0,0
run152,20260123_165810,1,1,1,2
run152,20260123_165810,2,3,1,4
run152,20260123_165810,3,0,0,0
run152,20260123_165810,4,0,0,0
run152,20260123_165810,5,2,1,3
run152,20260123_165810,6,3,0,3
run152,20260123_165810,7,3,0,3
run152,20260123_165810,8,0,1,1
run152,20260123_165810,9,0,2,2
run152,20260123_165810,10,1,0,1
run152,20260123_165810,11,3,1,4
run152,20260123_165810,12,2,0,2
run152,20260123_165810,13,2,0,2
run152,20260123_165810,14,861,0,861
run152,20260123_165810,15,1,0,1
run152,20260123_165810,16,4,0,4
run152,20260123_165810,17,0,0,0
run152,20260123_165810,18,0,1,1
run152,20260123_165810,19,0,0,0
run153,20260123_165902,0,0,0,0
run153,20260123_165902,1,2,0,2
run153,20260123_165902,2,2000,0,2000
run153,20260123_165902,3,0,0,0
run153,20260123_165902,4,1,0,1
run153,20260123_165902,5,0,0,0
run153,20260123_165902,6,1,0,1
run153,20260123_165902,7,1,0,1
run153,20260123_165902,8,0,0,0
run153,20260123_165902,9,0,0,0
run153,20260123_165902,10,1,0,1
run153,20260123_165902,11,0,0,0
run153,20260123_165902,12,1,0,1
run153,20260123_165902,13,1,0,1
run153,20260123_165902,14,0,0,0
run153,20260123_165902,15,1,0,1
run153,20260123_165902,16,1,0,1
run153,20260123_165902,17,1,0,1
run153,20260123_165902,18,0,0,0
run153,20260123_165902,19,0,0,0
run154,20260123_165950,0,0,0,0
run154,20260123_165950,1,1,0,1
run154,20260123_165950,2,3,0,3
run154,20260123_165950,3,2,0,2
run154,20260123_165950,4,0,0,0
run154,20260123_165950,5,2001,0,2001
run154,20260123_165950,6,0,0,0
run154,20260123_165950,7,0,0,0
run154,20260123_165950,8,0,0,0
run154,20260123_165950,9,0,0,0
run154,20260123_165950,10,1,0,1
run154,20260123_165950,11,1,0,1
run154,20260123_165950,12,1,0,1
run154,20260123_165950,13,4,0,4
run154,20260123_165950,14,1,0,1
run154,20260123_165950,15,0,0,0
run154,20260123_165950,16,3,0,3
run154,20260123_165950,17,0,0,0
run154,20260123_165950,18,0,0,0
run154,20260123_165950,19,0,0,0
run155,20260123_170038,0,1,0,1
run155,20260123_170038,1,0,0,0
run155,20260123_170038,2,1,0,1
run155,20260123_170038,3,1,0,1
run155,20260123_170038,4,2000,0,2000
run155,20260123_170038,5,0,0,0
run155,20260123_170038,6,0,0,0
run155,20260123_170038,7,0,0,0
run155,20260123_170038,8,0,0,0
run155,20260123_170038,9,0,0,0
run155,20260123_170038,10,0,0,0
run155,20260123_170038,11,0,0,0
run155,20260123_170038,12,2,0,2
run155,20260123_170038,13,1,0,1
run155,20260123_170038,14,2,0,2
run155,20260123_170038,15,1,0,1
run155,20260123_170038,16,1,0,1
run155,20260123_170038,17,0,0,0
run155,20260123_170038,18,0,0,0
run155,20260123_170038,19,0,0,0
run156,20260123_170126,0,1,1,2
run156,20260123_170126,1,0,2,2
run156,20260123_170126,2,4,0,4
run156,20260123_170126,3,1,0,1
run156,20260123_170126,4,1,0,1
run156,20260123_170126,5,1657,0,1657
run156,20260123_170126,6,1,0,1
run156,20260123_170126,7,1,0,1
run156,20260123_170126,8,0,1,1
run156,20260123_170126,9,0,0,0
run156,20260123_170126,10,1,0,1
run156,20260123_170126,11,3,0,3
run156,20260123_170126,12,2,0,2
run156,20260123_170126,13,1,1,2
run156,20260123_170126,14,0,1,1
run156,20260123_170126,15,0,0,0
run156,20260123_170126,16,6,0,6
run156,20260123_170126,17,0,0,0
run156,20260123_170126,18,0,1,1
run156,20260123_170126,19,0,1,1
run157,20260123_170214,0,1,0,1
run157,20260123_170214,1,174,0,174
run157,20260123_170214,2,24,0,24
run157,20260123_170214,3,1,0,1
run157,20260123_170214,4,3,0,3
run157,20260123_170214,5,1,0,1
run157,20260123_170214,6,3,0,3
run157,20260123_170214,7,0,0,0
run157,20260123_170214,8,0,0,0
run157,20260123_170214,9,0,0,0
run157,20260123_170214,10,0,0,0
run157,20260123_170214,11,0,0,0
run157,20260123_170214,12,0,0,0
run157,20260123_170214,13,1,0,1
run157,20260123_170214,14,2,0,2
run157,20260123_170214,15,1,0,1
run157,20260123_170214,16,2,0,2
run157,20260123_170214,17,0,0,0
run157,20260123_170214,18,0,0,0
run157,20260123_170214,19,0,0,0
run158,20260123_170302,0,0,0,0
run158,20260123_170302,1,2000,0,2000
run158,20260123_170302,2,0,0,0
run158,20260123_170302,3,0,0,0
run158,20260123_170302,4,0,0,0
run158,20260123_170302,5,0,0,0
run158,20260123_170302,6,0,0,0
run158,20260123_170302,7,1,0,1
run158,20260123_170302,8,0,0,0
run158,20260123_170302,9,0,0,0
run158,20260123_170302,10,1,0,1
run158,20260123_170302,11,3,0,3
run158,20260123_170302,12,0,0,0
run158,20260123_170302,13,2,0,2
run158,20260123_170302,14,1,0,1
run158,20260123_170302,15,0,0,0
run158,20260123_170302,16,3,0,3
run158,20260123_170302,17,0,0,0
run158,20260123_170302,18,0,0,0
run158,20260123_170302,19,0,0,0
run159,20260123_170351,0,0,0,0
run159,20260123_170351,1,0,0,0
run159,20260123_170351,2,3,0,3
run159,20260123_170351,3,2,0,2
run159,20260123_170351,4,3,0,3
run159,20260123_170351,5,0,0,0
run159,20260123_170351,6,1,0,1
run159,20260123_170351,7,0,0,0
run159,20260123_170351,8,0,0,0
run159,20260123_170351,9,0,0,0
run159,20260123_170351,10,0,0,0
run159,20260123_170351,11,0,0,0
run159,20260123_170351,12,2,0,2
run159,20260123_170351,13,1,0,1
run159,20260123_170351,14,1,0,1
run159,20260123_170351,15,3,0,3
run159,20260123_170351,16,1,0,1
run159,20260123_170351,17,492,0,492
run159,20260123_170351,18,0,0,0
run159,20260123_170351,19,0,0,0
run159,20260123_170350,0,0,0,0
run159,20260123_170350,1,0,0,0
run159,20260123_170350,2,3,0,3
run159,20260123_170350,3,2,0,2
run159,20260123_170350,4,3,0,3
run159,20260123_170350,5,0,0,0
run159,20260123_170350,6,1,0,1
run159,20260123_170350,7,0,0,0
run159,20260123_170350,8,0,0,0
run159,20260123_170350,9,0,0,0
run159,20260123_170350,10,0,0,0
run159,20260123_170350,11,0,0,0
run159,20260123_170350,12,2,0,2
run159,20260123_170350,13,1,0,1
run159,20260123_170350,14,1,0,1
run159,20260123_170350,15,3,0,3
run159,20260123_170350,16,1,0,1
run159,20260123_170350,17,492,0,492
run159,20260123_170350,18,0,0,0
run159,20260123_170350,19,0,0,0
run16,20260123_150734,0,1,0,1
run16,20260123_150734,1,208,0,208
run16,20260123_150734,2,601,0,601
run16,20260123_150734,3,2000,0,2000
run16,20260123_150734,4,1,0,1
run16,20260123_150734,5,1,0,1
run16,20260123_150734,6,0,0,0
run16,20260123_150734,7,0,0,0
run16,20260123_150734,8,0,0,0
run16,20260123_150734,9,0,0,0
run16,20260123_150734,10,1,0,1
run16,20260123_150734,11,2,0,2
run16,20260123_150734,12,3,0,3
run16,20260123_150734,13,1,0,1
run16,20260123_150734,14,2,0,2
run16,20260123_150734,15,2,0,2
run16,20260123_150734,16,1,0,1
run16,20260123_150734,17,0,0,0
run16,20260123_150734,18,0,0,0
run16,20260123_150734,19,0,0,0
run160,20260123_170438,0,0,0,0
run160,20260123_170438,1,3,0,3
run160,20260123_170438,2,2,0,2
run160,20260123_170438,3,1,0,1
run160,20260123_170438,4,2,0,2
run160,20260123_170438,5,2,0,2
run160,20260123_170438,6,1,0,1
run160,20260123_170438,7,0,0,0
run160,20260123_170438,8,0,0,0
run160,20260123_170438,9,0,0,0
run160,20260123_170438,10,3,0,3
run160,20260123_170438,11,1,0,1
run160,20260123_170438,12,0,0,0
run160,20260123_170438,13,2001,0,2001
run160,20260123_170438,14,1,0,1
run160,20260123_170438,15,2,0,2
run160,20260123_170438,16,4,0,4
run160,20260123_170438,17,0,0,0
run160,20260123_170438,18,0,0,0
run160,20260123_170438,19,0,0,0
run161,20260123_170526,0,0,0,0
run161,20260123_170526,1,2,0,2
run161,20260123_170526,2,2,0,2
run161,20260123_170526,3,3,0,3
run161,20260123_170526,4,2000,0,2000
run161,20260123_170526,5,1,0,1
run161,20260123_170526,6,3,0,3
run161,20260123_170526,7,1,0,1
run161,20260123_170526,8,0,0,0
run161,20260123_170526,9,0,0,0
run161,20260123_170526,10,1,0,1
run161,20260123_170526,11,2,0,2
run161,20260123_170526,12,1,0,1
run161,20260123_170526,13,0,0,0
run161,20260123_170526,14,0,0,0
run161,20260123_170526,15,1,0,1
run161,20260123_170526,16,4,0,4
run161,20260123_170526,17,0,0,0
run161,20260123_170526,18,0,0,0
run161,20260123_170526,19,0,0,0
run162,20260123_170614,0,0,0,0
run162,20260123_170614,1,1,0,1
run162,20260123_170614,2,5,0,5
run162,20260123_170614,3,0,0,0
run162,20260123_170614,4,2,0,2
run162,20260123_170614,5,2001,0,2001
run162,20260123_170614,6,2,0,2
run162,20260123_170614,7,2,0,2
run162,20260123_170614,8,0,0,0
run162,20260123_170614,9,0,0,0
run162,20260123_170614,10,1,0,1
run162,20260123_170614,11,2,0,2
run162,20260123_170614,12,3,0,3
run162,20260123_170614,13,1,0,1
run162,20260123_170614,14,1,0,1
run162,20260123_170614,15,2,0,2
run162,20260123_170614,16,2,0,2
run162,20260123_170614,17,0,0,0
run162,20260123_170614,18,0,0,0
run162,20260123_170614,19,0,0,0
run163,20260123_170702,0,0,0,0
run163,20260123_170702,1,1,0,1
run163,20260123_170702,2,3,0,3
run163,20260123_170702,3,1,0,1
run163,20260123_170702,4,1,0,1
run163,20260123_170702,5,1,0,1
run163,20260123_170702,6,1,0,1
run163,20260123_170702,7,1,0,1
run163,20260123_170702,8,0,0,0
run163,20260123_170702,9,0,0,0
run163,20260123_170702,10,2000,0,2000
run163,20260123_170702,11,0,0,0
run163,20260123_170702,12,0,0,0
run163,20260123_170702,13,1,0,1
run163,20260123_170702,14,0,0,0
run163,20260123_170702,15,0,0,0
run163,20260123_170702,16,0,0,0
run163,20260123_170702,17,0,0,0
run163,20260123_170702,18,0,0,0
run163,20260123_170702,19,0,0,0
run164,20260123_170750,0,0,41,41
run164,20260123_170750,1,0,42,42
run164,20260123_170750,2,1,41,42
run164,20260123_170750,3,1,41,42
run164,20260123_170750,4,1,41,42
run164,20260123_170750,5,2,0,2
run164,20260123_170750,6,1,0,1
run164,20260123_170750,7,0,0,0
run164,20260123_170750,8,0,0,0
run164,20260123_170750,9,0,0,0
run164,20260123_170750,10,2,0,2
run164,20260123_170750,11,1938,0,1938
run164,20260123_170750,12,1,0,1
run164,20260123_170750,13,3,0,3
run164,20260123_170750,14,1,0,1
run164,20260123_170750,15,0,0,0
run164,20260123_170750,16,1,38,39
run164,20260123_170750,17,0,10,10
run164,20260123_170750,18,0,0,0
run164,20260123_170750,19,0,0,0
run165,20260123_170838,0,0,0,0
run165,20260123_170838,1,1,0,1
run165,20260123_170838,2,2,0,2
run165,20260123_170838,3,0,0,0
run165,20260123_170838,4,0,0,0
run165,20260123_170838,5,3,0,3
run165,20260123_170838,6,2,0,2
run165,20260123_170838,7,0,0,0
run165,20260123_170838,8,0,0,0
run165,20260123_170838,9,0,0,0
run165,20260123_170838,10,2,0,2
run165,20260123_170838,11,0,0,0
run165,20260123_170838,12,2000,0,2000
run165,20260123_170838,13,669,0,669
run165,20260123_170838,14,2,0,2
run165,20260123_170838,15,0,0,0
run165,20260123_170838,16,0,0,0
run165,20260123_170838,17,0,0,0
run165,20260123_170838,18,0,0,0
run165,20260123_170838,19,0,0,0
run165,20260123_170839,0,0,0,0
run165,20260123_170839,1,1,0,1
run165,20260123_170839,2,2,0,2
run165,20260123_170839,3,0,0,0
run165,20260123_170839,4,0,0,0
run165,20260123_170839,5,3,0,3
run165,20260123_170839,6,2,0,2
run165,20260123_170839,7,0,0,0
run165,20260123_170839,8,0,0,0
run165,20260123_170839,9,0,0,0
run165,20260123_170839,10,2,0,2
run165,20260123_170839,11,0,0,0
run165,20260123_170839,12,2000,0,2000
run165,20260123_170839,13,669,0,669
run165,20260123_170839,14,2,0,2
run165,20260123_170839,15,0,0,0
run165,20260123_170839,16,0,0,0
run165,20260123_170839,17,0,0,0
run165,20260123_170839,18,0,0,0
run165,20260123_170839,19,0,0,0
run166,20260123_170926,0,2,0,2
run166,20260123_170926,1,2,0,2
run166,20260123_170926,2,2001,0,2001
run166,20260123_170926,3,0,0,0
run166,20260123_170926,4,4,0,4
run166,20260123_170926,5,1,0,1
run166,20260123_170926,6,0,0,0
run166,20260123_170926,7,0,0,0
run166,20260123_170926,8,0,0,0
run166,20260123_170926,9,0,0,0
run166,20260123_170926,10,0,0,0
run166,20260123_170926,11,1,0,1
run166,20260123_170926,12,0,0,0
run166,20260123_170926,13,1,0,1
run166,20260123_170926,14,0,0,0
run166,20260123_170926,15,1,0,1
run166,20260123_170926,16,0,0,0
run166,20260123_170926,17,1,0,1
run166,20260123_170926,18,0,0,0
run166,20260123_170926,19,0,0,0
run167,20260123_171018,0,0,0,0
run167,20260123_171018,1,2,0,2
run167,20260123_171018,2,1,0,1
run167,20260123_171018,3,0,0,0
run167,20260123_171018,4,2,0,2
run167,20260123_171018,5,2,0,2
run167,20260123_171018,6,1,0,1
run167,20260123_171018,7,0,0,0
run167,20260123_171018,8,0,0,0
run167,20260123_171018,9,0,0,0
run167,20260123_171018,10,1,0,1
run167,20260123_171018,11,0,0,0
run167,20260123_171018,12,1,0,1
run167,20260123_171018,13,1,0,1
run167,20260123_171018,14,1,0,1
run167,20260123_171018,15,0,0,0
run167,20260123_171018,16,0,0,0
run167,20260123_171018,17,1,0,1
run167,20260123_171018,18,0,0,0
run167,20260123_171018,19,0,0,0
run168,20260123_171106,0,338,32,370
run168,20260123_171106,1,3,40,43
run168,20260123_171106,2,2,39,41
run168,20260123_171106,3,5,39,44
run168,20260123_171106,4,1,39,40
run168,20260123_171106,5,11,19,30
run168,20260123_171106,6,2,38,40
run168,20260123_171106,7,2,20,22
run168,20260123_171106,8,0,0,0
run168,20260123_171106,9,0,1,1
run168,20260123_171106,10,8,39,47
run168,20260123_171106,11,1,39,40
run168,20260123_171106,12,0,38,38
run168,20260123_171106,13,2,38,40
run168,20260123_171106,14,0,38,38
run168,20260123_171106,15,13,9,22
run168,20260123_171106,16,226,28,254
run168,20260123_171106,17,4,9,13
run168,20260123_171106,18,0,0,0
run168,20260123_171106,19,0,0,0
run169,20260123_171158,0,0,0,0
run169,20260123_171158,1,1,0,1
run169,20260123_171158,2,1,0,1
run169,20260123_171158,3,0,0,0
run169,20260123_171158,4,0,0,0
run169,20260123_171158,5,1,0,1
run169,20260123_171158,6,1,0,1
run169,20260123_171158,7,1,0,1
run169,20260123_171158,8,0,0,0
run169,20260123_171158,9,0,0,0
run169,20260123_171158,10,0,0,0
run169,20260123_171158,11,1,0,1
run169,20260123_171158,12,2000,0,2000
run169,20260123_171158,13,0,0,0
run169,20260123_171158,14,0,0,0
run169,20260123_171158,15,1,0,1
run169,20260123_171158,16,1,0,1
run169,20260123_171158,17,0,0,0
run169,20260123_171158,18,0,0,0
run169,20260123_171158,19,0,0,0
run17,20260123_150827,0,0,0,0
run17,20260123_150827,1,2,0,2
run17,20260123_150827,2,2,0,2
run17,20260123_150827,3,4,0,4
run17,20260123_150827,4,3,0,3
run17,20260123_150827,5,1,0,1
run17,20260123_150827,6,1,0,1
run17,20260123_150827,7,1,0,1
run17,20260123_150827,8,0,0,0
run17,20260123_150827,9,0,0,0
run17,20260123_150827,10,1,0,1
run17,20260123_150827,11,1,0,1
run17,20260123_150827,12,2001,0,2001
run17,20260123_150827,13,0,0,0
run17,20260123_150827,14,1,0,1
run17,20260123_150827,15,0,0,0
run17,20260123_150827,16,2,0,2
run17,20260123_150827,17,0,0,0
run17,20260123_150827,18,0,0,0
run17,20260123_150827,19,0,0,0
run170,20260123_171246,0,1,0,1
run170,20260123_171246,1,0,0,0
run170,20260123_171246,2,2,0,2
run170,20260123_171246,3,2,0,2
run170,20260123_171246,4,0,0,0
run170,20260123_171246,5,2,0,2
run170,20260123_171246,6,0,0,0
run170,20260123_171246,7,0,0,0
run170,20260123_171246,8,0,0,0
run170,20260123_171246,9,0,0,0
run170,20260123_171246,10,2002,0,2002
run170,20260123_171246,11,1,0,1
run170,20260123_171246,12,1,0,1
run170,20260123_171246,13,0,0,0
run170,20260123_171246,14,2,0,2
run170,20260123_171246,15,0,0,0
run170,20260123_171246,16,0,0,0
run170,20260123_171246,17,0,0,0
run170,20260123_171246,18,0,0,0
run170,20260123_171246,19,0,0,0
run171,20260123_171336,0,1,0,1
run171,20260123_171336,1,6,0,6
run171,20260123_171336,2,4,0,4
run171,20260123_171336,3,0,0,0
run171,20260123_171336,4,1,0,1
run171,20260123_171336,5,2,0,2
run171,20260123_171336,6,0,0,0
run171,20260123_171336,7,0,0,0
run171,20260123_171336,8,0,0,0
run171,20260123_171336,9,0,0,0
run171,20260123_171336,10,2,0,2
run171,20260123_171336,11,1,0,1
run171,20260123_171336,12,3,0,3
run171,20260123_171336,13,1,0,1
run171,20260123_171336,14,0,0,0
run171,20260123_171336,15,1,0,1
run171,20260123_171336,16,0,0,0
run171,20260123_171336,17,0,0,0
run171,20260123_171336,18,0,0,0
run171,20260123_171336,19,0,0,0
run172,20260123_171425,0,2,1,3
run172,20260123_171425,1,1,1,2
run172,20260123_171425,2,3,1,4
run172,20260123_171425,3,0,0,0
run172,20260123_171425,4,1,0,1
run172,20260123_171425,5,1,0,1
run172,20260123_171425,6,0,0,0
run172,20260123_171425,7,0,0,0
run172,20260123_171425,8,0,0,0
run172,20260123_171425,9,0,0,0
run172,20260123_171425,10,0,0,0
run172,20260123_171425,11,1,0,1
run172,20260123_171425,12,1,0,1
run172,20260123_171425,13,0,0,0
run172,20260123_171425,14,0,0,0
run172,20260123_171425,15,1,0,1
run172,20260123_171425,16,1,0,1
run172,20260123_171425,17,1,0,1
run172,20260123_171425,18,0,0,0
run172,20260123_171425,19,0,0,0
run173,20260123_171517,0,2,0,2
run173,20260123_171517,1,2,0,2
run173,20260123_171517,2,2,0,2
run173,20260123_171517,3,1,0,1
run173,20260123_171517,4,2,0,2
run173,20260123_171517,5,1996,0,1996
run173,20260123_171517,6,1675,0,1675
run173,20260123_171517,7,0,0,0
run173,20260123_171517,8,0,0,0
run173,20260123_171517,9,0,0,0
run173,20260123_171517,10,0,0,0
run173,20260123_171517,11,3,0,3
run173,20260123_171517,12,0,0,0
run173,20260123_171517,13,0,0,0
run173,20260123_171517,14,0,0,0
run173,20260123_171517,15,15,0,15
run173,20260123_171517,16,1,0,1
run173,20260123_171517,17,0,0,0
run173,20260123_171517,18,0,0,0
run173,20260123_171517,19,0,0,0
run174,20260123_171609,0,1,0,1
run174,20260123_171609,1,770,0,770
run174,20260123_171609,2,4,0,4
run174,20260123_171609,3,5,0,5
run174,20260123_171609,4,1,0,1
run174,20260123_171609,5,3,0,3
run174,20260123_171609,6,0,0,0
run174,20260123_171609,7,0,0,0
run174,20260123_171609,8,0,0,0
run174,20260123_171609,9,0,0,0
run174,20260123_171609,10,1,0,1
run174,20260123_171609,11,0,0,0
run174,20260123_171609,12,1,0,1
run174,20260123_171609,13,3,0,3
run174,20260123_171609,14,2,0,2
run174,20260123_171609,15,2,0,2
run174,20260123_171609,16,1145,0,1145
run174,20260123_171609,17,1,0,1
run174,20260123_171609,18,0,0,0
run174,20260123_171609,19,0,0,0
run175,20260123_171657,0,3,0,3
run175,20260123_171657,1,3,0,3
run175,20260123_171657,2,2,0,2
run175,20260123_171657,3,253,0,253
run175,20260123_171657,4,2,0,2
run175,20260123_171657,5,1,0,1
run175,20260123_171657,6,2,283,285
run175,20260123_171657,7,0,194,194
run175,20260123_171657,8,0,0,0
run175,20260123_171657,9,0,0,0
run175,20260123_171657,10,0,372,372
run175,20260123_171657,11,1,372,373
run175,20260123_171657,12,2,371,373
run175,20260123_171657,13,2,371,373
run175,20260123_171657,14,2,369,371
run175,20260123_171657,15,0,0,0
run175,20260123_171657,16,2,0,2
run175,20260123_171657,17,0,0,0
run175,20260123_171657,18,0,0,0
run175,20260123_171657,19,0,0,0
run176,20260123_171746,0,1940,31,1971
run176,20260123_171746,1,1,37,38
run176,20260123_171746,2,1,38,39
run176,20260123_171746,3,0,37,37
run176,20260123_171746,4,0,37,37
run176,20260123_171746,5,15,15,30
run176,20260123_171746,6,2,35,37
run176,20260123_171746,7,0,22,22
run176,20260123_171746,8,0,0,0
run176,20260123_171746,9,0,0,0
run176,20260123_171746,10,3,37,40
run176,20260123_171746,11,1,37,38
run176,20260123_171746,12,0,36,36
run176,20260123_171746,13,1,35,36
run176,20260123_171746,14,0,35,35
run176,20260123_171746,15,17,10,27
run176,20260123_171746,16,5,29,34
run176,20260123_171746,17,2,12,14
run176,20260123_171746,18,0,1,1
run176,20260123_171746,19,0,0,0
run176,20260123_171745,0,1940,31,1971
run176,20260123_171745,1,1,37,38
run176,20260123_171745,2,1,38,39
run176,20260123_171745,3,0,37,37
run176,20260123_171745,4,0,37,37
run176,20260123_171745,5,15,15,30
run176,20260123_171745,6,2,35,37
run176,20260123_171745,7,0,22,22
run176,20260123_171745,8,0,0,0
run176,20260123_171745,9,0,0,0
run176,20260123_171745,10,3,37,40
run176,20260123_171745,11,1,37,38
run176,20260123_171745,12,0,36,36
run176,20260123_171745,13,1,35,36
run176,20260123_171745,14,0,35,35
run176,20260123_171745,15,17,10,27
run176,20260123_171745,16,5,29,34
run176,20260123_171745,17,2,12,14
run176,20260123_171745,18,0,1,1
run176,20260123_171745,19,0,0,0
run177,20260123_171834,0,0,0,0
run177,20260123_171834,1,4,0,4
run177,20260123_171834,2,2,0,2
run177,20260123_171834,3,0,0,0
run177,20260123_171834,4,4,0,4
run177,20260123_171834,5,3,0,3
run177,20260123_171834,6,0,0,0
run177,20260123_171834,7,1,0,1
run177,20260123_171834,8,0,0,0
run177,20260123_171834,9,0,0,0
run177,20260123_171834,10,3,0,3
run177,20260123_171834,11,0,0,0
run177,20260123_171834,12,3,0,3
run177,20260123_171834,13,1,0,1
run177,20260123_171834,14,1,0,1
run177,20260123_171834,15,0,0,0
run177,20260123_171834,16,0,0,0
run177,20260123_171834,17,448,0,448
run177,20260123_171834,18,0,0,0
run177,20260123_171834,19,0,0,0
run178,20260123_171922,0,3,1,4
run178,20260123_171922,1,2,1,3
run178,20260123_171922,2,3,1,4
run178,20260123_171922,3,1,1,2
run178,20260123_171922,4,2,1,3
run178,20260123_171922,5,0,0,0
run178,20260123_171922,6,1,0,1
run178,20260123_171922,7,0,0,0
run178,20260123_171922,8,0,0,0
run178,20260123_171922,9,0,0,0
run178,20260123_171922,10,0,0,0
run178,20260123_171922,11,0,0,0
run178,20260123_171922,12,1,0,1
run178,20260123_171922,13,2,0,2
run178,20260123_171922,14,3,0,3
run178,20260123_171922,15,3,0,3
run178,20260123_171922,16,2,0,2
run178,20260123_171922,17,1,1,2
run178,20260123_171922,18,0,0,0
run178,20260123_171922,19,0,0,0
run179,20260123_172010,0,1,0,1
run179,20260123_172010,1,1,0,1
run179,20260123_172010,2,1,0,1
run179,20260123_172010,3,0,0,0
run179,20260123_172010,4,1,0,1
run179,20260123_172010,5,3,0,3
run179,20260123_172010,6,3,0,3
run179,20260123_172010,7,2,0,2
run179,20260123_172010,8,0,0,0
run179,20260123_172010,9,0,0,0
run179,20260123_172010,10,0,0,0
run179,20260123_172010,11,0,0,0
run179,20260123_172010,12,1,0,1
run179,20260123_172010,13,1,0,1
run179,20260123_172010,14,0,0,0
run179,20260123_172010,15,1,0,1
run179,20260123_172010,16,2,0,2
run179,20260123_172010,17,0,0,0
run179,20260123_172010,18,0,0,0
run179,20260123_172010,19,0,0,0
run18,20260123_150919,0,0,304,304
run18,20260123_150919,1,3,304,307
run18,20260123_150919,2,1,299,300
run18,20260123_150919,3,1,294,295
run18,20260123_150919,4,1,293,294
run18,20260123_150919,5,2,0,2
run18,20260123_150919,6,2,0,2
run18,20260123_150919,7,2,0,2
run18,20260123_150919,8,0,0,0
run18,20260123_150919,9,0,0,0
run18,20260123_150919,10,17,0,17
run18,20260123_150919,11,0,0,0
run18,20260123_150919,12,3,0,3
run18,20260123_150919,13,0,0,0
run18,20260123_150919,14,1,0,1
run18,20260123_150919,15,1,0,1
run18,20260123_150919,16,1,210,211
run18,20260123_150919,17,0,128,128
run18,20260123_150919,18,0,0,0
run18,20260123_150919,19,0,0,0
run180,20260123_172057,0,1,0,1
run180,20260123_172057,1,1,0,1
run180,20260123_172057,2,2,0,2
run180,20260123_172057,3,1,0,1
run180,20260123_172057,4,2,0,2
run180,20260123_172057,5,1,1,2
run180,20260123_172057,6,0,0,0
run180,20260123_172057,7,0,0,0
run180,20260123_172057,8,0,0,0
run180,20260123_172057,9,0,0,0
run180,20260123_172057,10,0,0,0
run180,20260123_172057,11,0,0,0
run180,20260123_172057,12,3,0,3
run180,20260123_172057,13,1998,0,1998
run180,20260123_172057,14,3,0,3
run180,20260123_172057,15,2,0,2
run180,20260123_172057,16,2,0,2
run180,20260123_172057,17,0,0,0
run180,20260123_172057,18,0,0,0
run180,20260123_172057,19,0,0,0
run180,20260123_172058,0,1,0,1
run180,20260123_172058,1,1,0,1
run180,20260123_172058,2,2,0,2
run180,20260123_172058,3,1,0,1
run180,20260123_172058,4,2,0,2
run180,20260123_172058,5,1,1,2
run180,20260123_172058,6,0,0,0
run180,20260123_172058,7,0,0,0
run180,20260123_172058,8,0,0,0
run180,20260123_172058,9,0,0,0
run180,20260123_172058,10,0,0,0
run180,20260123_172058,11,0,0,0
run180,20260123_172058,12,3,0,3
run180,20260123_172058,13,1998,0,1998
run180,20260123_172058,14,3,0,3
run180,20260123_172058,15,2,0,2
run180,20260123_172058,16,2,0,2
run180,20260123_172058,17,0,0,0
run180,20260123_172058,18,0,0,0
run180,20260123_172058,19,0,0,0
run181,20260123_172149,0,2,1,3
run181,20260123_172149,1,2,1,3
run181,20260123_172149,2,3,1,4
run181,20260123_172149,3,1,1,2
run181,20260123_172149,4,1,1,2
run181,20260123_172149,5,1,0,1
run181,20260123_172149,6,1,0,1
run181,20260123_172149,7,1,0,1
run181,20260123_172149,8,0,0,0
run181,20260123_172149,9,0,0,0
run181,20260123_172149,10,2,0,2
run181,20260123_172149,11,1,0,1
run181,20260123_172149,12,1,0,1
run181,20260123_172149,13,2,0,2
run181,20260123_172149,14,2,0,2
run181,20260123_172149,15,1114,0,1114
run181,20260123_172149,16,820,0,820
run181,20260123_172149,17,0,1,1
run181,20260123_172149,18,0,0,0
run181,20260123_172149,19,0,0,0
run182,20260123_172241,0,670,26,696
run182,20260123_172241,1,1,32,33
run182,20260123_172241,2,0,31,31
run182,20260123_172241,3,0,31,31
run182,20260123_172241,4,1274,31,1305
run182,20260123_172241,5,12,13,25
run182,20260123_172241,6,0,28,28
run182,20260123_172241,7,0,17,17
run182,20260123_172241,8,0,0,0
run182,20260123_172241,9,0,1,1
run182,20260123_172241,10,18,30,48
run182,20260123_172241,11,4,31,35
run182,20260123_172241,12,1,31,32
run182,20260123_172241,13,0,31,31
run182,20260123_172241,14,1,30,31
run182,20260123_172241,15,9,10,19
run182,20260123_172241,16,8,24,32
run182,20260123_172241,17,1,9,10
run182,20260123_172241,18,0,0,0
run182,20260123_172241,19,0,0,0
run183,20260123_172333,0,0,0,0
run183,20260123_172333,1,3,0,3
run183,20260123_172333,2,3,0,3
run183,20260123_172333,3,3,0,3
run183,20260123_172333,4,2,0,2
run183,20260123_172333,5,1,0,1
run183,20260123_172333,6,1703,0,1703
run183,20260123_172333,7,0,0,0
run183,20260123_172333,8,0,0,0
run183,20260123_172333,9,0,0,0
run183,20260123_172333,10,1,0,1
run183,20260123_172333,11,0,0,0
run183,20260123_172333,12,3,0,3
run183,20260123_172333,13,1,0,1
run183,20260123_172333,14,2,0,2
run183,20260123_172333,15,2,0,2
run183,20260123_172333,16,2,0,2
run183,20260123_172333,17,0,0,0
run183,20260123_172333,18,0,0,0
run183,20260123_172333,19,0,0,0
run184,20260123_172421,0,1,0,1
run184,20260123_172421,1,2,0,2
run184,20260123_172421,2,1,0,1
run184,20260123_172421,3,1,0,1
run184,20260123_172421,4,0,0,0
run184,20260123_172421,5,4,0,4
run184,20260123_172421,6,1740,0,1740
run184,20260123_172421,7,1,0,1
run184,20260123_172421,8,0,0,0
run184,20260123_172421,9,0,0,0
run184,20260123_172421,10,1,0,1
run184,20260123_172421,11,0,0,0
run184,20260123_172421,12,0,0,0
run184,20260123_172421,13,0,0,0
run184,20260123_172421,14,2,0,2
run184,20260123_172421,15,2,0,2
run184,20260123_172421,16,2,0,2
run184,20260123_172421,17,0,0,0
run184,20260123_172421,18,0,0,0
run184,20260123_172421,19,0,0,0
run185,20260123_172510,0,0,0,0
run185,20260123_172510,1,3,0,3
run185,20260123_172510,2,1,0,1
run185,20260123_172510,3,2,0,2
run185,20260123_172510,4,0,0,0
run185,20260123_172510,5,1,0,1
run185,20260123_172510,6,1,1,2
run185,20260123_172510,7,2,0,2
run185,20260123_172510,8,0,0,0
run185,20260123_172510,9,0,0,0
run185,20260123_172510,10,3,0,3
run185,20260123_172510,11,1994,0,1994
run185,20260123_172510,12,1,0,1
run185,20260123_172510,13,2,0,2
run185,20260123_172510,14,0,0,0
run185,20260123_172510,15,1,0,1
run185,20260123_172510,16,1,0,1
run185,20260123_172510,17,0,0,0
run185,20260123_172510,18,0,0,0
run185,20260123_172510,19,0,0,0
run186,20260123_172557,0,1,0,1
run186,20260123_172557,1,2,0,2
run186,20260123_172557,2,1999,0,1999
run186,20260123_172557,3,0,0,0
run186,20260123_172557,4,0,0,0
run186,20260123_172557,5,1,0,1
run186,20260123_172557,6,0,0,0
run186,20260123_172557,7,0,0,0
run186,20260123_172557,8,0,0,0
run186,20260123_172557,9,0,0,0
run186,20260123_172557,10,0,0,0
run186,20260123_172557,11,3,0,3
run186,20260123_172557,12,1,0,1
run186,20260123_172557,13,1,0,1
run186,20260123_172557,14,1,0,1
run186,20260123_172557,15,1,0,1
run186,20260123_172557,16,2,0,2
run186,20260123_172557,17,0,0,0
run186,20260123_172557,18,0,0,0
run186,20260123_172557,19,0,0,0
run187,20260123_172650,0,1,0,1
run187,20260123_172650,1,3,0,3
run187,20260123_172650,2,0,0,0
run187,20260123_172650,3,0,0,0
run187,20260123_172650,4,0,0,0
run187,20260123_172650,5,3,0,3
run187,20260123_172650,6,1,0,1
run187,20260123_172650,7,1,0,1
run187,20260123_172650,8,0,0,0
run187,20260123_172650,9,0,0,0
run187,20260123_172650,10,0,0,0
run187,20260123_172650,11,0,0,0
run187,20260123_172650,12,0,0,0
run187,20260123_172650,13,0,0,0
run187,20260123_172650,14,3,0,3
run187,20260123_172650,15,0,0,0
run187,20260123_172650,16,2,0,2
run187,20260123_172650,17,442,0,442
run187,20260123_172650,18,0,0,0
run187,20260123_172650,19,0,0,0
run188,20260123_172742,0,1,0,1
run188,20260123_172742,1,2,0,2
run188,20260123_172742,2,0,0,0
run188,20260123_172742,3,2,0,2
run188,20260123_172742,4,1,0,1
run188,20260123_172742,5,0,0,0
run188,20260123_172742,6,0,0,0
run188,20260123_172742,7,1,0,1
run188,20260123_172742,8,0,0,0
run188,20260123_172742,9,0,0,0
run188,20260123_172742,10,0,0,0
run188,20260123_172742,11,1,0,1
run188,20260123_172742,12,3,0,3
run188,20260123_172742,13,1,0,1
run188,20260123_172742,14,2000,0,2000
run188,20260123_172742,15,1,0,1
run188,20260123_172742,16,3,0,3
run188,20260123_172742,17,0,0,0
run188,20260123_172742,18,0,0,0
run188,20260123_172742,19,0,0,0
run189,20260123_172830,0,0,0,0
run189,20260123_172830,1,3,1,4
run189,20260123_172830,2,5,0,5
run189,20260123_172830,3,3,0,3
run189,20260123_172830,4,2,0,2
run189,20260123_172830,5,1,23,24
run189,20260123_172830,6,0,0,0
run189,20260123_172830,7,1,0,1
run189,20260123_172830,8,0,0,0
run189,20260123_172830,9,0,0,0
run189,20260123_172830,10,1391,0,1391
run189,20260123_172830,11,2,0,2
run189,20260123_172830,12,0,0,0
run189,20260123_172830,13,0,0,0
run189,20260123_172830,14,2,1,3
run189,20260123_172830,15,1,1,2
run189,20260123_172830,16,2,0,2
run189,20260123_172830,17,0,0,0
run189,20260123_172830,18,0,0,0
run189,20260123_172830,19,0,0,0
run19,20260123_151006,0,0,0,0
run19,20260123_151006,1,5,0,5
run19,20260123_151006,2,3,0,3
run19,20260123_151006,3,0,0,0
run19,20260123_151006,4,0,0,0
run19,20260123_151006,5,1,0,1
run19,20260123_151006,6,1,0,1
run19,20260123_151006,7,0,0,0
run19,20260123_151006,8,0,0,0
run19,20260123_151006,9,0,0,0
run19,20260123_151006,10,0,0,0
run19,20260123_151006,11,1,0,1
run19,20260123_151006,12,2,0,2
run19,20260123_151006,13,2,0,2
run19,20260123_151006,14,2,0,2
run19,20260123_151006,15,2001,0,2001
run19,20260123_151006,16,0,0,0
run19,20260123_151006,17,0,0,0
run19,20260123_151006,18,0,0,0
run19,20260123_151006,19,0,0,0
run190,20260123_172920,0,1,0,1
run190,20260123_172920,1,2,0,2
run190,20260123_172920,2,3,0,3
run190,20260123_172920,3,2,0,2
run190,20260123_172920,4,0,0,0
run190,20260123_172920,5,2,0,2
run190,20260123_172920,6,0,0,0
run190,20260123_172920,7,0,0,0
run190,20260123_172920,8,0,0,0
run190,20260123_172920,9,0,0,0
run190,20260123_172920,10,2002,0,2002
run190,20260123_172920,11,0,0,0
run190,20260123_172920,12,1,0,1
run190,20260123_172920,13,1,0,1
run190,20260123_172920,14,1,0,1
run190,20260123_172920,15,1,0,1
run190,20260123_172920,16,3,0,3
run190,20260123_172920,17,0,0,0
run190,20260123_172920,18,0,0,0
run190,20260123_172920,19,0,0,0
run191,20260123_173008,0,0,0,0
run191,20260123_173008,1,0,0,0
run191,20260123_173008,2,2,0,2
run191,20260123_173008,3,0,0,0
run191,20260123_173008,4,2,0,2
run191,20260123_173008,5,0,0,0
run191,20260123_173008,6,0,0,0
run191,20260123_173008,7,1,0,1
run191,20260123_173008,8,0,0,0
run191,20260123_173008,9,0,0,0
run191,20260123_173008,10,2,0,2
run191,20260123_173008,11,1,0,1
run191,20260123_173008,12,148,0,148
run191,20260123_173008,13,2,0,2
run191,20260123_173008,14,0,0,0
run191,20260123_173008,15,0,0,0
run191,20260123_173008,16,1835,0,1835
run191,20260123_173008,17,3,0,3
run191,20260123_173008,18,0,0,0
run191,20260123_173008,19,0,0,0
run192,20260123_173056,0,0,0,0
run192,20260123_173056,1,4,0,4
run192,20260123_173056,2,3,0,3
run192,20260123_173056,3,2,0,2
run192,20260123_173056,4,1,0,1
run192,20260123_173056,5,2,0,2
run192,20260123_173056,6,1,0,1
run192,20260123_173056,7,2,0,2
run192,20260123_173056,8,0,0,0
run192,20260123_173056,9,0,0,0
run192,20260123_173056,10,1,0,1
run192,20260123_173056,11,0,0,0
run192,20260123_173056,12,1,0,1
run192,20260123_173056,13,1,0,1
run192,20260123_173056,14,334,0,334
run192,20260123_173056,15,2,0,2
run192,20260123_173056,16,3,0,3
run192,20260123_173056,17,0,0,0
run192,20260123_173056,18,0,0,0
run192,20260123_173056,19,0,0,0
run193,20260123_173144,0,0,0,0
run193,20260123_173144,1,0,0,0
run193,20260123_173144,2,1,0,1
run193,20260123_173144,3,0,0,0
run193,20260123_173144,4,1,0,1
run193,20260123_173144,5,0,0,0
run193,20260123_173144,6,1,0,1
run193,20260123_173144,7,0,0,0
run193,20260123_173144,8,0,0,0
run193,20260123_173144,9,0,0,0
run193,20260123_173144,10,2,0,2
run193,20260123_173144,11,1,0,1
run193,20260123_173144,12,1,0,1
run193,20260123_173144,13,1,0,1
run193,20260123_173144,14,1,0,1
run193,20260123_173144,15,2,0,2
run193,20260123_173144,16,2,0,2
run193,20260123_173144,17,335,0,335
run193,20260123_173144,18,0,0,0
run193,20260123_173144,19,0,0,0
run194,20260123_173232,0,0,0,0
run194,20260123_173232,1,3,0,3
run194,20260123_173232,2,4,0,4
run194,20260123_173232,3,0,0,0
run194,20260123_173232,4,1,0,1
run194,20260123_173232,5,1,0,1
run194,20260123_173232,6,1,0,1
run194,20260123_173232,7,0,0,0
run194,20260123_173232,8,0,0,0
run194,20260123_173232,9,0,0,0
run194,20260123_173232,10,0,0,0
run194,20260123_173232,11,2,0,2
run194,20260123_173232,12,1,0,1
run194,20260123_173232,13,0,0,0
run194,20260123_173232,14,2,0,2
run194,20260123_173232,15,0,0,0
run194,20260123_173232,16,1,0,1
run194,20260123_173232,17,0,0,0
run194,20260123_173232,18,0,0,0
run194,20260123_173232,19,0,0,0
run195,20260123_173319,0,1,0,1
run195,20260123_173319,1,2,0,2
run195,20260123_173319,2,2,0,2
run195,20260123_173319,3,1472,0,1472
run195,20260123_173319,4,1,0,1
run195,20260123_173319,5,0,0,0
run195,20260123_173319,6,0,0,0
run195,20260123_173319,7,0,0,0
run195,20260123_173319,8,0,0,0
run195,20260123_173319,9,0,0,0
run195,20260123_173319,10,1,0,1
run195,20260123_173319,11,1,0,1
run195,20260123_173319,12,6,0,6
run195,20260123_173319,13,2,0,2
run195,20260123_173319,14,0,0,0
run195,20260123_173319,15,1,0,1
run195,20260123_173319,16,3,0,3
run195,20260123_173319,17,121,0,121
run195,20260123_173319,18,0,0,0
run195,20260123_173319,19,0,0,0
run195,20260123_173320,0,1,0,1
run195,20260123_173320,1,2,0,2
run195,20260123_173320,2,2,0,2
run195,20260123_173320,3,1472,0,1472
run195,20260123_173320,4,1,0,1
run195,20260123_173320,5,0,0,0
run195,20260123_173320,6,0,0,0
run195,20260123_173320,7,0,0,0
run195,20260123_173320,8,0,0,0
run195,20260123_173320,9,0,0,0
run195,20260123_173320,10,1,0,1
run195,20260123_173320,11,1,0,1
run195,20260123_173320,12,6,0,6
run195,20260123_173320,13,2,0,2
run195,20260123_173320,14,0,0,0
run195,20260123_173320,15,1,0,1
run195,20260123_173320,16,3,0,3
run195,20260123_173320,17,121,0,121
run195,20260123_173320,18,0,0,0
run195,20260123_173320,19,0,0,0
run196,20260123_173411,0,0,0,0
run196,20260123_173411,1,1,0,1
run196,20260123_173411,2,2,0,2
run196,20260123_173411,3,4,0,4
run196,20260123_173411,4,0,0,0
run196,20260123_173411,5,0,0,0
run196,20260123_173411,6,2,0,2
run196,20260123_173411,7,0,0,0
run196,20260123_173411,8,0,0,0
run196,20260123_173411,9,0,0,0
run196,20260123_173411,10,2001,0,2001
run196,20260123_173411,11,2001,0,2001
run196,20260123_173411,12,0,0,0
run196,20260123_173411,13,1,0,1
run196,20260123_173411,14,2,0,2
run196,20260123_173411,15,0,0,0
run196,20260123_173411,16,2,0,2
run196,20260123_173411,17,0,0,0
run196,20260123_173411,18,0,0,0
run196,20260123_173411,19,0,0,0
run197,20260123_173459,0,0,50,50
run197,20260123_173459,1,1,50,51
run197,20260123_173459,2,3,50,53
run197,20260123_173459,3,2,50,52
run197,20260123_173459,4,0,50,50
run197,20260123_173459,5,2,0,2
run197,20260123_173459,6,0,0,0
run197,20260123_173459,7,0,0,0
run197,20260123_173459,8,0,0,0
run197,20260123_173459,9,0,0,0
run197,20260123_173459,10,1,0,1
run197,20260123_173459,11,1939,0,1939
run197,20260123_173459,12,0,0,0
run197,20260123_173459,13,1,0,1
run197,20260123_173459,14,1,0,1
run197,20260123_173459,15,1,0,1
run197,20260123_173459,16,1,41,42
run197,20260123_173459,17,1,23,24
run197,20260123_173459,18,0,0,0
run197,20260123_173459,19,0,0,0
run198,20260123_173547,0,1,0,1
run198,20260123_173547,1,2,0,2
run198,20260123_173547,2,703,0,703
run198,20260123_173547,3,1299,0,1299
run198,20260123_173547,4,0,0,0
run198,20260123_173547,5,0,0,0
run198,20260123_173547,6,0,0,0
run198,20260123_173547,7,0,0,0
run198,20260123_173547,8,0,0,0
run198,20260123_173547,9,0,0,0
run198,20260123_173547,10,4,0,4
run198,20260123_173547,11,0,0,0
run198,20260123_173547,12,3,0,3
run198,20260123_173547,13,2,0,2
run198,20260123_173547,14,0,0,0
run198,20260123_173547,15,0,0,0
run198,20260123_173547,16,0,0,0
run198,20260123_173547,17,1,0,1
run198,20260123_173547,18,0,0,0
run198,20260123_173547,19,0,0,0
run199,20260123_173635,0,1,0,1
run199,20260123_173635,1,2,0,2
run199,20260123_173635,2,3,0,3
run199,20260123_173635,3,0,0,0
run199,20260123_173635,4,2001,0,2001
run199,20260123_173635,5,1,0,1
run199,20260123_173635,6,0,0,0
run199,20260123_173635,7,3,0,3
run199,20260123_173635,8,0,0,0
run199,20260123_173635,9,0,0,0
run199,20260123_173635,10,1,0,1
run199,20260123_173635,11,1,0,1
run199,20260123_173635,12,0,0,0
run199,20260123_173635,13,0,0,0
run199,20260123_173635,14,4,0,4
run199,20260123_173635,15,1,0,1
run199,20260123_173635,16,4,0,4
run199,20260123_173635,17,0,0,0
run199,20260123_173635,18,0,0,0
run199,20260123_173635,19,0,0,0
run2,20260123_145605,0,118,16,134
run2,20260123_145605,1,4,21,25
run2,20260123_145605,2,3,20,23
run2,20260123_145605,3,1837,20,1857
run2,20260123_145605,4,2,20,22
run2,20260123_145605,5,9,14,23
run2,20260123_145605,6,2,18,20
run2,20260123_145605,7,4,14,18
run2,20260123_145605,8,0,0,0
run2,20260123_145605,9,0,1,1
run2,20260123_145605,10,19,19,38
run2,20260123_145605,11,6,19,25
run2,20260123_145605,12,3,19,22
run2,20260123_145605,13,2,19,21
run2,20260123_145605,14,5,18,23
run2,20260123_145605,15,7,11,18
run2,20260123_145605,16,7,15,22
run2,20260123_145605,17,2,2,4
run2,20260123_145605,18,0,0,0
run2,20260123_145605,19,0,0,0
run20,20260123_151059,0,0,498,498
run20,20260123_151059,1,2,497,499
run20,20260123_151059,2,0,494,494
run20,20260123_151059,3,1,491,492
run20,20260123_151059,4,2,487,489
run20,20260123_151059,5,9,0,9
run20,20260123_151059,6,5,0,5
run20,20260123_151059,7,3,0,3
run20,20260123_151059,8,0,0,0
run20,20260123_151059,9,0,0,0
run20,20260123_151059,10,9,0,9
run20,20260123_151059,11,1075,0,1075
run20,20260123_151059,12,0,0,0
run20,20260123_151059,13,0,0,0
run20,20260123_151059,14,3,0,3
run20,20260123_151059,15,2,0,2
run20,20260123_151059,16,0,370,370
run20,20260123_151059,17,0,269,269
run20,20260123_151059,18,0,0,0
run20,20260123_151059,19,0,0,0
run200,20260123_173723,0,1,0,1
run200,20260123_173723,1,9,0,9
run200,20260123_173723,2,2,0,2
run200,20260123_173723,3,0,0,0
run200,20260123_173723,4,2,0,2
run200,20260123_173723,5,0,0,0
run200,20260123_173723,6,2,0,2
run200,20260123_173723,7,0,0,0
run200,20260123_173723,8,0,0,0
run200,20260123_173723,9,0,0,0
run200,20260123_173723,10,0,0,0
run200,20260123_173723,11,4,0,4
run200,20260123_173723,12,2,0,2
run200,20260123_173723,13,2,0,2
run200,20260123_173723,14,2000,0,2000
run200,20260123_173723,15,2,0,2
run200,20260123_173723,16,3,0,3
run200,20260123_173723,17,0,0,0
run200,20260123_173723,18,0,0,0
run200,20260123_173723,19,0,0,0
run201,20260123_173811,0,59,0,59
run201,20260123_173811,1,66,0,66
run201,20260123_173811,2,1,0,1
run201,20260123_173811,3,0,0,0
run201,20260123_173811,4,1,0,1
run201,20260123_173811,5,2,0,2
run201,20260123_173811,6,0,0,0
run201,20260123_173811,7,0,0,0
run201,20260123_173811,8,0,0,0
run201,20260123_173811,9,0,0,0
run201,20260123_173811,10,0,0,0
run201,20260123_173811,11,0,0,0
run201,20260123_173811,12,2,0,2
run201,20260123_173811,13,0,0,0
run201,20260123_173811,14,0,0,0
run201,20260123_173811,15,0,0,0
run201,20260123_173811,16,2,0,2
run201,20260123_173811,17,0,0,0
run201,20260123_173811,18,0,0,0
run201,20260123_173811,19,0,0,0
run202,20260123_173859,0,1,0,1
run202,20260123_173859,1,1042,0,1042
run202,20260123_173859,2,1021,0,1021
run202,20260123_173859,3,2,0,2
run202,20260123_173859,4,3,0,3
run202,20260123_173859,5,1,0,1
run202,20260123_173859,6,820,0,820
run202,20260123_173859,7,2,0,2
run202,20260123_173859,8,0,0,0
run202,20260123_173859,9,0,0,0
run202,20260123_173859,10,2,0,2
run202,20260123_173859,11,0,0,0
run202,20260123_173859,12,2,0,2
run202,20260123_173859,13,2,0,2
run202,20260123_173859,14,0,0,0
run202,20260123_173859,15,0,0,0
run202,20260123_173859,16,1,0,1
run202,20260123_173859,17,0,0,0
run202,20260123_173859,18,0,0,0
run202,20260123_173859,19,0,0,0
run202,20260123_173858,0,1,0,1
run202,20260123_173858,1,1042,0,1042
run202,20260123_173858,2,1021,0,1021
run202,20260123_173858,3,2,0,2
run202,20260123_173858,4,3,0,3
run202,20260123_173858,5,1,0,1
run202,20260123_173858,6,820,0,820
run202,20260123_173858,7,2,0,2
run202,20260123_173858,8,0,0,0
run202,20260123_173858,9,0,0,0
run202,20260123_173858,10,2,0,2
run202,20260123_173858,11,0,0,0
run202,20260123_173858,12,2,0,2
run202,20260123_173858,13,2,0,2
run202,20260123_173858,14,0,0,0
run202,20260123_173858,15,0,0,0
run202,20260123_173858,16,1,0,1
run202,20260123_173858,17,0,0,0
run202,20260123_173858,18,0,0,0
run202,20260123_173858,19,0,0,0
run203,20260123_173946,0,0,0,0
run203,20260123_173946,1,3,0,3
run203,20260123_173946,2,1,0,1
run203,20260123_173946,3,3,0,3
run203,20260123_173946,4,0,0,0
run203,20260123_173946,5,0,0,0
run203,20260123_173946,6,0,0,0
run203,20260123_173946,7,0,0,0
run203,20260123_173946,8,0,0,0
run203,20260123_173946,9,0,0,0
run203,20260123_173946,10,0,0,0
run203,20260123_173946,11,1,0,1
run203,20260123_173946,12,4,0,4
run203,20260123_173946,13,2,0,2
run203,20260123_173946,14,2,0,2
run203,20260123_173946,15,2000,0,2000
run203,20260123_173946,16,2,0,2
run203,20260123_173946,17,0,0,0
run203,20260123_173946,18,0,0,0
run203,20260123_173946,19,0,0,0
run204,20260123_174034,0,1,0,1
run204,20260123_174034,1,1,0,1
run204,20260123_174034,2,2001,0,2001
run204,20260123_174034,3,1,0,1
run204,20260123_174034,4,1,0,1
run204,20260123_174034,5,2,0,2
run204,20260123_174034,6,1,0,1
run204,20260123_174034,7,1,0,1
run204,20260123_174034,8,0,0,0
run204,20260123_174034,9,0,0,0
run204,20260123_174034,10,1,0,1
run204,20260123_174034,11,1,0,1
run204,20260123_174034,12,2,0,2
run204,20260123_174034,13,2,0,2
run204,20260123_174034,14,0,0,0
run204,20260123_174034,15,0,0,0
run204,20260123_174034,16,1,0,1
run204,20260123_174034,17,0,0,0
run204,20260123_174034,18,0,0,0
run204,20260123_174034,19,0,0,0
run205,20260123_174122,0,723,41,764
run205,20260123_174122,1,6,50,56
run205,20260123_174122,2,3,48,51
run205,20260123_174122,3,5,48,53
run205,20260123_174122,4,3,48,51
run205,20260123_174122,5,16,19,35
run205,20260123_174122,6,1,47,48
run205,20260123_174122,7,6,23,29
run205,20260123_174122,8,0,0,0
run205,20260123_174122,9,0,1,1
run205,20260123_174122,10,5,47,52
run205,20260123_174122,11,2,48,50
run205,20260123_174122,12,4,46,50
run205,20260123_174122,13,3,46,49
run205,20260123_174122,14,4,46,50
run205,20260123_174122,15,18,11,29
run205,20260123_174122,16,8,37,45
run205,20260123_174122,17,291,10,301
run205,20260123_174122,18,0,0,0
run205,20260123_174122,19,0,0,0
run206,20260123_174214,0,2,0,2
run206,20260123_174214,1,1,0,1
run206,20260123_174214,2,1,0,1
run206,20260123_174214,3,3,0,3
run206,20260123_174214,4,3,0,3
run206,20260123_174214,5,0,0,0
run206,20260123_174214,6,0,0,0
run206,20260123_174214,7,1,0,1
run206,20260123_174214,8,0,0,0
run206,20260123_174214,9,0,0,0
run206,20260123_174214,10,2000,0,2000
run206,20260123_174214,11,1,0,1
run206,20260123_174214,12,2,0,2
run206,20260123_174214,13,1,0,1
run206,20260123_174214,14,1,0,1
run206,20260123_174214,15,3,0,3
run206,20260123_174214,16,2,0,2
run206,20260123_174214,17,0,0,0
run206,20260123_174214,18,0,0,0
run206,20260123_174214,19,0,0,0
run207,20260123_174304,0,1945,21,1966
run207,20260123_174304,1,1,25,26
run207,20260123_174304,2,2,25,27
run207,20260123_174304,3,2,24,26
run207,20260123_174304,4,4,24,28
run207,20260123_174304,5,5,10,15
run207,20260123_174304,6,3,23,26
run207,20260123_174304,7,0,15,15
run207,20260123_174304,8,0,0,0
run207,20260123_174304,9,0,0,0
run207,20260123_174304,10,0,23,23
run207,20260123_174304,11,0,24,24
run207,20260123_174304,12,0,23,23
run207,20260123_174304,13,0,24,24
run207,20260123_174304,14,0,23,23
run207,20260123_174304,15,6,10,16
run207,20260123_174304,16,4,20,24
run207,20260123_174304,17,0,5,5
run207,20260123_174304,18,0,0,0
run207,20260123_174304,19,0,0,0
run208,20260123_174356,0,5,6,11
run208,20260123_174356,1,2,6,8
run208,20260123_174356,2,2,6,8
run208,20260123_174356,3,1,6,7
run208,20260123_174356,4,0,5,5
run208,20260123_174356,5,2,0,2
run208,20260123_174356,6,1,1,2
run208,20260123_174356,7,1,1,2
run208,20260123_174356,8,0,0,0
run208,20260123_174356,9,0,0,0
run208,20260123_174356,10,1,1,2
run208,20260123_174356,11,1999,1,2000
run208,20260123_174356,12,2,1,3
run208,20260123_174356,13,0,1,1
run208,20260123_174356,14,1,1,2
run208,20260123_174356,15,0,0,0
run208,20260123_174356,16,2,5,7
run208,20260123_174356,17,0,2,2
run208,20260123_174356,18,0,0,0
run208,20260123_174356,19,0,0,0
run209,20260123_174444,0,0,0,0
run209,20260123_174444,1,3,0,3
run209,20260123_174444,2,4,0,4
run209,20260123_174444,3,1,0,1
run209,20260123_174444,4,3,0,3
run209,20260123_174444,5,2,0,2
run209,20260123_174444,6,4,0,4
run209,20260123_174444,7,1,0,1
run209,20260123_174444,8,0,0,0
run209,20260123_174444,9,0,0,0
run209,20260123_174444,10,1,0,1
run209,20260123_174444,11,1,0,1
run209,20260123_174444,12,0,0,0
run209,20260123_174444,13,0,0,0
run209,20260123_174444,14,1,0,1
run209,20260123_174444,15,0,0,0
run209,20260123_174444,16,0,0,0
run209,20260123_174444,17,1,0,1
run209,20260123_174444,18,0,0,0
run209,20260123_174444,19,0,0,0
run21,20260123_151150,0,1,0,1
run21,20260123_151150,1,1,0,1
run21,20260123_151150,2,5,0,5
run21,20260123_151150,3,1,0,1
run21,20260123_151150,4,0,0,0
run21,20260123_151150,5,1,0,1
run21,20260123_151150,6,1,0,1
run21,20260123_151150,7,1,0,1
run21,20260123_151150,8,0,0,0
run21,20260123_151150,9,0,0,0
run21,20260123_151150,10,2001,0,2001
run21,20260123_151150,11,0,0,0
run21,20260123_151150,12,3,0,3
run21,20260123_151150,13,1,0,1
run21,20260123_151150,14,0,0,0
run21,20260123_151150,15,1,0,1
run21,20260123_151150,16,3,0,3
run21,20260123_151150,17,0,0,0
run21,20260123_151150,18,0,0,0
run21,20260123_151150,19,0,0,0
run210,20260123_174532,0,2,0,2
run210,20260123_174532,1,3,0,3
run210,20260123_174532,2,1,0,1
run210,20260123_174532,3,1,0,1
run210,20260123_174532,4,0,0,0
run210,20260123_174532,5,3,0,3
run210,20260123_174532,6,0,0,0
run210,20260123_174532,7,0,0,0
run210,20260123_174532,8,0,0,0
run210,20260123_174532,9,0,0,0
run210,20260123_174532,10,2,0,2
run210,20260123_174532,11,324,0,324
run210,20260123_174532,12,1675,0,1675
run210,20260123_174532,13,2,0,2
run210,20260123_174532,14,1,0,1
run210,20260123_174532,15,1,0,1
run210,20260123_174532,16,1,0,1
run210,20260123_174532,17,0,0,0
run210,20260123_174532,18,0,0,0
run210,20260123_174532,19,0,0,0
run211,20260123_174620,0,2,1,3
run211,20260123_174620,1,2,1,3
run211,20260123_174620,2,2,1,3
run211,20260123_174620,3,1,1,2
run211,20260123_174620,4,1,1,2
run211,20260123_174620,5,1,0,1
run211,20260123_174620,6,62,0,62
run211,20260123_174620,7,0,0,0
run211,20260123_174620,8,0,0,0
run211,20260123_174620,9,0,0,0
run211,20260123_174620,10,1,0,1
run211,20260123_174620,11,2,0,2
run211,20260123_174620,12,0,0,0
run211,20260123_174620,13,0,0,0
run211,20260123_174620,14,18,0,18
run211,20260123_174620,15,1,0,1
run211,20260123_174620,16,1752,0,1752
run211,20260123_174620,17,0,1,1
run211,20260123_174620,18,0,0,0
run211,20260123_174620,19,0,0,0
run212,20260123_174712,0,2,1240,1242
run212,20260123_174712,1,6,1238,1244
run212,20260123_174712,2,0,1237,1237
run212,20260123_174712,3,0,1234,1234
run212,20260123_174712,4,0,1229,1229
run212,20260123_174712,5,3,0,3
run212,20260123_174712,6,1,0,1
run212,20260123_174712,7,1,0,1
run212,20260123_174712,8,0,0,0
run212,20260123_174712,9,0,0,0
run212,20260123_174712,10,9,0,9
run212,20260123_174712,11,3,0,3
run212,20260123_174712,12,1,0,1
run212,20260123_174712,13,0,0,0
run212,20260123_174712,14,3,0,3
run212,20260123_174712,15,1,0,1
run212,20260123_174712,16,3,962,965
run212,20260123_174712,17,15,658,673
run212,20260123_174712,18,0,0,0
run212,20260123_174712,19,0,0,0
run213,20260123_174800,0,1,0,1
run213,20260123_174800,1,1300,0,1300
run213,20260123_174800,2,0,0,0
run213,20260123_174800,3,2,0,2
run213,20260123_174800,4,2,0,2
run213,20260123_174800,5,3,0,3
run213,20260123_174800,6,574,0,574
run213,20260123_174800,7,1,0,1
run213,20260123_174800,8,0,0,0
run213,20260123_174800,9,0,0,0
run213,20260123_174800,10,4,0,4
run213,20260123_174800,11,2,0,2
run213,20260123_174800,12,5,0,5
run213,20260123_174800,13,1,0,1
run213,20260123_174800,14,1,0,1
run213,20260123_174800,15,0,0,0
run213,20260123_174800,16,1,0,1
run213,20260123_174800,17,0,0,0
run213,20260123_174800,18,0,0,0
run213,20260123_174800,19,0,0,0
run214,20260123_174847,0,1943,26,1969
run214,20260123_174847,1,1,34,35
run214,20260123_174847,2,0,34,34
run214,20260123_174847,3,3,33,36
run214,20260123_174847,4,1,33,34
run214,20260123_174847,5,11,17,28
run214,20260123_174847,6,0,31,31
run214,20260123_174847,7,1,22,23
run214,20260123_174847,8,0,0,0
run214,20260123_174847,9,0,0,0
run214,20260123_174847,10,18,33,51
run214,20260123_174847,11,2,34,36
run214,20260123_174847,12,2,33,35
run214,20260123_174847,13,1,33,34
run214,20260123_174847,14,1,33,34
run214,20260123_174847,15,12,11,23
run214,20260123_174847,16,7,22,29
run214,20260123_174847,17,3,9,12
run214,20260123_174847,18,0,0,0
run214,20260123_174847,19,0,0,0
run214,20260123_174848,0,1943,26,1969
run214,20260123_174848,1,1,34,35
run214,20260123_174848,2,0,34,34
run214,20260123_174848,3,3,33,36
run214,20260123_174848,4,1,33,34
run214,20260123_174848,5,11,17,28
run214,20260123_174848,6,0,31,31
run214,20260123_174848,7,1,22,23
run214,20260123_174848,8,0,0,0
run214,20260123_174848,9,0,0,0
run214,20260123_174848,10,18,33,51
run214,20260123_174848,11,2,34,36
run214,20260123_174848,12,2,33,35
run214,20260123_174848,13,1,33,34
run214,20260123_174848,14,1,33,34
run214,20260123_174848,15,12,11,23
run214,20260123_174848,16,7,22,29
run214,20260123_174848,17,3,9,12
run214,20260123_174848,18,0,0,0
run214,20260123_174848,19,0,0,0
run215,20260123_174940,0,1,0,1
run215,20260123_174940,1,1,0,1
run215,20260123_174940,2,2,0,2
run215,20260123_174940,3,3,0,3
run215,20260123_174940,4,1,0,1
run215,20260123_174940,5,4,0,4
run215,20260123_174940,6,1,0,1
run215,20260123_174940,7,0,0,0
run215,20260123_174940,8,0,0,0
run215,20260123_174940,9,0,0,0
run215,20260123_174940,10,0,0,0
run215,20260123_174940,11,1,0,1
run215,20260123_174940,12,0,0,0
run215,20260123_174940,13,4,0,4
run215,20260123_174940,14,1,0,1
run215,20260123_174940,15,2000,0,2000
run215,20260123_174940,16,1,0,1
run215,20260123_174940,17,0,0,0
run215,20260123_174940,18,0,0,0
run215,20260123_174940,19,0,0,0
run215,20260123_174939,0,1,0,1
run215,20260123_174939,1,1,0,1
run215,20260123_174939,2,2,0,2
run215,20260123_174939,3,3,0,3
run215,20260123_174939,4,1,0,1
run215,20260123_174939,5,4,0,4
run215,20260123_174939,6,1,0,1
run215,20260123_174939,7,0,0,0
run215,20260123_174939,8,0,0,0
run215,20260123_174939,9,0,0,0
run215,20260123_174939,10,0,0,0
run215,20260123_174939,11,1,0,1
run215,20260123_174939,12,0,0,0
run215,20260123_174939,13,4,0,4
run215,20260123_174939,14,1,0,1
run215,20260123_174939,15,2000,0,2000
run215,20260123_174939,16,1,0,1
run215,20260123_174939,17,0,0,0
run215,20260123_174939,18,0,0,0
run215,20260123_174939,19,0,0,0
run216,20260123_175027,0,0,0,0
run216,20260123_175027,1,0,0,0
run216,20260123_175027,2,0,0,0
run216,20260123_175027,3,1,0,1
run216,20260123_175027,4,1,0,1
run216,20260123_175027,5,1,0,1
run216,20260123_175027,6,0,0,0
run216,20260123_175027,7,1,0,1
run216,20260123_175027,8,0,0,0
run216,20260123_175027,9,0,0,0
run216,20260123_175027,10,0,0,0
run216,20260123_175027,11,2,0,2
run216,20260123_175027,12,0,0,0
run216,20260123_175027,13,3,0,3
run216,20260123_175027,14,3,0,3
run216,20260123_175027,15,2,0,2
run216,20260123_175027,16,2,0,2
run216,20260123_175027,17,1,0,1
run216,20260123_175027,18,0,0,0
run216,20260123_175027,19,0,0,0
run217,20260123_175120,0,0,0,0
run217,20260123_175120,1,2,0,2
run217,20260123_175120,2,3,0,3
run217,20260123_175120,3,1,0,1
run217,20260123_175120,4,0,0,0
run217,20260123_175120,5,1,0,1
run217,20260123_175120,6,3,0,3
run217,20260123_175120,7,2000,0,2000
run217,20260123_175120,8,0,0,0
run217,20260123_175120,9,0,0,0
run217,20260123_175120,10,0,0,0
run217,20260123_175120,11,0,0,0
run217,20260123_175120,12,1,0,1
run217,20260123_175120,13,1,0,1
run217,20260123_175120,14,0,0,0
run217,20260123_175120,15,2,0,2
run217,20260123_175120,16,3,0,3
run217,20260123_175120,17,0,0,0
run217,20260123_175120,18,0,0,0
run217,20260123_175120,19,0,0,0
run218,20260123_175208,0,2,0,2
run218,20260123_175208,1,2,0,2
run218,20260123_175208,2,1,0,1
run218,20260123_175208,3,0,0,0
run218,20260123_175208,4,4,0,4
run218,20260123_175208,5,0,0,0
run218,20260123_175208,6,2,0,2
run218,20260123_175208,7,0,0,0
run218,20260123_175208,8,0,0,0
run218,20260123_175208,9,0,0,0
run218,20260123_175208,10,3,0,3
run218,20260123_175208,11,2,0,2
run218,20260123_175208,12,2001,0,2001
run218,20260123_175208,13,1,0,1
run218,20260123_175208,14,2,0,2
run218,20260123_175208,15,0,0,0
run218,20260123_175208,16,1,0,1
run218,20260123_175208,17,0,0,0
run218,20260123_175208,18,0,0,0
run218,20260123_175208,19,0,0,0
run219,20260123_175256,0,0,0,0
run219,20260123_175256,1,1,0,1
run219,20260123_175256,2,3,0,3
run219,20260123_175256,3,1,0,1
run219,20260123_175256,4,1,0,1
run219,20260123_175256,5,0,0,0
run219,20260123_175256,6,4,0,4
run219,20260123_175256,7,2,0,2
run219,20260123_175256,8,0,0,0
run219,20260123_175256,9,0,0,0
run219,20260123_175256,10,1,0,1
run219,20260123_175256,11,0,0,0
run219,20260123_175256,12,1813,0,1813
run219,20260123_175256,13,2,0,2
run219,20260123_175256,14,1,0,1
run219,20260123_175256,15,188,0,188
run219,20260123_175256,16,0,0,0
run219,20260123_175256,17,0,0,0
run219,20260123_175256,18,0,0,0
run219,20260123_175256,19,0,0,0
run22,20260123_151238,0,1,0,1
run22,20260123_151238,1,0,0,0
run22,20260123_151238,2,2,0,2
run22,20260123_151238,3,0,0,0
run22,20260123_151238,4,2000,0,2000
run22,20260123_151238,5,0,0,0
run22,20260123_151238,6,3,0,3
run22,20260123_151238,7,1,0,1
run22,20260123_151238,8,0,0,0
run22,20260123_151238,9,0,0,0
run22,20260123_151238,10,0,0,0
run22,20260123_151238,11,1,0,1
run22,20260123_151238,12,3,0,3
run22,20260123_151238,13,2,0,2
run22,20260123_151238,14,1,0,1
run22,20260123_151238,15,2,0,2
run22,20260123_151238,16,2,0,2
run22,20260123_151238,17,1,0,1
run22,20260123_151238,18,0,0,0
run22,20260123_151238,19,0,0,0
run22,20260123_151239,0,1,0,1
run22,20260123_151239,1,0,0,0
run22,20260123_151239,2,2,0,2
run22,20260123_151239,3,0,0,0
run22,20260123_151239,4,2000,0,2000
run22,20260123_151239,5,0,0,0
run22,20260123_151239,6,3,0,3
run22,20260123_151239,7,1,0,1
run22,20260123_151239,8,0,0,0
run22,20260123_151239,9,0,0,0
run22,20260123_151239,10,0,0,0
run22,20260123_151239,11,1,0,1
run22,20260123_151239,12,3,0,3
run22,20260123_151239,13,2,0,2
run22,20260123_151239,14,1,0,1
run22,20260123_151239,15,2,0,2
run22,20260123_151239,16,2,0,2
run22,20260123_151239,17,1,0,1
run22,20260123_151239,18,0,0,0
run22,20260123_151239,19,0,0,0
run220,20260123_175348,0,1508,131,1639
run220,20260123_175348,1,0,185,185
run220,20260123_175348,2,3,214,217
run220,20260123_175348,3,2,214,216
run220,20260123_175348,4,0,214,214
run220,20260123_175348,5,10,183,193
run220,20260123_175348,6,2,0,2
run220,20260123_175348,7,1,0,1
run220,20260123_175348,8,0,0,0
run220,20260123_175348,9,2,2,4
run220,20260123_175348,10,6,0,6
run220,20260123_175348,11,3,1,4
run220,20260123_175348,12,0,1,1
run220,20260123_175348,13,0,1,1
run220,20260123_175348,14,1,0,1
run220,20260123_175348,15,0,0,0
run220,20260123_175348,16,0,31,31
run220,20260123_175348,17,1,6,7
run220,20260123_175348,18,0,0,0
run220,20260123_175348,19,0,0,0
run221,20260123_175440,0,0,0,0
run221,20260123_175440,1,4,0,4
run221,20260123_175440,2,0,0,0
run221,20260123_175440,3,1,0,1
run221,20260123_175440,4,1,0,1
run221,20260123_175440,5,2,0,2
run221,20260123_175440,6,2,0,2
run221,20260123_175440,7,2,0,2
run221,20260123_175440,8,0,0,0
run221,20260123_175440,9,0,0,0
run221,20260123_175440,10,1,0,1
run221,20260123_175440,11,1,0,1
run221,20260123_175440,12,2000,0,2000
run221,20260123_175440,13,0,0,0
run221,20260123_175440,14,2,0,2
run221,20260123_175440,15,0,0,0
run221,20260123_175440,16,1,0,1
run221,20260123_175440,17,0,0,0
run221,20260123_175440,18,0,0,0
run221,20260123_175440,19,0,0,0
run222,20260123_175528,0,0,1055,1055
run222,20260123_175528,1,0,1054,1054
run222,20260123_175528,2,1,1050,1051
run222,20260123_175528,3,1,1045,1046
run222,20260123_175528,4,3,1040,1043
run222,20260123_175528,5,6,0,6
run222,20260123_175528,6,5,0,5
run222,20260123_175528,7,4,0,4
run222,20260123_175528,8,0,0,0
run222,20260123_175528,9,0,0,0
run222,20260123_175528,10,34,0,34
run222,20260123_175528,11,1,0,1
run222,20260123_175528,12,1,0,1
run222,20260123_175528,13,1,0,1
run222,20260123_175528,14,2,0,2
run222,20260123_175528,15,1,0,1
run222,20260123_175528,16,1,796,797
run222,20260123_175528,17,1,596,597
run222,20260123_175528,18,0,0,0
run222,20260123_175528,19,0,0,0
run223,20260123_175615,0,547,33,580
run223,20260123_175615,1,2,42,44
run223,20260123_175615,2,1,42,43
run223,20260123_175615,3,2,41,43
run223,20260123_175615,4,2,41,43
run223,20260123_175615,5,14,17,31
run223,20260123_175615,6,0,40,40
run223,20260123_175615,7,0,22,22
run223,20260123_175615,8,0,0,0
run223,20260123_175615,9,0,0,0
run223,20260123_175615,10,11,40,51
run223,20260123_175615,11,1,41,42
run223,20260123_175615,12,0,39,39
run223,20260123_175615,13,1,40,41
run223,20260123_175615,14,1,39,40
run223,20260123_175615,15,14,10,24
run223,20260123_175615,16,4,30,34
run223,20260123_175615,17,4,9,13
run223,20260123_175615,18,0,0,0
run223,20260123_175615,19,0,0,0
run224,20260123_175703,0,0,0,0
run224,20260123_175703,1,1,0,1
run224,20260123_175703,2,2,0,2
run224,20260123_175703,3,2,0,2
run224,20260123_175703,4,0,0,0
run224,20260123_175703,5,2001,0,2001
run224,20260123_175703,6,1,0,1
run224,20260123_175703,7,0,0,0
run224,20260123_175703,8,0,0,0
run224,20260123_175703,9,0,0,0
run224,20260123_175703,10,0,0,0
run224,20260123_175703,11,2,0,2
run224,20260123_175703,12,1,0,1
run224,20260123_175703,13,3,0,3
run224,20260123_175703,14,4,0,4
run224,20260123_175703,15,1,0,1
run224,20260123_175703,16,1,0,1
run224,20260123_175703,17,0,0,0
run224,20260123_175703,18,0,0,0
run224,20260123_175703,19,0,0,0
run225,20260123_175751,0,2,0,2
run225,20260123_175751,1,4,0,4
run225,20260123_175751,2,3,0,3
run225,20260123_175751,3,1,0,1
run225,20260123_175751,4,1,0,1
run225,20260123_175751,5,1,0,1
run225,20260123_175751,6,1,0,1
run225,20260123_175751,7,2,0,2
run225,20260123_175751,8,0,0,0
run225,20260123_175751,9,0,0,0
run225,20260123_175751,10,3,0,3
run225,20260123_175751,11,0,0,0
run225,20260123_175751,12,1,0,1
run225,20260123_175751,13,3,0,3
run225,20260123_175751,14,0,0,0
run225,20260123_175751,15,0,0,0
run225,20260123_175751,16,0,0,0
run225,20260123_175751,17,0,0,0
run225,20260123_175751,18,0,0,0
run225,20260123_175751,19,0,0,0
run226,20260123_175839,0,0,1534,1534
run226,20260123_175839,1,4,1534,1538
run226,20260123_175839,2,1,1534,1535
run226,20260123_175839,3,1,1534,1535
run226,20260123_175839,4,0,1534,1534
run226,20260123_175839,5,1,27,28
run226,20260123_175839,6,1,0,1
run226,20260123_175839,7,2,0,2
run226,20260123_175839,8,0,0,0
run226,20260123_175839,9,0,0,0
run226,20260123_175839,10,17,0,17
run226,20260123_175839,11,2,0,2
run226,20260123_175839,12,1,0,1
run226,20260123_175839,13,1,0,1
run226,20260123_175839,14,1,0,1
run226,20260123_175839,15,1,0,1
run226,20260123_175839,16,1,1220,1221
run226,20260123_175839,17,1,886,887
run226,20260123_175839,18,0,0,0
run226,20260123_175839,19,0,0,0
run227,20260123_175927,0,2,0,2
run227,20260123_175927,1,0,0,0
run227,20260123_175927,2,1,0,1
run227,20260123_175927,3,1,0,1
run227,20260123_175927,4,2,0,2
run227,20260123_175927,5,2,0,2
run227,20260123_175927,6,1690,0,1690
run227,20260123_175927,7,0,0,0
run227,20260123_175927,8,0,0,0
run227,20260123_175927,9,0,0,0
run227,20260123_175927,10,0,0,0
run227,20260123_175927,11,1,0,1
run227,20260123_175927,12,1,0,1
run227,20260123_175927,13,2,0,2
run227,20260123_175927,14,2,0,2
run227,20260123_175927,15,1,0,1
run227,20260123_175927,16,1,0,1
run227,20260123_175927,17,0,0,0
run227,20260123_175927,18,0,0,0
run227,20260123_175927,19,0,0,0
run228,20260123_180015,0,0,0,0
run228,20260123_180015,1,1,0,1
run228,20260123_180015,2,2,0,2
run228,20260123_180015,3,0,0,0
run228,20260123_180015,4,2000,0,2000
run228,20260123_180015,5,0,0,0
run228,20260123_180015,6,0,0,0
run228,20260123_180015,7,0,0,0
run228,20260123_180015,8,0,0,0
run228,20260123_180015,9,0,0,0
run228,20260123_180015,10,0,0,0
run228,20260123_180015,11,1,0,1
run228,20260123_180015,12,0,0,0
run228,20260123_180015,13,0,0,0
run228,20260123_180015,14,1,0,1
run228,20260123_180015,15,0,0,0
run228,20260123_180015,16,3,0,3
run228,20260123_180015,17,1,0,1
run228,20260123_180015,18,0,0,0
run228,20260123_180015,19,0,0,0
run229,20260123_180107,0,1,0,1
run229,20260123_180107,1,2000,0,2000
run229,20260123_180107,2,0,0,0
run229,20260123_180107,3,1,0,1
run229,20260123_180107,4,1,0,1
run229,20260123_180107,5,1,0,1
run229,20260123_180107,6,0,0,0
run229,20260123_180107,7,0,0,0
run229,20260123_180107,8,0,0,0
run229,20260123_180107,9,0,0,0
run229,20260123_180107,10,0,0,0
run229,20260123_180107,11,1,0,1
run229,20260123_180107,12,3,0,3
run229,20260123_180107,13,0,0,0
run229,20260123_180107,14,1,0,1
run229,20260123_180107,15,0,0,0
run229,20260123_180107,16,2,0,2
run229,20260123_180107,17,1,0,1
run229,20260123_180107,18,0,0,0
run229,20260123_180107,19,0,0,0
run23,20260123_151326,0,1,0,1
run23,20260123_151326,1,0,0,0
run23,20260123_151326,2,3,0,3
run23,20260123_151326,3,1,0,1
run23,20260123_151326,4,0,0,0
run23,20260123_151326,5,0,0,0
run23,20260123_151326,6,1720,0,1720
run23,20260123_151326,7,2,0,2
run23,20260123_151326,8,0,0,0
run23,20260123_151326,9,0,0,0
run23,20260123_151326,10,0,0,0
run23,20260123_151326,11,0,0,0
run23,20260123_151326,12,1,0,1
run23,20260123_151326,13,0,0,0
run23,20260123_151326,14,2,0,2
run23,20260123_151326,15,1,0,1
run23,20260123_151326,16,3,0,3
run23,20260123_151326,17,0,0,0
run23,20260123_151326,18,0,0,0
run23,20260123_151326,19,0,0,0
run23,20260123_151327,0,1,0,1
run23,20260123_151327,1,0,0,0
run23,20260123_151327,2,3,0,3
run23,20260123_151327,3,1,0,1
run23,20260123_151327,4,0,0,0
run23,20260123_151327,5,0,0,0
run23,20260123_151327,6,1720,0,1720
run23,20260123_151327,7,2,0,2
run23,20260123_151327,8,0,0,0
run23,20260123_151327,9,0,0,0
run23,20260123_151327,10,0,0,0
run23,20260123_151327,11,0,0,0
run23,20260123_151327,12,1,0,1
run23,20260123_151327,13,0,0,0
run23,20260123_151327,14,2,0,2
run23,20260123_151327,15,1,0,1
run23,20260123_151327,16,3,0,3
run23,20260123_151327,17,0,0,0
run23,20260123_151327,18,0,0,0
run23,20260123_151327,19,0,0,0
run230,20260123_180155,0,1937,32,1969
run230,20260123_180155,1,1,38,39
run230,20260123_180155,2,1,38,39
run230,20260123_180155,3,0,37,37
run230,20260123_180155,4,0,37,37
run230,20260123_180155,5,14,13,27
run230,20260123_180155,6,2,34,36
run230,20260123_180155,7,0,19,19
run230,20260123_180155,8,0,0,0
run230,20260123_180155,9,0,0,0
run230,20260123_180155,10,13,35,48
run230,20260123_180155,11,4,36,40
run230,20260123_180155,12,1,34,35
run230,20260123_180155,13,1,34,35
run230,20260123_180155,14,0,34,34
run230,20260123_180155,15,12,10,22
run230,20260123_180155,16,4,31,35
run230,20260123_180155,17,0,8,8
run230,20260123_180155,18,0,0,0
run230,20260123_180155,19,0,0,0
run231,20260123_180243,0,0,0,0
run231,20260123_180243,1,2,0,2
run231,20260123_180243,2,6,0,6
run231,20260123_180243,3,1,0,1
run231,20260123_180243,4,1,0,1
run231,20260123_180243,5,1,0,1
run231,20260123_180243,6,1,0,1
run231,20260123_180243,7,641,0,641
run231,20260123_180243,8,0,0,0
run231,20260123_180243,9,0,0,0
run231,20260123_180243,10,1359,0,1359
run231,20260123_180243,11,0,0,0
run231,20260123_180243,12,3,0,3
run231,20260123_180243,13,1,0,1
run231,20260123_180243,14,0,0,0
run231,20260123_180243,15,3,0,3
run231,20260123_180243,16,0,0,0
run231,20260123_180243,17,0,0,0
run231,20260123_180243,18,0,0,0
run231,20260123_180243,19,0,0,0
run232,20260123_180334,0,2,670,672
run232,20260123_180334,1,5,670,675
run232,20260123_180334,2,1,670,671
run232,20260123_180334,3,2,670,672
run232,20260123_180334,4,671,670,1341
run232,20260123_180334,5,1,0,1
run232,20260123_180334,6,3,0,3
run232,20260123_180334,7,522,0,522
run232,20260123_180334,8,0,0,0
run232,20260123_180334,9,0,0,0
run232,20260123_180334,10,9,0,9
run232,20260123_180334,11,3,0,3
run232,20260123_180334,12,1,0,1
run232,20260123_180334,13,0,0,0
run232,20260123_180334,14,0,0,0
run232,20260123_180334,15,0,0,0
run232,20260123_180334,16,2,501,503
run232,20260123_180334,17,0,403,403
run232,20260123_180334,18,0,0,0
run232,20260123_180334,19,0,0,0
run232,20260123_180335,0,2,670,672
run232,20260123_180335,1,5,670,675
run232,20260123_180335,2,1,670,671
run232,20260123_180335,3,2,670,672
run232,20260123_180335,4,671,670,1341
run232,20260123_180335,5,1,0,1
run232,20260123_180335,6,3,0,3
run232,20260123_180335,7,522,0,522
run232,20260123_180335,8,0,0,0
run232,20260123_180335,9,0,0,0
run232,20260123_180335,10,9,0,9
run232,20260123_180335,11,3,0,3
run232,20260123_180335,12,1,0,1
run232,20260123_180335,13,0,0,0
run232,20260123_180335,14,0,0,0
run232,20260123_180335,15,0,0,0
run232,20260123_180335,16,2,501,503
run232,20260123_180335,17,0,403,403
run232,20260123_180335,18,0,0,0
run232,20260123_180335,19,0,0,0
run233,20260123_180422,0,0,0,0
run233,20260123_180422,1,0,0,0
run233,20260123_180422,2,3,0,3
run233,20260123_180422,3,3,0,3
run233,20260123_180422,4,4,0,4
run233,20260123_180422,5,2000,0,2000
run233,20260123_180422,6,60,0,60
run233,20260123_180422,7,1,0,1
run233,20260123_180422,8,0,0,0
run233,20260123_180422,9,0,0,0
run233,20260123_180422,10,0,0,0
run233,20260123_180422,11,1,0,1
run233,20260123_180422,12,2,0,2
run233,20260123_180422,13,0,0,0
run233,20260123_180422,14,0,0,0
run233,20260123_180422,15,0,0,0
run233,20260123_180422,16,2,0,2
run233,20260123_180422,17,1,0,1
run233,20260123_180422,18,0,0,0
run233,20260123_180422,19,0,0,0
run234,20260123_180514,0,0,0,0
run234,20260123_180514,1,1,0,1
run234,20260123_180514,2,3,0,3
run234,20260123_180514,3,1,0,1
run234,20260123_180514,4,1,0,1
run234,20260123_180514,5,4,0,4
run234,20260123_180514,6,0,0,0
run234,20260123_180514,7,0,0,0
run234,20260123_180514,8,0,0,0
run234,20260123_180514,9,0,0,0
run234,20260123_180514,10,0,0,0
run234,20260123_180514,11,0,0,0
run234,20260123_180514,12,0,0,0
run234,20260123_180514,13,1,0,1
run234,20260123_180514,14,0,0,0
run234,20260123_180514,15,2001,0,2001
run234,20260123_180514,16,215,0,215
run234,20260123_180514,17,0,0,0
run234,20260123_180514,18,0,0,0
run234,20260123_180514,19,0,0,0
run235,20260123_180602,0,1,0,1
run235,20260123_180602,1,1,0,1
run235,20260123_180602,2,1,0,1
run235,20260123_180602,3,0,0,0
run235,20260123_180602,4,0,0,0
run235,20260123_180602,5,3,0,3
run235,20260123_180602,6,0,0,0
run235,20260123_180602,7,0,0,0
run235,20260123_180602,8,0,0,0
run235,20260123_180602,9,0,0,0
run235,20260123_180602,10,0,0,0
run235,20260123_180602,11,1,0,1
run235,20260123_180602,12,1,0,1
run235,20260123_180602,13,1,0,1
run235,20260123_180602,14,2,0,2
run235,20260123_180602,15,1,0,1
run235,20260123_180602,16,0,0,0
run235,20260123_180602,17,0,0,0
run235,20260123_180602,18,0,0,0
run235,20260123_180602,19,0,0,0
run236,20260123_180650,0,2,0,2
run236,20260123_180650,1,1,0,1
run236,20260123_180650,2,2,0,2
run236,20260123_180650,3,2000,0,2000
run236,20260123_180650,4,1,0,1
run236,20260123_180650,5,1,1,2
run236,20260123_180650,6,0,0,0
run236,20260123_180650,7,0,0,0
run236,20260123_180650,8,0,0,0
run236,20260123_180650,9,0,0,0
run236,20260123_180650,10,1,0,1
run236,20260123_180650,11,1,0,1
run236,20260123_180650,12,0,0,0
run236,20260123_180650,13,1,0,1
run236,20260123_180650,14,2,0,2
run236,20260123_180650,15,3,0,3
run236,20260123_180650,16,1,0,1
run236,20260123_180650,17,0,0,0
run236,20260123_180650,18,0,0,0
run236,20260123_180650,19,0,0,0
run237,20260123_180739,0,2,0,2
run237,20260123_180739,1,2001,0,2001
run237,20260123_180739,2,0,0,0
run237,20260123_180739,3,0,0,0
run237,20260123_180739,4,3,0,3
run237,20260123_180739,5,3,0,3
run237,20260123_180739,6,2,0,2
run237,20260123_180739,7,1,0,1
run237,20260123_180739,8,0,0,0
run237,20260123_180739,9,0,0,0
run237,20260123_180739,10,0,0,0
run237,20260123_180739,11,0,0,0
run237,20260123_180739,12,2,0,2
run237,20260123_180739,13,3,0,3
run237,20260123_180739,14,1,0,1
run237,20260123_180739,15,1,0,1
run237,20260123_180739,16,1,0,1
run237,20260123_180739,17,0,0,0
run237,20260123_180739,18,0,0,0
run237,20260123_180739,19,0,0,0
run238,20260123_180831,0,1,0,1
run238,20260123_180831,1,1,0,1
run238,20260123_180831,2,2,0,2
run238,20260123_180831,3,0,0,0
run238,20260123_180831,4,4,0,4
run238,20260123_180831,5,2001,0,2001
run238,20260123_180831,6,1,0,1
run238,20260123_180831,7,0,0,0
run238,20260123_180831,8,0,0,0
run238,20260123_180831,9,0,0,0
run238,20260123_180831,10,1,0,1
run238,20260123_180831,11,1,0,1
run238,20260123_180831,12,0,0,0
run238,20260123_180831,13,0,0,0
run238,20260123_180831,14,1,0,1
run238,20260123_180831,15,0,0,0
run238,20260123_180831,16,1,0,1
run238,20260123_180831,17,1,0,1
run238,20260123_180831,18,0,0,0
run238,20260123_180831,19,0,0,0
run239,20260123_180923,0,2,0,2
run239,20260123_180923,1,2,0,2
run239,20260123_180923,2,2,0,2
run239,20260123_180923,3,2,0,2
run239,20260123_180923,4,1,0,1
run239,20260123_180923,5,2,0,2
run239,20260123_180923,6,1,0,1
run239,20260123_180923,7,0,0,0
run239,20260123_180923,8,0,0,0
run239,20260123_180923,9,0,0,0
run239,20260123_180923,10,2,0,2
run239,20260123_180923,11,1,0,1
run239,20260123_180923,12,0,0,0
run239,20260123_180923,13,2001,0,2001
run239,20260123_180923,14,0,0,0
run239,20260123_180923,15,1,0,1
run239,20260123_180923,16,0,0,0
run239,20260123_180923,17,1,0,1
run239,20260123_180923,18,0,0,0
run239,20260123_180923,19,0,0,0
run24,20260123_151418,0,0,0,0
run24,20260123_151418,1,5,0,5
run24,20260123_151418,2,2,0,2
run24,20260123_151418,3,0,0,0
run24,20260123_151418,4,2,0,2
run24,20260123_151418,5,0,0,0
run24,20260123_151418,6,1,0,1
run24,20260123_151418,7,0,0,0
run24,20260123_151418,8,0,0,0
run24,20260123_151418,9,0,0,0
run24,20260123_151418,10,1,0,1
run24,20260123_151418,11,3,0,3
run24,20260123_151418,12,0,0,0
run24,20260123_151418,13,2,0,2
run24,20260123_151418,14,2001,0,2001
run24,20260123_151418,15,2,0,2
run24,20260123_151418,16,2,0,2
run24,20260123_151418,17,0,0,0
run24,20260123_151418,18,0,0,0
run24,20260123_151418,19,0,0,0
run24,20260123_151419,0,0,0,0
run24,20260123_151419,1,5,0,5
run24,20260123_151419,2,2,0,2
run24,20260123_151419,3,0,0,0
run24,20260123_151419,4,2,0,2
run24,20260123_151419,5,0,0,0
run24,20260123_151419,6,1,0,1
run24,20260123_151419,7,0,0,0
run24,20260123_151419,8,0,0,0
run24,20260123_151419,9,0,0,0
run24,20260123_151419,10,1,0,1
run24,20260123_151419,11,3,0,3
run24,20260123_151419,12,0,0,0
run24,20260123_151419,13,2,0,2
run24,20260123_151419,14,2001,0,2001
run24,20260123_151419,15,2,0,2
run24,20260123_151419,16,2,0,2
run24,20260123_151419,17,0,0,0
run24,20260123_151419,18,0,0,0
run24,20260123_151419,19,0,0,0
run240,20260123_181014,0,2,0,2
run240,20260123_181014,1,0,0,0
run240,20260123_181014,2,1,0,1
run240,20260123_181014,3,2000,0,2000
run240,20260123_181014,4,2,0,2
run240,20260123_181014,5,0,0,0
run240,20260123_181014,6,1,0,1
run240,20260123_181014,7,2,0,2
run240,20260123_181014,8,0,0,0
run240,20260123_181014,9,0,0,0
run240,20260123_181014,10,2,0,2
run240,20260123_181014,11,0,0,0
run240,20260123_181014,12,1,0,1
run240,20260123_181014,13,2,0,2
run240,20260123_181014,14,3,0,3
run240,20260123_181014,15,1,0,1
run240,20260123_181014,16,2,0,2
run240,20260123_181014,17,0,0,0
run240,20260123_181014,18,0,0,0
run240,20260123_181014,19,0,0,0
run240,20260123_181015,0,2,0,2
run240,20260123_181015,1,0,0,0
run240,20260123_181015,2,1,0,1
run240,20260123_181015,3,2000,0,2000
run240,20260123_181015,4,2,0,2
run240,20260123_181015,5,0,0,0
run240,20260123_181015,6,1,0,1
run240,20260123_181015,7,2,0,2
run240,20260123_181015,8,0,0,0
run240,20260123_181015,9,0,0,0
run240,20260123_181015,10,2,0,2
run240,20260123_181015,11,0,0,0
run240,20260123_181015,12,1,0,1
run240,20260123_181015,13,2,0,2
run240,20260123_181015,14,3,0,3
run240,20260123_181015,15,1,0,1
run240,20260123_181015,16,2,0,2
run240,20260123_181015,17,0,0,0
run240,20260123_181015,18,0,0,0
run240,20260123_181015,19,0,0,0
run241,20260123_181102,0,6,2,8
run241,20260123_181102,1,4,2,6
run241,20260123_181102,2,4,2,6
run241,20260123_181102,3,4,2,6
run241,20260123_181102,4,4,2,6
run241,20260123_181102,5,0,0,0
run241,20260123_181102,6,1683,0,1683
run241,20260123_181102,7,0,0,0
run241,20260123_181102,8,0,0,0
run241,20260123_181102,9,0,0,0
run241,20260123_181102,10,1,0,1
run241,20260123_181102,11,1,0,1
run241,20260123_181102,12,2,0,2
run241,20260123_181102,13,2,0,2
run241,20260123_181102,14,1,0,1
run241,20260123_181102,15,1,0,1
run241,20260123_181102,16,5,1,6
run241,20260123_181102,17,1,2,3
run241,20260123_181102,18,0,0,0
run241,20260123_181102,19,0,0,0
run242,20260123_181150,0,0,0,0
run242,20260123_181150,1,3,0,3
run242,20260123_181150,2,1,0,1
run242,20260123_181150,3,1,0,1
run242,20260123_181150,4,3,0,3
run242,20260123_181150,5,0,0,0
run242,20260123_181150,6,2,0,2
run242,20260123_181150,7,0,0,0
run242,20260123_181150,8,0,0,0
run242,20260123_181150,9,0,0,0
run242,20260123_181150,10,0,0,0
run242,20260123_181150,11,2,0,2
run242,20260123_181150,12,1,0,1
run242,20260123_181150,13,1,0,1
run242,20260123_181150,14,2000,0,2000
run242,20260123_181150,15,0,0,0
run242,20260123_181150,16,0,0,0
run242,20260123_181150,17,0,0,0
run242,20260123_181150,18,0,0,0
run242,20260123_181150,19,0,0,0
run243,20260123_181238,0,1,32,33
run243,20260123_181238,1,2,32,34
run243,20260123_181238,2,1,32,33
run243,20260123_181238,3,1969,32,2001
run243,20260123_181238,4,1305,32,1337
run243,20260123_181238,5,1,0,1
run243,20260123_181238,6,1,0,1
run243,20260123_181238,7,2,0,2
run243,20260123_181238,8,0,0,0
run243,20260123_181238,9,0,0,0
run243,20260123_181238,10,1,0,1
run243,20260123_181238,11,1,0,1
run243,20260123_181238,12,1,0,1
run243,20260123_181238,13,1,0,1
run243,20260123_181238,14,1,0,1
run243,20260123_181238,15,0,0,0
run243,20260123_181238,16,3,29,32
run243,20260123_181238,17,0,1,1
run243,20260123_181238,18,0,0,0
run243,20260123_181238,19,0,0,0
run244,20260123_181330,0,1,0,1
run244,20260123_181330,1,1,0,1
run244,20260123_181330,2,0,0,0
run244,20260123_181330,3,1,0,1
run244,20260123_181330,4,2000,0,2000
run244,20260123_181330,5,3,0,3
run244,20260123_181330,6,1,0,1
run244,20260123_181330,7,0,0,0
run244,20260123_181330,8,0,0,0
run244,20260123_181330,9,0,0,0
run244,20260123_181330,10,0,0,0
run244,20260123_181330,11,1,0,1
run244,20260123_181330,12,4,0,4
run244,20260123_181330,13,1,0,1
run244,20260123_181330,14,1,0,1
run244,20260123_181330,15,1,0,1
run244,20260123_181330,16,1,0,1
run244,20260123_181330,17,0,0,0
run244,20260123_181330,18,0,0,0
run244,20260123_181330,19,0,0,0
run245,20260123_181418,0,1940,18,1958
run245,20260123_181418,1,11,21,32
run245,20260123_181418,2,8,20,28
run245,20260123_181418,3,9,20,29
run245,20260123_181418,4,8,20,28
run245,20260123_181418,5,18,11,29
run245,20260123_181418,6,9,21,30
run245,20260123_181418,7,10,15,25
run245,20260123_181418,8,0,0,0
run245,20260123_181418,9,0,1,1
run245,20260123_181418,10,40,21,61
run245,20260123_181418,11,14,21,35
run245,20260123_181418,12,9,21,30
run245,20260123_181418,13,11,22,33
run245,20260123_181418,14,8,22,30
run245,20260123_181418,15,15,11,26
run245,20260123_181418,16,7,18,25
run245,20260123_181418,17,9,3,12
run245,20260123_181418,18,0,0,0
run245,20260123_181418,19,0,0,0
run246,20260123_181507,0,1938,28,1966
run246,20260123_181507,1,11,33,44
run246,20260123_181507,2,11,33,44
run246,20260123_181507,3,11,32,43
run246,20260123_181507,4,11,32,43
run246,20260123_181507,5,24,11,35
run246,20260123_181507,6,10,23,33
run246,20260123_181507,7,11,25,36
run246,20260123_181507,8,0,0,0
run246,20260123_181507,9,0,0,0
run246,20260123_181507,10,11,31,42
run246,20260123_181507,11,11,31,42
run246,20260123_181507,12,10,31,41
run246,20260123_181507,13,11,30,41
run246,20260123_181507,14,11,30,41
run246,20260123_181507,15,23,10,33
run246,20260123_181507,16,14,20,34
run246,20260123_181507,17,15,16,31
run246,20260123_181507,18,0,0,0
run246,20260123_181507,19,0,0,0
run246,20260123_181506,0,1938,28,1966
run246,20260123_181506,1,11,33,44
run246,20260123_181506,2,11,33,44
run246,20260123_181506,3,11,32,43
run246,20260123_181506,4,11,32,43
run246,20260123_181506,5,24,11,35
run246,20260123_181506,6,10,23,33
run246,20260123_181506,7,11,25,36
run246,20260123_181506,8,0,0,0
run246,20260123_181506,9,0,0,0
run246,20260123_181506,10,11,31,42
run246,20260123_181506,11,11,31,42
run246,20260123_181506,12,10,31,41
run246,20260123_181506,13,11,30,41
run246,20260123_181506,14,11,30,41
run246,20260123_181506,15,23,10,33
run246,20260123_181506,16,14,20,34
run246,20260123_181506,17,15,16,31
run246,20260123_181506,18,0,0,0
run246,20260123_181506,19,0,0,0
run247,20260123_181554,0,3,0,3
run247,20260123_181554,1,3,0,3
run247,20260123_181554,2,0,0,0
run247,20260123_181554,3,1998,0,1998
run247,20260123_181554,4,1,0,1
run247,20260123_181554,5,1,0,1
run247,20260123_181554,6,1,0,1
run247,20260123_181554,7,2,0,2
run247,20260123_181554,8,0,0,0
run247,20260123_181554,9,0,0,0
run247,20260123_181554,10,2,0,2
run247,20260123_181554,11,1,0,1
run247,20260123_181554,12,1,0,1
run247,20260123_181554,13,1,0,1
run247,20260123_181554,14,0,0,0
run247,20260123_181554,15,2,0,2
run247,20260123_181554,16,1,0,1
run247,20260123_181554,17,0,0,0
run247,20260123_181554,18,0,0,0
run247,20260123_181554,19,0,0,0
run248,20260123_181646,0,1,0,1
run248,20260123_181646,1,3,0,3
run248,20260123_181646,2,0,0,0
run248,20260123_181646,3,2000,0,2000
run248,20260123_181646,4,0,0,0
run248,20260123_181646,5,1,0,1
run248,20260123_181646,6,1,0,1
run248,20260123_181646,7,1,0,1
run248,20260123_181646,8,0,0,0
run248,20260123_181646,9,0,0,0
run248,20260123_181646,10,0,0,0
run248,20260123_181646,11,0,0,0
run248,20260123_181646,12,1,0,1
run248,20260123_181646,13,1,0,1
run248,20260123_181646,14,1,0,1
run248,20260123_181646,15,2,0,2
run248,20260123_181646,16,1,0,1
run248,20260123_181646,17,0,0,0
run248,20260123_181646,18,0,0,0
run248,20260123_181646,19,0,0,0
run249,20260123_181738,0,0,0,0
run249,20260123_181738,1,2,0,2
run249,20260123_181738,2,2,0,2
run249,20260123_181738,3,1,0,1
run249,20260123_181738,4,1,0,1
run249,20260123_181738,5,4,0,4
run249,20260123_181738,6,4,0,4
run249,20260123_181738,7,3,0,3
run249,20260123_181738,8,0,0,0
run249,20260123_181738,9,0,0,0
run249,20260123_181738,10,1116,0,1116
run249,20260123_181738,11,0,0,0
run249,20260123_181738,12,886,0,886
run249,20260123_181738,13,0,0,0
run249,20260123_181738,14,0,0,0
run249,20260123_181738,15,1,0,1
run249,20260123_181738,16,2,0,2
run249,20260123_181738,17,0,0,0
run249,20260123_181738,18,0,0,0
run249,20260123_181738,19,0,0,0
run249,20260123_181739,0,0,0,0
run249,20260123_181739,1,2,0,2
run249,20260123_181739,2,2,0,2
run249,20260123_181739,3,1,0,1
run249,20260123_181739,4,1,0,1
run249,20260123_181739,5,4,0,4
run249,20260123_181739,6,4,0,4
run249,20260123_181739,7,3,0,3
run249,20260123_181739,8,0,0,0
run249,20260123_181739,9,0,0,0
run249,20260123_181739,10,1116,0,1116
run249,20260123_181739,11,0,0,0
run249,20260123_181739,12,886,0,886
run249,20260123_181739,13,0,0,0
run249,20260123_181739,14,0,0,0
run249,20260123_181739,15,1,0,1
run249,20260123_181739,16,2,0,2
run249,20260123_181739,17,0,0,0
run249,20260123_181739,18,0,0,0
run249,20260123_181739,19,0,0,0
run25,20260123_151511,0,0,0,0
run25,20260123_151511,1,2,0,2
run25,20260123_151511,2,0,0,0
run25,20260123_151511,3,0,0,0
run25,20260123_151511,4,0,0,0
run25,20260123_151511,5,2,0,2
run25,20260123_151511,6,1,0,1
run25,20260123_151511,7,2,0,2
run25,20260123_151511,8,0,0,0
run25,20260123_151511,9,0,0,0
run25,20260123_151511,10,127,0,127
run25,20260123_151511,11,1293,0,1293
run25,20260123_151511,12,2,0,2
run25,20260123_151511,13,1,0,1
run25,20260123_151511,14,0,0,0
run25,20260123_151511,15,583,0,583
run25,20260123_151511,16,2,0,2
run25,20260123_151511,17,0,0,0
run25,20260123_151511,18,0,0,0
run25,20260123_151511,19,0,0,0
run250,20260123_181826,0,0,0,0
run250,20260123_181826,1,2,0,2
run250,20260123_181826,2,0,0,0
run250,20260123_181826,3,1,0,1
run250,20260123_181826,4,2,0,2
run250,20260123_181826,5,0,0,0
run250,20260123_181826,6,0,0,0
run250,20260123_181826,7,0,0,0
run250,20260123_181826,8,0,0,0
run250,20260123_181826,9,0,0,0
run250,20260123_181826,10,1,0,1
run250,20260123_181826,11,1,0,1
run250,20260123_181826,12,2,0,2
run250,20260123_181826,13,2,0,2
run250,20260123_181826,14,1,0,1
run250,20260123_181826,15,1,0,1
run250,20260123_181826,16,3,0,3
run250,20260123_181826,17,2,0,2
run250,20260123_181826,18,0,0,0
run250,20260123_181826,19,0,0,0
run251,20260123_181914,0,1,1,2
run251,20260123_181914,1,2,1,3
run251,20260123_181914,2,1,1,2
run251,20260123_181914,3,1,1,2
run251,20260123_181914,4,1598,1,1599
run251,20260123_181914,5,2,0,2
run251,20260123_181914,6,0,0,0
run251,20260123_181914,7,0,0,0
run251,20260123_181914,8,0,0,0
run251,20260123_181914,9,0,0,0
run251,20260123_181914,10,0,0,0
run251,20260123_181914,11,0,0,0
run251,20260123_181914,12,0,0,0
run251,20260123_181914,13,1,0,1
run251,20260123_181914,14,1,0,1
run251,20260123_181914,15,2,0,2
run251,20260123_181914,16,1,0,1
run251,20260123_181914,17,98,1,99
run251,20260123_181914,18,0,0,0
run251,20260123_181914,19,0,0,0
run252,20260123_182006,0,7,0,7
run252,20260123_182006,1,3,0,3
run252,20260123_182006,2,44,0,44
run252,20260123_182006,3,4,0,4
run252,20260123_182006,4,2,0,2
run252,20260123_182006,5,13,0,13
run252,20260123_182006,6,1673,0,1673
run252,20260123_182006,7,1949,0,1949
run252,20260123_182006,8,0,0,0
run252,20260123_182006,9,0,0,0
run252,20260123_182006,10,2,0,2
run252,20260123_182006,11,1,0,1
run252,20260123_182006,12,2,0,2
run252,20260123_182006,13,0,0,0
run252,20260123_182006,14,2,0,2
run252,20260123_182006,15,0,0,0
run252,20260123_182006,16,2,0,2
run252,20260123_182006,17,0,0,0
run252,20260123_182006,18,0,0,0
run252,20260123_182006,19,0,0,0
run253,20260123_182058,0,1949,29,1978
run253,20260123_182058,1,5,37,42
run253,20260123_182058,2,4,37,41
run253,20260123_182058,3,0,36,36
run253,20260123_182058,4,2,36,38
run253,20260123_182058,5,10,16,26
run253,20260123_182058,6,1,34,35
run253,20260123_182058,7,0,21,21
run253,20260123_182058,8,0,0,0
run253,20260123_182058,9,0,0,0
run253,20260123_182058,10,21,36,57
run253,20260123_182058,11,2,35,37
run253,20260123_182058,12,1,35,36
run253,20260123_182058,13,1,35,36
run253,20260123_182058,14,0,35,35
run253,20260123_182058,15,12,11,23
run253,20260123_182058,16,6,24,30
run253,20260123_182058,17,2,10,12
run253,20260123_182058,18,0,0,0
run253,20260123_182058,19,0,0,0
run254,20260123_182146,0,2,0,2
run254,20260123_182146,1,5,0,5
run254,20260123_182146,2,1,0,1
run254,20260123_182146,3,1,0,1
run254,20260123_182146,4,0,0,0
run254,20260123_182146,5,0,0,0
run254,20260123_182146,6,2,0,2
run254,20260123_182146,7,0,0,0
run254,20260123_182146,8,0,0,0
run254,20260123_182146,9,0,0,0
run254,20260123_182146,10,0,0,0
run254,20260123_182146,11,1,0,1
run254,20260123_182146,12,0,0,0
run254,20260123_182146,13,3,0,3
run254,20260123_182146,14,1,0,1
run254,20260123_182146,15,1,0,1
run254,20260123_182146,16,3,0,3
run254,20260123_182146,17,0,0,0
run254,20260123_182146,18,0,0,0
run254,20260123_182146,19,0,0,0
run255,20260123_182234,0,1,0,1
run255,20260123_182234,1,2,0,2
run255,20260123_182234,2,2,0,2
run255,20260123_182234,3,1999,0,1999
run255,20260123_182234,4,0,0,0
run255,20260123_182234,5,2,0,2
run255,20260123_182234,6,2,0,2
run255,20260123_182234,7,1,0,1
run255,20260123_182234,8,0,0,0
run255,20260123_182234,9,0,0,0
run255,20260123_182234,10,0,0,0
run255,20260123_182234,11,3,0,3
run255,20260123_182234,12,0,0,0
run255,20260123_182234,13,0,0,0
run255,20260123_182234,14,1,0,1
run255,20260123_182234,15,1,0,1
run255,20260123_182234,16,0,0,0
run255,20260123_182234,17,0,0,0
run255,20260123_182234,18,0,0,0
run255,20260123_182234,19,0,0,0
run256,20260123_182322,0,3,0,3
run256,20260123_182322,1,322,0,322
run256,20260123_182322,2,1973,0,1973
run256,20260123_182322,3,2000,0,2000
run256,20260123_182322,4,1,0,1
run256,20260123_182322,5,2,0,2
run256,20260123_182322,6,1,0,1
run256,20260123_182322,7,1,0,1
run256,20260123_182322,8,0,0,0
run256,20260123_182322,9,0,0,0
run256,20260123_182322,10,2,0,2
run256,20260123_182322,11,1,0,1
run256,20260123_182322,12,3,0,3
run256,20260123_182322,13,1,0,1
run256,20260123_182322,14,2,0,2
run256,20260123_182322,15,0,0,0
run256,20260123_182322,16,2,0,2
run256,20260123_182322,17,1,0,1
run256,20260123_182322,18,0,0,0
run256,20260123_182322,19,0,0,0
run257,20260123_182414,0,2,0,2
run257,20260123_182414,1,2000,0,2000
run257,20260123_182414,2,2,0,2
run257,20260123_182414,3,2,0,2
run257,20260123_182414,4,0,0,0
run257,20260123_182414,5,4,0,4
run257,20260123_182414,6,0,0,0
run257,20260123_182414,7,1,0,1
run257,20260123_182414,8,0,0,0
run257,20260123_182414,9,0,0,0
run257,20260123_182414,10,0,0,0
run257,20260123_182414,11,1,0,1
run257,20260123_182414,12,1,0,1
run257,20260123_182414,13,0,0,0
run257,20260123_182414,14,1,0,1
run257,20260123_182414,15,1,0,1
run257,20260123_182414,16,1,0,1
run257,20260123_182414,17,1,0,1
run257,20260123_182414,18,0,0,0
run257,20260123_182414,19,0,0,0
run258,20260123_182506,0,1,0,1
run258,20260123_182506,1,2,0,2
run258,20260123_182506,2,2,0,2
run258,20260123_182506,3,0,0,0
run258,20260123_182506,4,0,0,0
run258,20260123_182506,5,4,0,4
run258,20260123_182506,6,0,0,0
run258,20260123_182506,7,1,0,1
run258,20260123_182506,8,0,0,0
run258,20260123_182506,9,0,0,0
run258,20260123_182506,10,2,0,2
run258,20260123_182506,11,0,0,0
run258,20260123_182506,12,1998,0,1998
run258,20260123_182506,13,1,0,1
run258,20260123_182506,14,0,0,0
run258,20260123_182506,15,0,0,0
run258,20260123_182506,16,1,0,1
run258,20260123_182506,17,0,0,0
run258,20260123_182506,18,0,0,0
run258,20260123_182506,19,0,0,0
run259,20260123_182554,0,1,1,2
run259,20260123_182554,1,2,0,2
run259,20260123_182554,2,300,0,300
run259,20260123_182554,3,1097,0,1097
run259,20260123_182554,4,2,0,2
run259,20260123_182554,5,0,0,0
run259,20260123_182554,6,0,0,0
run259,20260123_182554,7,3,0,3
run259,20260123_182554,8,0,0,0
run259,20260123_182554,9,0,0,0
run259,20260123_182554,10,2,0,2
run259,20260123_182554,11,0,0,0
run259,20260123_182554,12,0,0,0
run259,20260123_182554,13,1,0,1
run259,20260123_182554,14,3,0,3
run259,20260123_182554,15,1,0,1
run259,20260123_182554,16,0,1,1
run259,20260123_182554,17,0,1,1
run259,20260123_182554,18,0,0,0
run259,20260123_182554,19,0,0,0
run26,20260123_151603,0,0,495,495
run26,20260123_151603,1,2,495,497
run26,20260123_151603,2,1,495,496
run26,20260123_151603,3,1,495,496
run26,20260123_151603,4,2,495,497
run26,20260123_151603,5,1297,0,1297
run26,20260123_151603,6,0,0,0
run26,20260123_151603,7,3,0,3
run26,20260123_151603,8,0,0,0
run26,20260123_151603,9,0,0,0
run26,20260123_151603,10,8,0,8
run26,20260123_151603,11,3,0,3
run26,20260123_151603,12,108,0,108
run26,20260123_151603,13,4,0,4
run26,20260123_151603,14,1,0,1
run26,20260123_151603,15,2,0,2
run26,20260123_151603,16,0,391,391
run26,20260123_151603,17,0,291,291
run26,20260123_151603,18,0,0,0
run26,20260123_151603,19,0,0,0
run260,20260123_182642,0,0,0,0
run260,20260123_182642,1,1,0,1
run260,20260123_182642,2,3,0,3
run260,20260123_182642,3,1,0,1
run260,20260123_182642,4,1,0,1
run260,20260123_182642,5,1,0,1
run260,20260123_182642,6,1,0,1
run260,20260123_182642,7,0,0,0
run260,20260123_182642,8,0,0,0
run260,20260123_182642,9,0,0,0
run260,20260123_182642,10,0,0,0
run260,20260123_182642,11,0,0,0
run260,20260123_182642,12,0,0,0
run260,20260123_182642,13,0,0,0
run260,20260123_182642,14,3,0,3
run260,20260123_182642,15,2,0,2
run260,20260123_182642,16,1,0,1
run260,20260123_182642,17,324,0,324
run260,20260123_182642,18,0,0,0
run260,20260123_182642,19,0,0,0
run261,20260123_182734,0,1,0,1
run261,20260123_182734,1,1984,0,1984
run261,20260123_182734,2,32,0,32
run261,20260123_182734,3,0,0,0
run261,20260123_182734,4,0,0,0
run261,20260123_182734,5,1,0,1
run261,20260123_182734,6,0,0,0
run261,20260123_182734,7,2,0,2
run261,20260123_182734,8,0,0,0
run261,20260123_182734,9,0,0,0
run261,20260123_182734,10,1,0,1
run261,20260123_182734,11,0,0,0
run261,20260123_182734,12,1,0,1
run261,20260123_182734,13,0,0,0
run261,20260123_182734,14,0,0,0
run261,20260123_182734,15,1,0,1
run261,20260123_182734,16,1,0,1
run261,20260123_182734,17,0,0,0
run261,20260123_182734,18,0,0,0
run261,20260123_182734,19,0,0,0
run262,20260123_182822,0,2,1,3
run262,20260123_182822,1,3,1,4
run262,20260123_182822,2,0,2,2
run262,20260123_182822,3,0,1,1
run262,20260123_182822,4,1,1,2
run262,20260123_182822,5,2,0,2
run262,20260123_182822,6,3,0,3
run262,20260123_182822,7,0,0,0
run262,20260123_182822,8,1,0,1
run262,20260123_182822,9,0,2,2
run262,20260123_182822,10,1,0,1
run262,20260123_182822,11,2,1,3
run262,20260123_182822,12,2,0,2
run262,20260123_182822,13,3,0,3
run262,20260123_182822,14,1,0,1
run262,20260123_182822,15,2,0,2
run262,20260123_182822,16,1,0,1
run262,20260123_182822,17,0,1,1
run262,20260123_182822,18,0,1,1
run262,20260123_182822,19,0,0,0
run263,20260123_182911,0,0,0,0
run263,20260123_182911,1,1,0,1
run263,20260123_182911,2,3,0,3
run263,20260123_182911,3,1,0,1
run263,20260123_182911,4,1973,0,1973
run263,20260123_182911,5,2001,1,2002
run263,20260123_182911,6,2,0,2
run263,20260123_182911,7,2,0,2
run263,20260123_182911,8,0,0,0
run263,20260123_182911,9,0,0,0
run263,20260123_182911,10,0,0,0
run263,20260123_182911,11,1,0,1
run263,20260123_182911,12,1,0,1
run263,20260123_182911,13,1,0,1
run263,20260123_182911,14,0,0,0
run263,20260123_182911,15,1,0,1
run263,20260123_182911,16,3,0,3
run263,20260123_182911,17,0,0,0
run263,20260123_182911,18,0,0,0
run263,20260123_182911,19,0,0,0
run264,20260123_182959,0,1,0,1
run264,20260123_182959,1,0,0,0
run264,20260123_182959,2,0,0,0
run264,20260123_182959,3,1,0,1
run264,20260123_182959,4,1,0,1
run264,20260123_182959,5,0,0,0
run264,20260123_182959,6,2,0,2
run264,20260123_182959,7,1,0,1
run264,20260123_182959,8,0,0,0
run264,20260123_182959,9,0,0,0
run264,20260123_182959,10,0,0,0
run264,20260123_182959,11,2,0,2
run264,20260123_182959,12,1,0,1
run264,20260123_182959,13,2,0,2
run264,20260123_182959,14,1,0,1
run264,20260123_182959,15,599,0,599
run264,20260123_182959,16,1294,0,1294
run264,20260123_182959,17,1,0,1
run264,20260123_182959,18,0,0,0
run264,20260123_182959,19,0,0,0
run265,20260123_183047,0,0,0,0
run265,20260123_183047,1,2,0,2
run265,20260123_183047,2,2,0,2
run265,20260123_183047,3,0,0,0
run265,20260123_183047,4,0,0,0
run265,20260123_183047,5,2,0,2
run265,20260123_183047,6,3,0,3
run265,20260123_183047,7,1,0,1
run265,20260123_183047,8,0,0,0
run265,20260123_183047,9,0,0,0
run265,20260123_183047,10,0,0,0
run265,20260123_183047,11,1,0,1
run265,20260123_183047,12,0,0,0
run265,20260123_183047,13,1,0,1
run265,20260123_183047,14,3,0,3
run265,20260123_183047,15,1,0,1
run265,20260123_183047,16,1,0,1
run265,20260123_183047,17,0,0,0
run265,20260123_183047,18,0,0,0
run265,20260123_183047,19,0,0,0
run266,20260123_183135,0,1,0,1
run266,20260123_183135,1,2,0,2
run266,20260123_183135,2,0,0,0
run266,20260123_183135,3,1,0,1
run266,20260123_183135,4,2,0,2
run266,20260123_183135,5,1,1,2
run266,20260123_183135,6,2,0,2
run266,20260123_183135,7,2,0,2
run266,20260123_183135,8,0,0,0
run266,20260123_183135,9,0,0,0
run266,20260123_183135,10,0,0,0
run266,20260123_183135,11,2,0,2
run266,20260123_183135,12,2,0,2
run266,20260123_183135,13,0,0,0
run266,20260123_183135,14,2,0,2
run266,20260123_183135,15,1,0,1
run266,20260123_183135,16,1,0,1
run266,20260123_183135,17,1,0,1
run266,20260123_183135,18,0,0,0
run266,20260123_183135,19,0,0,0
run267,20260123_183227,0,2,4,6
run267,20260123_183227,1,1,4,5
run267,20260123_183227,2,2,4,6
run267,20260123_183227,3,0,4,4
run267,20260123_183227,4,2,4,6
run267,20260123_183227,5,2,0,2
run267,20260123_183227,6,1,0,1
run267,20260123_183227,7,1,0,1
run267,20260123_183227,8,0,0,0
run267,20260123_183227,9,0,0,0
run267,20260123_183227,10,1,0,1
run267,20260123_183227,11,1999,0,1999
run267,20260123_183227,12,2,0,2
run267,20260123_183227,13,0,0,0
run267,20260123_183227,14,0,0,0
run267,20260123_183227,15,0,0,0
run267,20260123_183227,16,1,3,4
run267,20260123_183227,17,0,4,4
run267,20260123_183227,18,0,0,0
run267,20260123_183227,19,0,0,0
run268,20260123_183319,0,1938,30,1968
run268,20260123_183319,1,1,36,37
run268,20260123_183319,2,1,36,37
run268,20260123_183319,3,1,35,36
run268,20260123_183319,4,2,35,37
run268,20260123_183319,5,13,13,26
run268,20260123_183319,6,2,32,34
run268,20260123_183319,7,1,22,23
run268,20260123_183319,8,0,0,0
run268,20260123_183319,9,0,0,0
run268,20260123_183319,10,2,34,36
run268,20260123_183319,11,2,34,36
run268,20260123_183319,12,1,34,35
run268,20260123_183319,13,2,34,36
run268,20260123_183319,14,0,35,35
run268,20260123_183319,15,10,12,22
run268,20260123_183319,16,3,28,31
run268,20260123_183319,17,1,10,11
run268,20260123_183319,18,0,0,0
run268,20260123_183319,19,0,0,0
run269,20260123_183407,0,0,0,0
run269,20260123_183407,1,1,0,1
run269,20260123_183407,2,0,0,0
run269,20260123_183407,3,1,0,1
run269,20260123_183407,4,1,0,1
run269,20260123_183407,5,2,0,2
run269,20260123_183407,6,0,0,0
run269,20260123_183407,7,1,0,1
run269,20260123_183407,8,0,0,0
run269,20260123_183407,9,0,0,0
run269,20260123_183407,10,4,0,4
run269,20260123_183407,11,1,0,1
run269,20260123_183407,12,2,0,2
run269,20260123_183407,13,0,0,0
run269,20260123_183407,14,1,0,1
run269,20260123_183407,15,0,0,0
run269,20260123_183407,16,49,0,49
run269,20260123_183407,17,0,0,0
run269,20260123_183407,18,0,0,0
run269,20260123_183407,19,0,0,0
run27,20260123_151651,0,1,0,1
run27,20260123_151651,1,1,0,1
run27,20260123_151651,2,1,0,1
run27,20260123_151651,3,1,0,1
run27,20260123_151651,4,0,0,0
run27,20260123_151651,5,2,0,2
run27,20260123_151651,6,0,0,0
run27,20260123_151651,7,0,0,0
run27,20260123_151651,8,0,0,0
run27,20260123_151651,9,0,0,0
run27,20260123_151651,10,0,0,0
run27,20260123_151651,11,1,0,1
run27,20260123_151651,12,1,0,1
run27,20260123_151651,13,2000,0,2000
run27,20260123_151651,14,3,0,3
run27,20260123_151651,15,2,0,2
run27,20260123_151651,16,2,0,2
run27,20260123_151651,17,0,0,0
run27,20260123_151651,18,0,0,0
run27,20260123_151651,19,0,0,0
run270,20260123_183455,0,1,0,1
run270,20260123_183455,1,0,0,0
run270,20260123_183455,2,2,0,2
run270,20260123_183455,3,2,0,2
run270,20260123_183455,4,1,0,1
run270,20260123_183455,5,2001,0,2001
run270,20260123_183455,6,1,0,1
run270,20260123_183455,7,1,0,1
run270,20260123_183455,8,0,0,0
run270,20260123_183455,9,0,0,0
run270,20260123_183455,10,2,0,2
run270,20260123_183455,11,3,0,3
run270,20260123_183455,12,1,0,1
run270,20260123_183455,13,2,0,2
run270,20260123_183455,14,2,0,2
run270,20260123_183455,15,3,0,3
run270,20260123_183455,16,1,0,1
run270,20260123_183455,17,0,0,0
run270,20260123_183455,18,0,0,0
run270,20260123_183455,19,0,0,0
run271,20260123_183547,0,1,0,1
run271,20260123_183547,1,2,0,2
run271,20260123_183547,2,0,0,0
run271,20260123_183547,3,0,0,0
run271,20260123_183547,4,1,0,1
run271,20260123_183547,5,818,0,818
run271,20260123_183547,6,0,0,0
run271,20260123_183547,7,1,0,1
run271,20260123_183547,8,0,0,0
run271,20260123_183547,9,0,0,0
run271,20260123_183547,10,0,0,0
run271,20260123_183547,11,1,0,1
run271,20260123_183547,12,3,0,3
run271,20260123_183547,13,1183,0,1183
run271,20260123_183547,14,0,0,0
run271,20260123_183547,15,1,0,1
run271,20260123_183547,16,2,0,2
run271,20260123_183547,17,0,0,0
run271,20260123_183547,18,0,0,0
run271,20260123_183547,19,0,0,0
run272,20260123_183635,0,1,0,1
run272,20260123_183635,1,4,0,4
run272,20260123_183635,2,933,0,933
run272,20260123_183635,3,0,0,0
run272,20260123_183635,4,0,0,0
run272,20260123_183635,5,3,0,3
run272,20260123_183635,6,4,0,4
run272,20260123_183635,7,1069,0,1069
run272,20260123_183635,8,0,0,0
run272,20260123_183635,9,0,0,0
run272,20260123_183635,10,3,0,3
run272,20260123_183635,11,0,0,0
run272,20260123_183635,12,2,0,2
run272,20260123_183635,13,0,0,0
run272,20260123_183635,14,1,0,1
run272,20260123_183635,15,0,0,0
run272,20260123_183635,16,0,0,0
run272,20260123_183635,17,0,0,0
run272,20260123_183635,18,0,0,0
run272,20260123_183635,19,0,0,0
run273,20260123_183723,0,0,0,0
run273,20260123_183723,1,3,0,3
run273,20260123_183723,2,3,0,3
run273,20260123_183723,3,1,0,1
run273,20260123_183723,4,1,0,1
run273,20260123_183723,5,3,0,3
run273,20260123_183723,6,0,0,0
run273,20260123_183723,7,1,0,1
run273,20260123_183723,8,0,0,0
run273,20260123_183723,9,0,0,0
run273,20260123_183723,10,0,0,0
run273,20260123_183723,11,1,0,1
run273,20260123_183723,12,0,0,0
run273,20260123_183723,13,1,0,1
run273,20260123_183723,14,1,0,1
run273,20260123_183723,15,0,0,0
run273,20260123_183723,16,2,0,2
run273,20260123_183723,17,1,0,1
run273,20260123_183723,18,0,0,0
run273,20260123_183723,19,0,0,0
run274,20260123_183811,0,0,0,0
run274,20260123_183811,1,1,0,1
run274,20260123_183811,2,1,0,1
run274,20260123_183811,3,0,0,0
run274,20260123_183811,4,0,0,0
run274,20260123_183811,5,1,0,1
run274,20260123_183811,6,0,0,0
run274,20260123_183811,7,0,0,0
run274,20260123_183811,8,0,0,0
run274,20260123_183811,9,0,0,0
run274,20260123_183811,10,1,0,1
run274,20260123_183811,11,453,0,453
run274,20260123_183811,12,1,0,1
run274,20260123_183811,13,1548,0,1548
run274,20260123_183811,14,0,0,0
run274,20260123_183811,15,1,0,1
run274,20260123_183811,16,6,0,6
run274,20260123_183811,17,0,0,0
run274,20260123_183811,18,0,0,0
run274,20260123_183811,19,0,0,0
run275,20260123_183859,0,1,0,1
run275,20260123_183859,1,2,0,2
run275,20260123_183859,2,3,0,3
run275,20260123_183859,3,2,0,2
run275,20260123_183859,4,1,0,1
run275,20260123_183859,5,0,0,0
run275,20260123_183859,6,1,0,1
run275,20260123_183859,7,1,0,1
run275,20260123_183859,8,0,0,0
run275,20260123_183859,9,0,0,0
run275,20260123_183859,10,1,0,1
run275,20260123_183859,11,2000,0,2000
run275,20260123_183859,12,0,0,0
run275,20260123_183859,13,1,0,1
run275,20260123_183859,14,5,0,5
run275,20260123_183859,15,1,0,1
run275,20260123_183859,16,0,0,0
run275,20260123_183859,17,0,0,0
run275,20260123_183859,18,0,0,0
run275,20260123_183859,19,0,0,0
run276,20260123_183947,0,0,0,0
run276,20260123_183947,1,3,0,3
run276,20260123_183947,2,2,0,2
run276,20260123_183947,3,3,0,3
run276,20260123_183947,4,2,0,2
run276,20260123_183947,5,2000,0,2000
run276,20260123_183947,6,0,0,0
run276,20260123_183947,7,0,0,0
run276,20260123_183947,8,0,0,0
run276,20260123_183947,9,0,0,0
run276,20260123_183947,10,1,0,1
run276,20260123_183947,11,0,0,0
run276,20260123_183947,12,1,0,1
run276,20260123_183947,13,1,0,1
run276,20260123_183947,14,2,0,2
run276,20260123_183947,15,3,0,3
run276,20260123_183947,16,0,0,0
run276,20260123_183947,17,0,0,0
run276,20260123_183947,18,0,0,0
run276,20260123_183947,19,0,0,0
run277,20260123_184035,0,1,1,2
run277,20260123_184035,1,2,1,3
run277,20260123_184035,2,2,1,3
run277,20260123_184035,3,1,1,2
run277,20260123_184035,4,2,1,3
run277,20260123_184035,5,1,0,1
run277,20260123_184035,6,1,0,1
run277,20260123_184035,7,2,0,2
run277,20260123_184035,8,0,0,0
run277,20260123_184035,9,0,0,0
run277,20260123_184035,10,0,0,0
run277,20260123_184035,11,0,0,0
run277,20260123_184035,12,0,0,0
run277,20260123_184035,13,0,0,0
run277,20260123_184035,14,1,0,1
run277,20260123_184035,15,2,0,2
run277,20260123_184035,16,1,0,1
run277,20260123_184035,17,0,1,1
run277,20260123_184035,18,0,0,0
run277,20260123_184035,19,0,0,0
run278,20260123_184123,0,1,0,1
run278,20260123_184123,1,4,0,4
run278,20260123_184123,2,0,0,0
run278,20260123_184123,3,1,0,1
run278,20260123_184123,4,0,0,0
run278,20260123_184123,5,1,0,1
run278,20260123_184123,6,0,0,0
run278,20260123_184123,7,1,0,1
run278,20260123_184123,8,0,0,0
run278,20260123_184123,9,0,0,0
run278,20260123_184123,10,0,0,0
run278,20260123_184123,11,0,0,0
run278,20260123_184123,12,2,0,2
run278,20260123_184123,13,0,0,0
run278,20260123_184123,14,2001,0,2001
run278,20260123_184123,15,0,0,0
run278,20260123_184123,16,0,0,0
run278,20260123_184123,17,0,0,0
run278,20260123_184123,18,0,0,0
run278,20260123_184123,19,0,0,0
run279,20260123_184211,0,0,0,0
run279,20260123_184211,1,0,0,0
run279,20260123_184211,2,3,0,3
run279,20260123_184211,3,1,0,1
run279,20260123_184211,4,1,0,1
run279,20260123_184211,5,0,0,0
run279,20260123_184211,6,1,0,1
run279,20260123_184211,7,0,0,0
run279,20260123_184211,8,0,0,0
run279,20260123_184211,9,0,0,0
run279,20260123_184211,10,0,0,0
run279,20260123_184211,11,404,0,404
run279,20260123_184211,12,0,0,0
run279,20260123_184211,13,0,0,0
run279,20260123_184211,14,3,0,3
run279,20260123_184211,15,2,0,2
run279,20260123_184211,16,1,0,1
run279,20260123_184211,17,0,0,0
run279,20260123_184211,18,0,0,0
run279,20260123_184211,19,0,0,0
run28,20260123_151739,0,0,0,0
run28,20260123_151739,1,1,0,1
run28,20260123_151739,2,0,0,0
run28,20260123_151739,3,0,0,0
run28,20260123_151739,4,3,0,3
run28,20260123_151739,5,1,0,1
run28,20260123_151739,6,1,0,1
run28,20260123_151739,7,0,0,0
run28,20260123_151739,8,0,0,0
run28,20260123_151739,9,0,0,0
run28,20260123_151739,10,4,0,4
run28,20260123_151739,11,0,0,0
run28,20260123_151739,12,0,0,0
run28,20260123_151739,13,0,0,0
run28,20260123_151739,14,1,0,1
run28,20260123_151739,15,0,0,0
run28,20260123_151739,16,1,0,1
run28,20260123_151739,17,0,0,0
run28,20260123_151739,18,0,0,0
run28,20260123_151739,19,0,0,0
run280,20260123_184259,0,0,0,0
run280,20260123_184259,1,1,0,1
run280,20260123_184259,2,0,0,0
run280,20260123_184259,3,1,0,1
run280,20260123_184259,4,1,0,1
run280,20260123_184259,5,1,0,1
run280,20260123_184259,6,1,0,1
run280,20260123_184259,7,0,0,0
run280,20260123_184259,8,0,0,0
run280,20260123_184259,9,0,0,0
run280,20260123_184259,10,2,0,2
run280,20260123_184259,11,2,0,2
run280,20260123_184259,12,153,0,153
run280,20260123_184259,13,2,0,2
run280,20260123_184259,14,0,0,0
run280,20260123_184259,15,0,0,0
run280,20260123_184259,16,1847,0,1847
run280,20260123_184259,17,1,0,1
run280,20260123_184259,18,0,0,0
run280,20260123_184259,19,0,0,0
run281,20260123_184347,0,1,0,1
run281,20260123_184347,1,1999,0,1999
run281,20260123_184347,2,0,0,0
run281,20260123_184347,3,1,0,1
run281,20260123_184347,4,0,0,0
run281,20260123_184347,5,1,0,1
run281,20260123_184347,6,2,0,2
run281,20260123_184347,7,0,0,0
run281,20260123_184347,8,0,0,0
run281,20260123_184347,9,0,0,0
run281,20260123_184347,10,1,0,1
run281,20260123_184347,11,2,0,2
run281,20260123_184347,12,3,0,3
run281,20260123_184347,13,0,0,0
run281,20260123_184347,14,1,0,1
run281,20260123_184347,15,1,0,1
run281,20260123_184347,16,0,0,0
run281,20260123_184347,17,0,0,0
run281,20260123_184347,18,0,0,0
run281,20260123_184347,19,0,0,0
run281,20260123_184348,0,1,0,1
run281,20260123_184348,1,1999,0,1999
run281,20260123_184348,2,0,0,0
run281,20260123_184348,3,1,0,1
run281,20260123_184348,4,0,0,0
run281,20260123_184348,5,1,0,1
run281,20260123_184348,6,2,0,2
run281,20260123_184348,7,0,0,0
run281,20260123_184348,8,0,0,0
run281,20260123_184348,9,0,0,0
run281,20260123_184348,10,1,0,1
run281,20260123_184348,11,2,0,2
run281,20260123_184348,12,3,0,3
run281,20260123_184348,13,0,0,0
run281,20260123_184348,14,1,0,1
run281,20260123_184348,15,1,0,1
run281,20260123_184348,16,0,0,0
run281,20260123_184348,17,0,0,0
run281,20260123_184348,18,0,0,0
run281,20260123_184348,19,0,0,0
run282,20260123_184439,0,0,0,0
run282,20260123_184439,1,3,0,3
run282,20260123_184439,2,0,0,0
run282,20260123_184439,3,1,0,1
run282,20260123_184439,4,0,0,0
run282,20260123_184439,5,1,0,1
run282,20260123_184439,6,0,0,0
run282,20260123_184439,7,2,0,2
run282,20260123_184439,8,0,0,0
run282,20260123_184439,9,0,0,0
run282,20260123_184439,10,0,0,0
run282,20260123_184439,11,2000,0,2000
run282,20260123_184439,12,1,0,1
run282,20260123_184439,13,0,0,0
run282,20260123_184439,14,2,0,2
run282,20260123_184439,15,2,0,2
run282,20260123_184439,16,0,0,0
run282,20260123_184439,17,0,0,0
run282,20260123_184439,18,0,0,0
run282,20260123_184439,19,0,0,0
run283,20260123_184528,0,0,0,0
run283,20260123_184528,1,1,0,1
run283,20260123_184528,2,1,0,1
run283,20260123_184528,3,0,0,0
run283,20260123_184528,4,1,0,1
run283,20260123_184528,5,3,0,3
run283,20260123_184528,6,1,1,2
run283,20260123_184528,7,3,1,4
run283,20260123_184528,8,0,0,0
run283,20260123_184528,9,0,0,0
run283,20260123_184528,10,5,1,6
run283,20260123_184528,11,2,0,2
run283,20260123_184528,12,1999,0,1999
run283,20260123_184528,13,0,0,0
run283,20260123_184528,14,1,0,1
run283,20260123_184528,15,0,0,0
run283,20260123_184528,16,0,0,0
run283,20260123_184528,17,0,0,0
run283,20260123_184528,18,0,0,0
run283,20260123_184528,19,0,0,0
run284,20260123_184616,0,1,1,2
run284,20260123_184616,1,3,1,4
run284,20260123_184616,2,0,1,1
run284,20260123_184616,3,1,1,2
run284,20260123_184616,4,3,1,4
run284,20260123_184616,5,1993,0,1993
run284,20260123_184616,6,1,4,5
run284,20260123_184616,7,0,4,4
run284,20260123_184616,8,0,0,0
run284,20260123_184616,9,0,0,0
run284,20260123_184616,10,1,5,6
run284,20260123_184616,11,0,4,4
run284,20260123_184616,12,0,4,4
run284,20260123_184616,13,1,4,5
run284,20260123_184616,14,1,5,6
run284,20260123_184616,15,0,0,0
run284,20260123_184616,16,1,0,1
run284,20260123_184616,17,1,0,1
run284,20260123_184616,18,0,0,0
run284,20260123_184616,19,0,0,0
run284,20260123_184615,0,1,1,2
run284,20260123_184615,1,3,1,4
run284,20260123_184615,2,0,1,1
run284,20260123_184615,3,1,1,2
run284,20260123_184615,4,3,1,4
run284,20260123_184615,5,1993,0,1993
run284,20260123_184615,6,1,4,5
run284,20260123_184615,7,0,4,4
run284,20260123_184615,8,0,0,0
run284,20260123_184615,9,0,0,0
run284,20260123_184615,10,1,5,6
run284,20260123_184615,11,0,4,4
run284,20260123_184615,12,0,4,4
run284,20260123_184615,13,1,4,5
run284,20260123_184615,14,1,5,6
run284,20260123_184615,15,0,0,0
run284,20260123_184615,16,1,0,1
run284,20260123_184615,17,1,0,1
run284,20260123_184615,18,0,0,0
run284,20260123_184615,19,0,0,0
run285,20260123_184705,0,0,1,1
run285,20260123_184705,1,1,1,2
run285,20260123_184705,2,0,0,0
run285,20260123_184705,3,0,0,0
run285,20260123_184705,4,2,0,2
run285,20260123_184705,5,1,0,1
run285,20260123_184705,6,0,0,0
run285,20260123_184705,7,0,0,0
run285,20260123_184705,8,0,0,0
run285,20260123_184705,9,0,0,0
run285,20260123_184705,10,2,0,2
run285,20260123_184705,11,1,0,1
run285,20260123_184705,12,1,0,1
run285,20260123_184705,13,2,0,2
run285,20260123_184705,14,0,0,0
run285,20260123_184705,15,1987,0,1987
run285,20260123_184705,16,1,1,2
run285,20260123_184705,17,0,1,1
run285,20260123_184705,18,0,0,0
run285,20260123_184705,19,0,0,0
run285,20260123_184706,0,0,1,1
run285,20260123_184706,1,1,1,2
run285,20260123_184706,2,0,0,0
run285,20260123_184706,3,0,0,0
run285,20260123_184706,4,2,0,2
run285,20260123_184706,5,1,0,1
run285,20260123_184706,6,0,0,0
run285,20260123_184706,7,0,0,0
run285,20260123_184706,8,0,0,0
run285,20260123_184706,9,0,0,0
run285,20260123_184706,10,2,0,2
run285,20260123_184706,11,1,0,1
run285,20260123_184706,12,1,0,1
run285,20260123_184706,13,2,0,2
run285,20260123_184706,14,0,0,0
run285,20260123_184706,15,1987,0,1987
run285,20260123_184706,16,1,1,2
run285,20260123_184706,17,0,1,1
run285,20260123_184706,18,0,0,0
run285,20260123_184706,19,0,0,0
run286,20260123_184754,0,1,0,1
run286,20260123_184754,1,0,0,0
run286,20260123_184754,2,2,0,2
run286,20260123_184754,3,1,0,1
run286,20260123_184754,4,1998,0,1998
run286,20260123_184754,5,1,1,2
run286,20260123_184754,6,1,0,1
run286,20260123_184754,7,0,0,0
run286,20260123_184754,8,0,0,0
run286,20260123_184754,9,0,0,0
run286,20260123_184754,10,1,0,1
run286,20260123_184754,11,4,0,4
run286,20260123_184754,12,1,0,1
run286,20260123_184754,13,2,0,2
run286,20260123_184754,14,0,0,0
run286,20260123_184754,15,1,0,1
run286,20260123_184754,16,1,0,1
run286,20260123_184754,17,0,0,0
run286,20260123_184754,18,0,0,0
run286,20260123_184754,19,0,0,0
run287,20260123_184846,0,1,0,1
run287,20260123_184846,1,1,0,1
run287,20260123_184846,2,5,0,5
run287,20260123_184846,3,1,0,1
run287,20260123_184846,4,0,0,0
run287,20260123_184846,5,4,0,4
run287,20260123_184846,6,1,0,1
run287,20260123_184846,7,2000,0,2000
run287,20260123_184846,8,0,0,0
run287,20260123_184846,9,0,0,0
run287,20260123_184846,10,2,0,2
run287,20260123_184846,11,1,0,1
run287,20260123_184846,12,1,0,1
run287,20260123_184846,13,1,0,1
run287,20260123_184846,14,0,0,0
run287,20260123_184846,15,0,0,0
run287,20260123_184846,16,2,0,2
run287,20260123_184846,17,1,0,1
run287,20260123_184846,18,0,0,0
run287,20260123_184846,19,0,0,0
run288,20260123_184934,0,3,0,3
run288,20260123_184934,1,22,0,22
run288,20260123_184934,2,1,0,1
run288,20260123_184934,3,1980,0,1980
run288,20260123_184934,4,4,0,4
run288,20260123_184934,5,2,0,2
run288,20260123_184934,6,0,0,0
run288,20260123_184934,7,0,0,0
run288,20260123_184934,8,0,0,0
run288,20260123_184934,9,0,0,0
run288,20260123_184934,10,2,0,2
run288,20260123_184934,11,0,0,0
run288,20260123_184934,12,0,0,0
run288,20260123_184934,13,1,0,1
run288,20260123_184934,14,2,0,2
run288,20260123_184934,15,0,0,0
run288,20260123_184934,16,2,0,2
run288,20260123_184934,17,0,0,0
run288,20260123_184934,18,0,0,0
run288,20260123_184934,19,0,0,0
run289,20260123_185026,0,2,0,2
run289,20260123_185026,1,1,0,1
run289,20260123_185026,2,0,0,0
run289,20260123_185026,3,0,0,0
run289,20260123_185026,4,0,0,0
run289,20260123_185026,5,3,0,3
run289,20260123_185026,6,0,0,0
run289,20260123_185026,7,0,0,0
run289,20260123_185026,8,0,0,0
run289,20260123_185026,9,0,0,0
run289,20260123_185026,10,0,0,0
run289,20260123_185026,11,2,0,2
run289,20260123_185026,12,2,0,2
run289,20260123_185026,13,2,0,2
run289,20260123_185026,14,2,0,2
run289,20260123_185026,15,5,0,5
run289,20260123_185026,16,1,0,1
run289,20260123_185026,17,79,0,79
run289,20260123_185026,18,0,0,0
run289,20260123_185026,19,0,0,0
run29,20260123_151831,0,480,0,480
run29,20260123_151831,1,2,0,2
run29,20260123_151831,2,2,0,2
run29,20260123_151831,3,0,0,0
run29,20260123_151831,4,1,0,1
run29,20260123_151831,5,0,0,0
run29,20260123_151831,6,1,0,1
run29,20260123_151831,7,2,0,2
run29,20260123_151831,8,0,0,0
run29,20260123_151831,9,0,0,0
run29,20260123_151831,10,1,0,1
run29,20260123_151831,11,0,0,0
run29,20260123_151831,12,6,0,6
run29,20260123_151831,13,2,0,2
run29,20260123_151831,14,1197,0,1197
run29,20260123_151831,15,3,0,3
run29,20260123_151831,16,0,0,0
run29,20260123_151831,17,0,0,0
run29,20260123_151831,18,0,0,0
run29,20260123_151831,19,0,0,0
run290,20260123_185118,0,0,0,0
run290,20260123_185118,1,0,0,0
run290,20260123_185118,2,1,0,1
run290,20260123_185118,3,352,0,352
run290,20260123_185118,4,1,0,1
run290,20260123_185118,5,1650,0,1650
run290,20260123_185118,6,0,0,0
run290,20260123_185118,7,4,0,4
run290,20260123_185118,8,0,0,0
run290,20260123_185118,9,0,0,0
run290,20260123_185118,10,0,0,0
run290,20260123_185118,11,0,0,0
run290,20260123_185118,12,2,0,2
run290,20260123_185118,13,0,0,0
run290,20260123_185118,14,3,0,3
run290,20260123_185118,15,0,0,0
run290,20260123_185118,16,3,0,3
run290,20260123_185118,17,0,0,0
run290,20260123_185118,18,0,0,0
run290,20260123_185118,19,0,0,0
run291,20260123_185206,0,0,0,0
run291,20260123_185206,1,0,0,0
run291,20260123_185206,2,2,0,2
run291,20260123_185206,3,2,0,2
run291,20260123_185206,4,2,0,2
run291,20260123_185206,5,1,0,1
run291,20260123_185206,6,2,0,2
run291,20260123_185206,7,1,0,1
run291,20260123_185206,8,0,0,0
run291,20260123_185206,9,0,0,0
run291,20260123_185206,10,0,0,0
run291,20260123_185206,11,0,0,0
run291,20260123_185206,12,0,0,0
run291,20260123_185206,13,1,0,1
run291,20260123_185206,14,0,0,0
run291,20260123_185206,15,1,0,1
run291,20260123_185206,16,3,0,3
run291,20260123_185206,17,0,0,0
run291,20260123_185206,18,0,0,0
run291,20260123_185206,19,0,0,0
run291,20260123_185205,0,0,0,0
run291,20260123_185205,1,0,0,0
run291,20260123_185205,2,2,0,2
run291,20260123_185205,3,2,0,2
run291,20260123_185205,4,2,0,2
run291,20260123_185205,5,1,0,1
run291,20260123_185205,6,2,0,2
run291,20260123_185205,7,1,0,1
run291,20260123_185205,8,0,0,0
run291,20260123_185205,9,0,0,0
run291,20260123_185205,10,0,0,0
run291,20260123_185205,11,0,0,0
run291,20260123_185205,12,0,0,0
run291,20260123_185205,13,1,0,1
run291,20260123_185205,14,0,0,0
run291,20260123_185205,15,1,0,1
run291,20260123_185205,16,3,0,3
run291,20260123_185205,17,0,0,0
run291,20260123_185205,18,0,0,0
run291,20260123_185205,19,0,0,0
run292,20260123_185253,0,1,0,1
run292,20260123_185253,1,1,0,1
run292,20260123_185253,2,1,0,1
run292,20260123_185253,3,1,0,1
run292,20260123_185253,4,1,0,1
run292,20260123_185253,5,3,0,3
run292,20260123_185253,6,0,0,0
run292,20260123_185253,7,1,0,1
run292,20260123_185253,8,0,0,0
run292,20260123_185253,9,0,0,0
run292,20260123_185253,10,1,0,1
run292,20260123_185253,11,1,0,1
run292,20260123_185253,12,0,0,0
run292,20260123_185253,13,0,0,0
run292,20260123_185253,14,0,0,0
run292,20260123_185253,15,0,0,0
run292,20260123_185253,16,4,0,4
run292,20260123_185253,17,0,0,0
run292,20260123_185253,18,0,0,0
run292,20260123_185253,19,0,0,0
run293,20260123_185345,0,1,0,1
run293,20260123_185345,1,1,0,1
run293,20260123_185345,2,3,0,3
run293,20260123_185345,3,1,0,1
run293,20260123_185345,4,0,0,0
run293,20260123_185345,5,0,0,0
run293,20260123_185345,6,0,0,0
run293,20260123_185345,7,1,0,1
run293,20260123_185345,8,0,0,0
run293,20260123_185345,9,0,0,0
run293,20260123_185345,10,1,0,1
run293,20260123_185345,11,2,0,2
run293,20260123_185345,12,2,0,2
run293,20260123_185345,13,1,0,1
run293,20260123_185345,14,0,0,0
run293,20260123_185345,15,2,0,2
run293,20260123_185345,16,1854,0,1854
run293,20260123_185345,17,0,0,0
run293,20260123_185345,18,0,0,0
run293,20260123_185345,19,0,0,0
run294,20260123_185437,0,1,0,1
run294,20260123_185437,1,1,0,1
run294,20260123_185437,2,3,0,3
run294,20260123_185437,3,2,0,2
run294,20260123_185437,4,1,0,1
run294,20260123_185437,5,2,0,2
run294,20260123_185437,6,0,0,0
run294,20260123_185437,7,0,0,0
run294,20260123_185437,8,0,0,0
run294,20260123_185437,9,0,0,0
run294,20260123_185437,10,1,0,1
run294,20260123_185437,11,0,0,0
run294,20260123_185437,12,0,0,0
run294,20260123_185437,13,1,0,1
run294,20260123_185437,14,2,0,2
run294,20260123_185437,15,2,0,2
run294,20260123_185437,16,0,0,0
run294,20260123_185437,17,1,0,1
run294,20260123_185437,18,0,0,0
run294,20260123_185437,19,0,0,0
run295,20260123_185525,0,0,0,0
run295,20260123_185525,1,2,0,2
run295,20260123_185525,2,3,0,3
run295,20260123_185525,3,0,0,0
run295,20260123_185525,4,2,0,2
run295,20260123_185525,5,2,0,2
run295,20260123_185525,6,1,0,1
run295,20260123_185525,7,1,0,1
run295,20260123_185525,8,0,0,0
run295,20260123_185525,9,0,0,0
run295,20260123_185525,10,2,0,2
run295,20260123_185525,11,1,0,1
run295,20260123_185525,12,2002,0,2002
run295,20260123_185525,13,0,0,0
run295,20260123_185525,14,0,0,0
run295,20260123_185525,15,3,0,3
run295,20260123_185525,16,0,0,0
run295,20260123_185525,17,0,0,0
run295,20260123_185525,18,0,0,0
run295,20260123_185525,19,0,0,0
run296,20260123_185613,0,2,0,2
run296,20260123_185613,1,1,0,1
run296,20260123_185613,2,1,0,1
run296,20260123_185613,3,2000,0,2000
run296,20260123_185613,4,2,0,2
run296,20260123_185613,5,2,0,2
run296,20260123_185613,6,2,0,2
run296,20260123_185613,7,2,0,2
run296,20260123_185613,8,0,0,0
run296,20260123_185613,9,0,0,0
run296,20260123_185613,10,1,0,1
run296,20260123_185613,11,0,0,0
run296,20260123_185613,12,0,0,0
run296,20260123_185613,13,2,0,2
run296,20260123_185613,14,1,0,1
run296,20260123_185613,15,0,0,0
run296,20260123_185613,16,0,0,0
run296,20260123_185613,17,0,0,0
run296,20260123_185613,18,0,0,0
run296,20260123_185613,19,0,0,0
run297,20260123_185705,0,1,0,1
run297,20260123_185705,1,1,0,1
run297,20260123_185705,2,1,0,1
run297,20260123_185705,3,1,0,1
run297,20260123_185705,4,0,0,0
run297,20260123_185705,5,1,0,1
run297,20260123_185705,6,0,0,0
run297,20260123_185705,7,1,0,1
run297,20260123_185705,8,0,0,0
run297,20260123_185705,9,0,0,0
run297,20260123_185705,10,1,0,1
run297,20260123_185705,11,0,0,0
run297,20260123_185705,12,0,0,0
run297,20260123_185705,13,1,0,1
run297,20260123_185705,14,1,0,1
run297,20260123_185705,15,2002,0,2002
run297,20260123_185705,16,2,0,2
run297,20260123_185705,17,0,0,0
run297,20260123_185705,18,0,0,0
run297,20260123_185705,19,0,0,0
run298,20260123_185753,0,1,0,1
run298,20260123_185753,1,4,0,4
run298,20260123_185753,2,2,0,2
run298,20260123_185753,3,2,0,2
run298,20260123_185753,4,0,0,0
run298,20260123_185753,5,2,0,2
run298,20260123_185753,6,0,0,0
run298,20260123_185753,7,2001,0,2001
run298,20260123_185753,8,0,0,0
run298,20260123_185753,9,0,0,0
run298,20260123_185753,10,0,0,0
run298,20260123_185753,11,0,0,0
run298,20260123_185753,12,0,0,0
run298,20260123_185753,13,1,0,1
run298,20260123_185753,14,1,0,1
run298,20260123_185753,15,0,0,0
run298,20260123_185753,16,2,0,2
run298,20260123_185753,17,0,0,0
run298,20260123_185753,18,0,0,0
run298,20260123_185753,19,0,0,0
run299,20260123_185845,0,0,0,0
run299,20260123_185845,1,1,0,1
run299,20260123_185845,2,3,0,3
run299,20260123_185845,3,2,0,2
run299,20260123_185845,4,2,0,2
run299,20260123_185845,5,1,0,1
run299,20260123_185845,6,2,0,2
run299,20260123_185845,7,0,0,0
run299,20260123_185845,8,0,0,0
run299,20260123_185845,9,0,0,0
run299,20260123_185845,10,2000,0,2000
run299,20260123_185845,11,0,0,0
run299,20260123_185845,12,2,0,2
run299,20260123_185845,13,0,0,0
run299,20260123_185845,14,2,0,2
run299,20260123_185845,15,2,0,2
run299,20260123_185845,16,2,0,2
run299,20260123_185845,17,1,0,1
run299,20260123_185845,18,0,0,0
run299,20260123_185845,19,0,0,0
run3,20260123_145653,0,1,0,1
run3,20260123_145653,1,1,0,1
run3,20260123_145653,2,2,0,2
run3,20260123_145653,3,2,0,2
run3,20260123_145653,4,1,0,1
run3,20260123_145653,5,2,0,2
run3,20260123_145653,6,1703,0,1703
run3,20260123_145653,7,2,0,2
run3,20260123_145653,8,0,0,0
run3,20260123_145653,9,0,0,0
run3,20260123_145653,10,0,0,0
run3,20260123_145653,11,2,0,2
run3,20260123_145653,12,1,0,1
run3,20260123_145653,13,0,0,0
run3,20260123_145653,14,1,0,1
run3,20260123_145653,15,1,0,1
run3,20260123_145653,16,0,0,0
run3,20260123_145653,17,0,0,0
run3,20260123_145653,18,0,0,0
run3,20260123_145653,19,0,0,0
run30,20260123_151923,0,0,0,0
run30,20260123_151923,1,2,0,2
run30,20260123_151923,2,1,0,1
run30,20260123_151923,3,1,0,1
run30,20260123_151923,4,3,0,3
run30,20260123_151923,5,5,0,5
run30,20260123_151923,6,2,0,2
run30,20260123_151923,7,1,0,1
run30,20260123_151923,8,0,0,0
run30,20260123_151923,9,0,0,0
run30,20260123_151923,10,2,0,2
run30,20260123_151923,11,2,0,2
run30,20260123_151923,12,1,0,1
run30,20260123_151923,13,2000,0,2000
run30,20260123_151923,14,0,0,0
run30,20260123_151923,15,0,0,0
run30,20260123_151923,16,0,0,0
run30,20260123_151923,17,0,0,0
run30,20260123_151923,18,0,0,0
run30,20260123_151923,19,0,0,0
run300,20260123_185933,0,1941,36,1977
run300,20260123_185933,1,5,46,51
run300,20260123_185933,2,7,46,53
run300,20260123_185933,3,7,45,52
run300,20260123_185933,4,6,45,51
run300,20260123_185933,5,20,18,38
run300,20260123_185933,6,3,42,45
run300,20260123_185933,7,8,23,31
run300,20260123_185933,8,0,0,0
run300,20260123_185933,9,0,0,0
run300,20260123_185933,10,6,44,50
run300,20260123_185933,11,4,44,48
run300,20260123_185933,12,6,42,48
run300,20260123_185933,13,6,42,48
run300,20260123_185933,14,4,43,47
run300,20260123_185933,15,17,10,27
run300,20260123_185933,16,11,32,43
run300,20260123_185933,17,1,13,14
run300,20260123_185933,18,0,0,0
run300,20260123_185933,19,0,0,0
run301,20260123_190025,0,0,0,0
run301,20260123_190025,1,3,0,3
run301,20260123_190025,2,2,0,2
run301,20260123_190025,3,0,0,0
run301,20260123_190025,4,1,0,1
run301,20260123_190025,5,1,0,1
run301,20260123_190025,6,2,0,2
run301,20260123_190025,7,1,0,1
run301,20260123_190025,8,0,0,0
run301,20260123_190025,9,0,0,0
run301,20260123_190025,10,1,0,1
run301,20260123_190025,11,2,0,2
run301,20260123_190025,12,2000,0,2000
run301,20260123_190025,13,1,0,1
run301,20260123_190025,14,1,0,1
run301,20260123_190025,15,1,0,1
run301,20260123_190025,16,2,0,2
run301,20260123_190025,17,1,0,1
run301,20260123_190025,18,0,0,0
run301,20260123_190025,19,0,0,0
run302,20260123_190113,0,1,10,11
run302,20260123_190113,1,4,10,14
run302,20260123_190113,2,1458,10,1468
run302,20260123_190113,3,0,10,10
run302,20260123_190113,4,73,10,83
run302,20260123_190113,5,0,0,0
run302,20260123_190113,6,2,0,2
run302,20260123_190113,7,1,0,1
run302,20260123_190113,8,0,0,0
run302,20260123_190113,9,0,0,0
run302,20260123_190113,10,3,0,3
run302,20260123_190113,11,461,0,461
run302,20260123_190113,12,1,0,1
run302,20260123_190113,13,2,0,2
run302,20260123_190113,14,0,0,0
run302,20260123_190113,15,0,0,0
run302,20260123_190113,16,2,9,11
run302,20260123_190113,17,1,2,3
run302,20260123_190113,18,0,0,0
run302,20260123_190113,19,0,0,0
run303,20260123_190205,0,0,0,0
run303,20260123_190205,1,0,0,0
run303,20260123_190205,2,1,0,1
run303,20260123_190205,3,627,0,627
run303,20260123_190205,4,1,0,1
run303,20260123_190205,5,0,0,0
run303,20260123_190205,6,1,0,1
run303,20260123_190205,7,2,0,2
run303,20260123_190205,8,0,0,0
run303,20260123_190205,9,0,0,0
run303,20260123_190205,10,0,0,0
run303,20260123_190205,11,1374,0,1374
run303,20260123_190205,12,0,0,0
run303,20260123_190205,13,2,0,2
run303,20260123_190205,14,1,0,1
run303,20260123_190205,15,2,0,2
run303,20260123_190205,16,0,0,0
run303,20260123_190205,17,0,0,0
run303,20260123_190205,18,0,0,0
run303,20260123_190205,19,0,0,0
run304,20260123_190255,0,2,0,2
run304,20260123_190255,1,0,0,0
run304,20260123_190255,2,2,0,2
run304,20260123_190255,3,1,0,1
run304,20260123_190255,4,1,0,1
run304,20260123_190255,5,3,0,3
run304,20260123_190255,6,0,0,0
run304,20260123_190255,7,793,0,793
run304,20260123_190255,8,0,0,0
run304,20260123_190255,9,0,0,0
run304,20260123_190255,10,1,0,1
run304,20260123_190255,11,0,0,0
run304,20260123_190255,12,1,0,1
run304,20260123_190255,13,1,0,1
run304,20260123_190255,14,0,0,0
run304,20260123_190255,15,1206,0,1206
run304,20260123_190255,16,2,0,2
run304,20260123_190255,17,1,0,1
run304,20260123_190255,18,0,0,0
run304,20260123_190255,19,0,0,0
run305,20260123_190343,0,1,0,1
run305,20260123_190343,1,0,0,0
run305,20260123_190343,2,876,0,876
run305,20260123_190343,3,2,0,2
run305,20260123_190343,4,1,0,1
run305,20260123_190343,5,2,1,3
run305,20260123_190343,6,0,0,0
run305,20260123_190343,7,3,0,3
run305,20260123_190343,8,0,0,0
run305,20260123_190343,9,0,0,0
run305,20260123_190343,10,0,0,0
run305,20260123_190343,11,1,0,1
run305,20260123_190343,12,0,0,0
run305,20260123_190343,13,0,0,0
run305,20260123_190343,14,0,0,0
run305,20260123_190343,15,0,0,0
run305,20260123_190343,16,2,1,3
run305,20260123_190343,17,0,1,1
run305,20260123_190343,18,0,0,0
run305,20260123_190343,19,0,0,0
run306,20260123_190431,0,0,2,2
run306,20260123_190431,1,1,3,4
run306,20260123_190431,2,3,2,5
run306,20260123_190431,3,3,2,5
run306,20260123_190431,4,1,2,3
run306,20260123_190431,5,4,1,5
run306,20260123_190431,6,3,0,3
run306,20260123_190431,7,2,0,2
run306,20260123_190431,8,0,0,0
run306,20260123_190431,9,0,1,1
run306,20260123_190431,10,2,0,2
run306,20260123_190431,11,1,1,2
run306,20260123_190431,12,1,0,1
run306,20260123_190431,13,0,0,0
run306,20260123_190431,14,3,0,3
run306,20260123_190431,15,1,0,1
run306,20260123_190431,16,3,1,4
run306,20260123_190431,17,0,0,0
run306,20260123_190431,18,0,0,0
run306,20260123_190431,19,0,0,0
run307,20260123_190519,0,0,1,1
run307,20260123_190519,1,1,1,2
run307,20260123_190519,2,2,1,3
run307,20260123_190519,3,0,0,0
run307,20260123_190519,4,2,0,2
run307,20260123_190519,5,0,0,0
run307,20260123_190519,6,3,0,3
run307,20260123_190519,7,3,0,3
run307,20260123_190519,8,0,0,0
run307,20260123_190519,9,0,0,0
run307,20260123_190519,10,1,0,1
run307,20260123_190519,11,2,0,2
run307,20260123_190519,12,1997,0,1997
run307,20260123_190519,13,1,0,1
run307,20260123_190519,14,1,0,1
run307,20260123_190519,15,1,0,1
run307,20260123_190519,16,1,0,1
run307,20260123_190519,17,0,1,1
run307,20260123_190519,18,0,0,0
run307,20260123_190519,19,0,0,0
run308,20260123_190609,0,1,1,2
run308,20260123_190609,1,3,1,4
run308,20260123_190609,2,797,1,798
run308,20260123_190609,3,0,1,1
run308,20260123_190609,4,1201,0,1201
run308,20260123_190609,5,1,0,1
run308,20260123_190609,6,2,0,2
run308,20260123_190609,7,1,0,1
run308,20260123_190609,8,0,0,0
run308,20260123_190609,9,0,0,0
run308,20260123_190609,10,2,0,2
run308,20260123_190609,11,0,0,0
run308,20260123_190609,12,1,0,1
run308,20260123_190609,13,1,0,1
run308,20260123_190609,14,0,0,0
run308,20260123_190609,15,1,0,1
run308,20260123_190609,16,1,1,2
run308,20260123_190609,17,0,1,1
run308,20260123_190609,18,0,0,0
run308,20260123_190609,19,0,0,0
run309,20260123_190657,0,2,0,2
run309,20260123_190657,1,3,0,3
run309,20260123_190657,2,0,0,0
run309,20260123_190657,3,2,0,2
run309,20260123_190657,4,0,0,0
run309,20260123_190657,5,1,0,1
run309,20260123_190657,6,1,0,1
run309,20260123_190657,7,1,0,1
run309,20260123_190657,8,0,0,0
run309,20260123_190657,9,0,0,0
run309,20260123_190657,10,3,0,3
run309,20260123_190657,11,2,0,2
run309,20260123_190657,12,1,0,1
run309,20260123_190657,13,0,0,0
run309,20260123_190657,14,0,0,0
run309,20260123_190657,15,1,0,1
run309,20260123_190657,16,4,0,4
run309,20260123_190657,17,0,0,0
run309,20260123_190657,18,0,0,0
run309,20260123_190657,19,0,0,0
run31,20260123_152015,0,0,0,0
run31,20260123_152015,1,3,0,3
run31,20260123_152015,2,1,0,1
run31,20260123_152015,3,2,0,2
run31,20260123_152015,4,1,0,1
run31,20260123_152015,5,0,0,0
run31,20260123_152015,6,2,0,2
run31,20260123_152015,7,2,0,2
run31,20260123_152015,8,0,0,0
run31,20260123_152015,9,0,0,0
run31,20260123_152015,10,0,0,0
run31,20260123_152015,11,2,0,2
run31,20260123_152015,12,1,0,1
run31,20260123_152015,13,1,0,1
run31,20260123_152015,14,0,0,0
run31,20260123_152015,15,1,0,1
run31,20260123_152015,16,1,0,1
run31,20260123_152015,17,0,0,0
run31,20260123_152015,18,0,0,0
run31,20260123_152015,19,0,0,0
run310,20260123_190749,0,0,0,0
run310,20260123_190749,1,1,0,1
run310,20260123_190749,2,1,0,1
run310,20260123_190749,3,2,0,2
run310,20260123_190749,4,3,0,3
run310,20260123_190749,5,2001,0,2001
run310,20260123_190749,6,1,0,1
run310,20260123_190749,7,0,0,0
run310,20260123_190749,8,0,0,0
run310,20260123_190749,9,0,0,0
run310,20260123_190749,10,1,0,1
run310,20260123_190749,11,0,0,0
run310,20260123_190749,12,1,0,1
run310,20260123_190749,13,1,0,1
run310,20260123_190749,14,0,0,0
run310,20260123_190749,15,1,0,1
run310,20260123_190749,16,1,0,1
run310,20260123_190749,17,0,0,0
run310,20260123_190749,18,0,0,0
run310,20260123_190749,19,0,0,0
run311,20260123_190836,0,2,0,2
run311,20260123_190836,1,1,0,1
run311,20260123_190836,2,1,0,1
run311,20260123_190836,3,2,0,2
run311,20260123_190836,4,2,0,2
run311,20260123_190836,5,2,0,2
run311,20260123_190836,6,2,0,2
run311,20260123_190836,7,2000,0,2000
run311,20260123_190836,8,0,0,0
run311,20260123_190836,9,0,0,0
run311,20260123_190836,10,1,0,1
run311,20260123_190836,11,1,0,1
run311,20260123_190836,12,0,0,0
run311,20260123_190836,13,1,0,1
run311,20260123_190836,14,2,0,2
run311,20260123_190836,15,0,0,0
run311,20260123_190836,16,3,0,3
run311,20260123_190836,17,0,0,0
run311,20260123_190836,18,0,0,0
run311,20260123_190836,19,0,0,0
run312,20260123_190928,0,0,0,0
run312,20260123_190928,1,2,0,2
run312,20260123_190928,2,0,0,0
run312,20260123_190928,3,0,1,1
run312,20260123_190928,4,1,1,2
run312,20260123_190928,5,0,0,0
run312,20260123_190928,6,0,0,0
run312,20260123_190928,7,0,0,0
run312,20260123_190928,8,0,0,0
run312,20260123_190928,9,0,0,0
run312,20260123_190928,10,1,0,1
run312,20260123_190928,11,1913,0,1913
run312,20260123_190928,12,2,0,2
run312,20260123_190928,13,0,0,0
run312,20260123_190928,14,1,0,1
run312,20260123_190928,15,2,0,2
run312,20260123_190928,16,0,0,0
run312,20260123_190928,17,0,0,0
run312,20260123_190928,18,0,0,0
run312,20260123_190928,19,0,0,0
run313,20260123_191016,0,0,263,263
run313,20260123_191016,1,2,263,265
run313,20260123_191016,2,4,263,267
run313,20260123_191016,3,0,263,263
run313,20260123_191016,4,0,263,263
run313,20260123_191016,5,1,0,1
run313,20260123_191016,6,1,0,1
run313,20260123_191016,7,1047,0,1047
run313,20260123_191016,8,0,0,0
run313,20260123_191016,9,0,0,0
run313,20260123_191016,10,7,0,7
run313,20260123_191016,11,4,0,4
run313,20260123_191016,12,1,0,1
run313,20260123_191016,13,3,0,3
run313,20260123_191016,14,0,0,0
run313,20260123_191016,15,1,0,1
run313,20260123_191016,16,1,221,222
run313,20260123_191016,17,0,152,152
run313,20260123_191016,18,0,0,0
run313,20260123_191016,19,0,0,0
run314,20260123_191108,0,3,0,3
run314,20260123_191108,1,1,0,1
run314,20260123_191108,2,2,0,2
run314,20260123_191108,3,0,0,0
run314,20260123_191108,4,3,0,3
run314,20260123_191108,5,848,0,848
run314,20260123_191108,6,1,0,1
run314,20260123_191108,7,0,0,0
run314,20260123_191108,8,0,0,0
run314,20260123_191108,9,0,0,0
run314,20260123_191108,10,0,0,0
run314,20260123_191108,11,2,0,2
run314,20260123_191108,12,3,0,3
run314,20260123_191108,13,1,0,1
run314,20260123_191108,14,1,0,1
run314,20260123_191108,15,2,0,2
run314,20260123_191108,16,2,0,2
run314,20260123_191108,17,1,0,1
run314,20260123_191108,18,0,0,0
run314,20260123_191108,19,0,0,0
run315,20260123_191158,0,1,6,7
run315,20260123_191158,1,1,6,7
run315,20260123_191158,2,0,7,7
run315,20260123_191158,3,1,6,7
run315,20260123_191158,4,0,6,6
run315,20260123_191158,5,0,1,1
run315,20260123_191158,6,1,0,1
run315,20260123_191158,7,1,0,1
run315,20260123_191158,8,1,0,1
run315,20260123_191158,9,0,2,2
run315,20260123_191158,10,0,0,0
run315,20260123_191158,11,1,1,2
run315,20260123_191158,12,0,0,0
run315,20260123_191158,13,1,0,1
run315,20260123_191158,14,0,0,0
run315,20260123_191158,15,1,0,1
run315,20260123_191158,16,4,6,10
run315,20260123_191158,17,0,0,0
run315,20260123_191158,18,0,1,1
run315,20260123_191158,19,0,0,0
run316,20260123_191246,0,1,1,2
run316,20260123_191246,1,0,1,1
run316,20260123_191246,2,0,1,1
run316,20260123_191246,3,1,1,2
run316,20260123_191246,4,1,0,1
run316,20260123_191246,5,1,0,1
run316,20260123_191246,6,0,0,0
run316,20260123_191246,7,0,0,0
run316,20260123_191246,8,0,0,0
run316,20260123_191246,9,0,0,0
run316,20260123_191246,10,2,0,2
run316,20260123_191246,11,4,0,4
run316,20260123_191246,12,2,0,2
run316,20260123_191246,13,0,0,0
run316,20260123_191246,14,1988,0,1988
run316,20260123_191246,15,1,0,1
run316,20260123_191246,16,2,1,3
run316,20260123_191246,17,1,1,2
run316,20260123_191246,18,0,0,0
run316,20260123_191246,19,0,0,0
run317,20260123_191337,0,1,0,1
run317,20260123_191337,1,2,0,2
run317,20260123_191337,2,0,0,0
run317,20260123_191337,3,1,0,1
run317,20260123_191337,4,1,0,1
run317,20260123_191337,5,1,0,1
run317,20260123_191337,6,2,0,2
run317,20260123_191337,7,0,0,0
run317,20260123_191337,8,0,0,0
run317,20260123_191337,9,0,0,0
run317,20260123_191337,10,2,0,2
run317,20260123_191337,11,1,0,1
run317,20260123_191337,12,0,0,0
run317,20260123_191337,13,1999,0,1999
run317,20260123_191337,14,1,0,1
run317,20260123_191337,15,1,0,1
run317,20260123_191337,16,2,0,2
run317,20260123_191337,17,0,0,0
run317,20260123_191337,18,0,0,0
run317,20260123_191337,19,0,0,0
run318,20260123_191429,0,1,0,1
run318,20260123_191429,1,0,0,0
run318,20260123_191429,2,3,0,3
run318,20260123_191429,3,1,0,1
run318,20260123_191429,4,2,0,2
run318,20260123_191429,5,2,0,2
run318,20260123_191429,6,1,0,1
run318,20260123_191429,7,0,0,0
run318,20260123_191429,8,0,0,0
run318,20260123_191429,9,0,0,0
run318,20260123_191429,10,2,0,2
run318,20260123_191429,11,1998,0,1998
run318,20260123_191429,12,0,0,0
run318,20260123_191429,13,2,0,2
run318,20260123_191429,14,0,0,0
run318,20260123_191429,15,1,0,1
run318,20260123_191429,16,0,0,0
run318,20260123_191429,17,0,0,0
run318,20260123_191429,18,0,0,0
run318,20260123_191429,19,0,0,0
run319,20260123_191518,0,1,0,1
run319,20260123_191518,1,680,0,680
run319,20260123_191518,2,2,0,2
run319,20260123_191518,3,0,0,0
run319,20260123_191518,4,2,0,2
run319,20260123_191518,5,3,0,3
run319,20260123_191518,6,2,0,2
run319,20260123_191518,7,1,0,1
run319,20260123_191518,8,0,0,0
run319,20260123_191518,9,0,0,0
run319,20260123_191518,10,0,0,0
run319,20260123_191518,11,0,0,0
run319,20260123_191518,12,2,0,2
run319,20260123_191518,13,3,0,3
run319,20260123_191518,14,2,0,2
run319,20260123_191518,15,3,0,3
run319,20260123_191518,16,1,0,1
run319,20260123_191518,17,0,0,0
run319,20260123_191518,18,0,0,0
run319,20260123_191518,19,0,0,0
run319,20260123_191517,0,1,0,1
run319,20260123_191517,1,680,0,680
run319,20260123_191517,2,2,0,2
run319,20260123_191517,3,0,0,0
run319,20260123_191517,4,2,0,2
run319,20260123_191517,5,3,0,3
run319,20260123_191517,6,2,0,2
run319,20260123_191517,7,1,0,1
run319,20260123_191517,8,0,0,0
run319,20260123_191517,9,0,0,0
run319,20260123_191517,10,0,0,0
run319,20260123_191517,11,0,0,0
run319,20260123_191517,12,2,0,2
run319,20260123_191517,13,3,0,3
run319,20260123_191517,14,2,0,2
run319,20260123_191517,15,3,0,3
run319,20260123_191517,16,1,0,1
run319,20260123_191517,17,0,0,0
run319,20260123_191517,18,0,0,0
run319,20260123_191517,19,0,0,0
run32,20260123_152103,0,1,0,1
run32,20260123_152103,1,0,0,0
run32,20260123_152103,2,1,0,1
run32,20260123_152103,3,0,0,0
run32,20260123_152103,4,0,0,0
run32,20260123_152103,5,1,0,1
run32,20260123_152103,6,3,0,3
run32,20260123_152103,7,1,0,1
run32,20260123_152103,8,0,0,0
run32,20260123_152103,9,0,0,0
run32,20260123_152103,10,1,0,1
run32,20260123_152103,11,0,0,0
run32,20260123_152103,12,1,0,1
run32,20260123_152103,13,357,0,357
run32,20260123_152103,14,1644,0,1644
run32,20260123_152103,15,0,0,0
run32,20260123_152103,16,1,0,1
run32,20260123_152103,17,1,0,1
run32,20260123_152103,18,0,0,0
run32,20260123_152103,19,0,0,0
run320,20260123_191605,0,1939,29,1968
run320,20260123_191605,1,0,39,39
run320,20260123_191605,2,2,39,41
run320,20260123_191605,3,1,38,39
run320,20260123_191605,4,1,38,39
run320,20260123_191605,5,15,18,33
run320,20260123_191605,6,0,36,36
run320,20260123_191605,7,1,22,23
run320,20260123_191605,8,0,0,0
run320,20260123_191605,9,0,0,0
run320,20260123_191605,10,10,38,48
run320,20260123_191605,11,3,38,41
run320,20260123_191605,12,1,37,38
run320,20260123_191605,13,0,37,37
run320,20260123_191605,14,1,37,38
run320,20260123_191605,15,15,10,25
run320,20260123_191605,16,6,27,33
run320,20260123_191605,17,2,8,10
run320,20260123_191605,18,0,0,0
run320,20260123_191605,19,0,0,0
run320,20260123_191606,0,1939,29,1968
run320,20260123_191606,1,0,39,39
run320,20260123_191606,2,2,39,41
run320,20260123_191606,3,1,38,39
run320,20260123_191606,4,1,38,39
run320,20260123_191606,5,15,18,33
run320,20260123_191606,6,0,36,36
run320,20260123_191606,7,1,22,23
run320,20260123_191606,8,0,0,0
run320,20260123_191606,9,0,0,0
run320,20260123_191606,10,10,38,48
run320,20260123_191606,11,3,38,41
run320,20260123_191606,12,1,37,38
run320,20260123_191606,13,0,37,37
run320,20260123_191606,14,1,37,38
run320,20260123_191606,15,15,10,25
run320,20260123_191606,16,6,27,33
run320,20260123_191606,17,2,8,10
run320,20260123_191606,18,0,0,0
run320,20260123_191606,19,0,0,0
run321,20260123_191657,0,3,1,4
run321,20260123_191657,1,5,1,6
run321,20260123_191657,2,4,0,4
run321,20260123_191657,3,236,0,236
run321,20260123_191657,4,2,0,2
run321,20260123_191657,5,2,0,2
run321,20260123_191657,6,2,0,2
run321,20260123_191657,7,1764,0,1764
run321,20260123_191657,8,0,10,10
run321,20260123_191657,9,0,0,0
run321,20260123_191657,10,2,0,2
run321,20260123_191657,11,1,0,1
run321,20260123_191657,12,1,0,1
run321,20260123_191657,13,4,0,4
run321,20260123_191657,14,2,0,2
run321,20260123_191657,15,0,0,0
run321,20260123_191657,16,0,0,0
run321,20260123_191657,17,0,0,0
run321,20260123_191657,18,0,0,0
run321,20260123_191657,19,0,0,0
run322,20260123_191749,0,2,0,2
run322,20260123_191749,1,3,0,3
run322,20260123_191749,2,0,0,0
run322,20260123_191749,3,2,0,2
run322,20260123_191749,4,0,0,0
run322,20260123_191749,5,2,0,2
run322,20260123_191749,6,1676,0,1676
run322,20260123_191749,7,6,0,6
run322,20260123_191749,8,0,0,0
run322,20260123_191749,9,0,0,0
run322,20260123_191749,10,3,0,3
run322,20260123_191749,11,1,0,1
run322,20260123_191749,12,2,0,2
run322,20260123_191749,13,1,0,1
run322,20260123_191749,14,0,0,0
run322,20260123_191749,15,3,0,3
run322,20260123_191749,16,1,0,1
run322,20260123_191749,17,0,0,0
run322,20260123_191749,18,0,0,0
run322,20260123_191749,19,0,0,0
run323,20260123_191837,0,0,0,0
run323,20260123_191837,1,0,0,0
run323,20260123_191837,2,1,0,1
run323,20260123_191837,3,1,0,1
run323,20260123_191837,4,3,0,3
run323,20260123_191837,5,1,0,1
run323,20260123_191837,6,1,0,1
run323,20260123_191837,7,2,0,2
run323,20260123_191837,8,0,0,0
run323,20260123_191837,9,0,0,0
run323,20260123_191837,10,3,0,3
run323,20260123_191837,11,2000,0,2000
run323,20260123_191837,12,1,0,1
run323,20260123_191837,13,0,0,0
run323,20260123_191837,14,0,0,0
run323,20260123_191837,15,1,0,1
run323,20260123_191837,16,5,0,5
run323,20260123_191837,17,0,0,0
run323,20260123_191837,18,0,0,0
run323,20260123_191837,19,0,0,0
run324,20260123_191927,0,1,1,2
run324,20260123_191927,1,0,1,1
run324,20260123_191927,2,1,1,2
run324,20260123_191927,3,0,1,1
run324,20260123_191927,4,2,1,3
run324,20260123_191927,5,2,0,2
run324,20260123_191927,6,2,0,2
run324,20260123_191927,7,1,0,1
run324,20260123_191927,8,0,0,0
run324,20260123_191927,9,0,0,0
run324,20260123_191927,10,1,0,1
run324,20260123_191927,11,0,0,0
run324,20260123_191927,12,2,0,2
run324,20260123_191927,13,0,0,0
run324,20260123_191927,14,1,0,1
run324,20260123_191927,15,2,0,2
run324,20260123_191927,16,1,0,1
run324,20260123_191927,17,2,1,3
run324,20260123_191927,18,0,0,0
run324,20260123_191927,19,0,0,0
run325,20260123_192019,0,10,0,10
run325,20260123_192019,1,3,0,3
run325,20260123_192019,2,3,0,3
run325,20260123_192019,3,0,0,0
run325,20260123_192019,4,2,0,2
run325,20260123_192019,5,1,0,1
run325,20260123_192019,6,2,0,2
run325,20260123_192019,7,2000,0,2000
run325,20260123_192019,8,0,0,0
run325,20260123_192019,9,0,0,0
run325,20260123_192019,10,1,0,1
run325,20260123_192019,11,2,0,2
run325,20260123_192019,12,2,0,2
run325,20260123_192019,13,0,0,0
run325,20260123_192019,14,1,0,1
run325,20260123_192019,15,1,0,1
run325,20260123_192019,16,2,0,2
run325,20260123_192019,17,0,0,0
run325,20260123_192019,18,0,0,0
run325,20260123_192019,19,0,0,0
run326,20260123_192107,0,0,0,0
run326,20260123_192107,1,0,0,0
run326,20260123_192107,2,3,0,3
run326,20260123_192107,3,3,0,3
run326,20260123_192107,4,2002,0,2002
run326,20260123_192107,5,3,0,3
run326,20260123_192107,6,3,0,3
run326,20260123_192107,7,2,0,2
run326,20260123_192107,8,0,0,0
run326,20260123_192107,9,0,0,0
run326,20260123_192107,10,1,0,1
run326,20260123_192107,11,0,0,0
run326,20260123_192107,12,0,0,0
run326,20260123_192107,13,1,0,1
run326,20260123_192107,14,2,0,2
run326,20260123_192107,15,1,0,1
run326,20260123_192107,16,4,0,4
run326,20260123_192107,17,0,0,0
run326,20260123_192107,18,0,0,0
run326,20260123_192107,19,0,0,0
run327,20260123_192155,0,1,2,3
run327,20260123_192155,1,825,2,827
run327,20260123_192155,2,1,2,3
run327,20260123_192155,3,0,2,2
run327,20260123_192155,4,0,2,2
run327,20260123_192155,5,0,0,0
run327,20260123_192155,6,0,0,0
run327,20260123_192155,7,0,0,0
run327,20260123_192155,8,0,0,0
run327,20260123_192155,9,0,0,0
run327,20260123_192155,10,1171,0,1171
run327,20260123_192155,11,3,0,3
run327,20260123_192155,12,3,0,3
run327,20260123_192155,13,2,0,2
run327,20260123_192155,14,2,0,2
run327,20260123_192155,15,1,0,1
run327,20260123_192155,16,0,0,0
run327,20260123_192155,17,0,2,2
run327,20260123_192155,18,0,0,0
run327,20260123_192155,19,0,0,0
run328,20260123_192247,0,1,0,1
run328,20260123_192247,1,2,0,2
run328,20260123_192247,2,3,0,3
run328,20260123_192247,3,1,0,1
run328,20260123_192247,4,1,0,1
run328,20260123_192247,5,1,0,1
run328,20260123_192247,6,1686,0,1686
run328,20260123_192247,7,1,0,1
run328,20260123_192247,8,0,0,0
run328,20260123_192247,9,0,0,0
run328,20260123_192247,10,0,0,0
run328,20260123_192247,11,1,0,1
run328,20260123_192247,12,1,0,1
run328,20260123_192247,13,1,0,1
run328,20260123_192247,14,1,0,1
run328,20260123_192247,15,0,0,0
run328,20260123_192247,16,1,0,1
run328,20260123_192247,17,0,0,0
run328,20260123_192247,18,0,0,0
run328,20260123_192247,19,0,0,0
run329,20260123_192335,0,6,0,6
run329,20260123_192335,1,1,0,1
run329,20260123_192335,2,0,0,0
run329,20260123_192335,3,0,0,0
run329,20260123_192335,4,2,0,2
run329,20260123_192335,5,0,0,0
run329,20260123_192335,6,1,0,1
run329,20260123_192335,7,2002,0,2002
run329,20260123_192335,8,0,0,0
run329,20260123_192335,9,0,0,0
run329,20260123_192335,10,0,0,0
run329,20260123_192335,11,0,0,0
run329,20260123_192335,12,2,0,2
run329,20260123_192335,13,1,0,1
run329,20260123_192335,14,1,0,1
run329,20260123_192335,15,1,0,1
run329,20260123_192335,16,1,0,1
run329,20260123_192335,17,0,0,0
run329,20260123_192335,18,0,0,0
run329,20260123_192335,19,0,0,0
run33,20260123_152155,0,0,0,0
run33,20260123_152155,1,2,0,2
run33,20260123_152155,2,209,0,209
run33,20260123_152155,3,3,0,3
run33,20260123_152155,4,1,0,1
run33,20260123_152155,5,0,0,0
run33,20260123_152155,6,0,0,0
run33,20260123_152155,7,2,0,2
run33,20260123_152155,8,0,0,0
run33,20260123_152155,9,0,0,0
run33,20260123_152155,10,2,0,2
run33,20260123_152155,11,0,0,0
run33,20260123_152155,12,1,0,1
run33,20260123_152155,13,0,0,0
run33,20260123_152155,14,4,0,4
run33,20260123_152155,15,0,0,0
run33,20260123_152155,16,1,0,1
run33,20260123_152155,17,0,0,0
run33,20260123_152155,18,0,0,0
run33,20260123_152155,19,0,0,0
run330,20260123_192424,0,2,1,3
run330,20260123_192424,1,2,1,3
run330,20260123_192424,2,1,1,2
run330,20260123_192424,3,2,1,3
run330,20260123_192424,4,0,1,1
run330,20260123_192424,5,2,0,2
run330,20260123_192424,6,1,0,1
run330,20260123_192424,7,1,0,1
run330,20260123_192424,8,0,0,0
run330,20260123_192424,9,0,0,0
run330,20260123_192424,10,0,0,0
run330,20260123_192424,11,1997,0,1997
run330,20260123_192424,12,1,0,1
run330,20260123_192424,13,2,0,2
run330,20260123_192424,14,0,0,0
run330,20260123_192424,15,0,0,0
run330,20260123_192424,16,1,0,1
run330,20260123_192424,17,0,1,1
run330,20260123_192424,18,0,0,0
run330,20260123_192424,19,0,0,0
run330,20260123_192423,0,2,1,3
run330,20260123_192423,1,2,1,3
run330,20260123_192423,2,1,1,2
run330,20260123_192423,3,2,1,3
run330,20260123_192423,4,0,1,1
run330,20260123_192423,5,2,0,2
run330,20260123_192423,6,1,0,1
run330,20260123_192423,7,1,0,1
run330,20260123_192423,8,0,0,0
run330,20260123_192423,9,0,0,0
run330,20260123_192423,10,0,0,0
run330,20260123_192423,11,1997,0,1997
run330,20260123_192423,12,1,0,1
run330,20260123_192423,13,2,0,2
run330,20260123_192423,14,0,0,0
run330,20260123_192423,15,0,0,0
run330,20260123_192423,16,1,0,1
run330,20260123_192423,17,0,1,1
run330,20260123_192423,18,0,0,0
run330,20260123_192423,19,0,0,0
run331,20260123_192516,0,0,0,0
run331,20260123_192516,1,2,0,2
run331,20260123_192516,2,3,0,3
run331,20260123_192516,3,830,0,830
run331,20260123_192516,4,1,0,1
run331,20260123_192516,5,3,0,3
run331,20260123_192516,6,1,0,1
run331,20260123_192516,7,0,0,0
run331,20260123_192516,8,0,0,0
run331,20260123_192516,9,0,0,0
run331,20260123_192516,10,4,0,4
run331,20260123_192516,11,0,0,0
run331,20260123_192516,12,0,0,0
run331,20260123_192516,13,1,0,1
run331,20260123_192516,14,0,0,0
run331,20260123_192516,15,1169,0,1169
run331,20260123_192516,16,0,0,0
run331,20260123_192516,17,3,0,3
run331,20260123_192516,18,0,0,0
run331,20260123_192516,19,0,0,0
run331,20260123_192515,0,0,0,0
run331,20260123_192515,1,2,0,2
run331,20260123_192515,2,3,0,3
run331,20260123_192515,3,830,0,830
run331,20260123_192515,4,1,0,1
run331,20260123_192515,5,3,0,3
run331,20260123_192515,6,1,0,1
run331,20260123_192515,7,0,0,0
run331,20260123_192515,8,0,0,0
run331,20260123_192515,9,0,0,0
run331,20260123_192515,10,4,0,4
run331,20260123_192515,11,0,0,0
run331,20260123_192515,12,0,0,0
run331,20260123_192515,13,1,0,1
run331,20260123_192515,14,0,0,0
run331,20260123_192515,15,1169,0,1169
run331,20260123_192515,16,0,0,0
run331,20260123_192515,17,3,0,3
run331,20260123_192515,18,0,0,0
run331,20260123_192515,19,0,0,0
run332,20260123_192603,0,0,0,0
run332,20260123_192603,1,2,0,2
run332,20260123_192603,2,1,0,1
run332,20260123_192603,3,1,0,1
run332,20260123_192603,4,0,0,0
run332,20260123_192603,5,3,0,3
run332,20260123_192603,6,2,0,2
run332,20260123_192603,7,1,0,1
run332,20260123_192603,8,0,0,0
run332,20260123_192603,9,0,0,0
run332,20260123_192603,10,1,0,1
run332,20260123_192603,11,1,0,1
run332,20260123_192603,12,2001,0,2001
run332,20260123_192603,13,1,0,1
run332,20260123_192603,14,0,0,0
run332,20260123_192603,15,0,0,0
run332,20260123_192603,16,2,0,2
run332,20260123_192603,17,2,0,2
run332,20260123_192603,18,0,0,0
run332,20260123_192603,19,0,0,0
run333,20260123_192651,0,1,62,63
run333,20260123_192651,1,1,62,63
run333,20260123_192651,2,0,62,62
run333,20260123_192651,3,0,62,62
run333,20260123_192651,4,1,62,63
run333,20260123_192651,5,2,0,2
run333,20260123_192651,6,1,0,1
run333,20260123_192651,7,0,0,0
run333,20260123_192651,8,0,0,0
run333,20260123_192651,9,0,0,0
run333,20260123_192651,10,1,0,1
run333,20260123_192651,11,0,0,0
run333,20260123_192651,12,0,0,0
run333,20260123_192651,13,0,0,0
run333,20260123_192651,14,0,0,0
run333,20260123_192651,15,0,0,0
run333,20260123_192651,16,0,53,53
run333,20260123_192651,17,0,21,21
run333,20260123_192651,18,0,0,0
run333,20260123_192651,19,0,0,0
run334,20260123_192739,0,1919,37,1956
run334,20260123_192739,1,2,48,50
run334,20260123_192739,2,1,46,47
run334,20260123_192739,3,1,46,47
run334,20260123_192739,4,2,46,48
run334,20260123_192739,5,15,21,36
run334,20260123_192739,6,2,40,42
run334,20260123_192739,7,2,31,33
run334,20260123_192739,8,0,0,0
run334,20260123_192739,9,0,1,1
run334,20260123_192739,10,3,44,47
run334,20260123_192739,11,0,45,45
run334,20260123_192739,12,1,45,46
run334,20260123_192739,13,3,46,49
run334,20260123_192739,14,0,43,43
run334,20260123_192739,15,12,341,353
run334,20260123_192739,16,11,30,41
run334,20260123_192739,17,2,10,12
run334,20260123_192739,18,0,0,0
run334,20260123_192739,19,5,763,768
run335,20260123_192827,0,10,210,220
run335,20260123_192827,1,5,212,217
run335,20260123_192827,2,4,210,214
run335,20260123_192827,3,1,210,211
run335,20260123_192827,4,5,210,215
run335,20260123_192827,5,4,0,4
run335,20260123_192827,6,2,0,2
run335,20260123_192827,7,1557,0,1557
run335,20260123_192827,8,0,1,1
run335,20260123_192827,9,0,0,0
run335,20260123_192827,10,2,0,2
run335,20260123_192827,11,0,0,0
run335,20260123_192827,12,0,0,0
run335,20260123_192827,13,0,1,1
run335,20260123_192827,14,2,2,4
run335,20260123_192827,15,0,0,0
run335,20260123_192827,16,6,198,204
run335,20260123_192827,17,1,43,44
run335,20260123_192827,18,0,1,1
run335,20260123_192827,19,0,1,1
run336,20260123_192915,0,1,0,1
run336,20260123_192915,1,4,0,4
run336,20260123_192915,2,2,0,2
run336,20260123_192915,3,2,0,2
run336,20260123_192915,4,1,0,1
run336,20260123_192915,5,1,0,1
run336,20260123_192915,6,1,0,1
run336,20260123_192915,7,2,0,2
run336,20260123_192915,8,0,0,0
run336,20260123_192915,9,0,0,0
run336,20260123_192915,10,2,0,2
run336,20260123_192915,11,0,0,0
run336,20260123_192915,12,0,0,0
run336,20260123_192915,13,1,0,1
run336,20260123_192915,14,0,0,0
run336,20260123_192915,15,1,0,1
run336,20260123_192915,16,1,0,1
run336,20260123_192915,17,0,0,0
run336,20260123_192915,18,0,0,0
run336,20260123_192915,19,0,0,0
run337,20260123_193003,0,0,0,0
run337,20260123_193003,1,4,0,4
run337,20260123_193003,2,1,0,1
run337,20260123_193003,3,3,0,3
run337,20260123_193003,4,0,0,0
run337,20260123_193003,5,0,0,0
run337,20260123_193003,6,0,0,0
run337,20260123_193003,7,1,0,1
run337,20260123_193003,8,0,0,0
run337,20260123_193003,9,0,0,0
run337,20260123_193003,10,1,0,1
run337,20260123_193003,11,1,0,1
run337,20260123_193003,12,1,0,1
run337,20260123_193003,13,0,0,0
run337,20260123_193003,14,2,0,2
run337,20260123_193003,15,1,0,1
run337,20260123_193003,16,0,0,0
run337,20260123_193003,17,474,0,474
run337,20260123_193003,18,0,0,0
run337,20260123_193003,19,0,0,0
run338,20260123_193051,0,2,0,2
run338,20260123_193051,1,2,0,2
run338,20260123_193051,2,3,0,3
run338,20260123_193051,3,1,0,1
run338,20260123_193051,4,1,0,1
run338,20260123_193051,5,2,1,3
run338,20260123_193051,6,1728,0,1728
run338,20260123_193051,7,1,0,1
run338,20260123_193051,8,0,0,0
run338,20260123_193051,9,0,0,0
run338,20260123_193051,10,2,0,2
run338,20260123_193051,11,0,0,0
run338,20260123_193051,12,0,0,0
run338,20260123_193051,13,1,0,1
run338,20260123_193051,14,0,0,0
run338,20260123_193051,15,3,0,3
run338,20260123_193051,16,2,0,2
run338,20260123_193051,17,0,0,0
run338,20260123_193051,18,0,0,0
run338,20260123_193051,19,0,0,0
run339,20260123_193139,0,0,0,0
run339,20260123_193139,1,1,0,1
run339,20260123_193139,2,2,0,2
run339,20260123_193139,3,0,0,0
run339,20260123_193139,4,1,0,1
run339,20260123_193139,5,1,0,1
run339,20260123_193139,6,1,0,1
run339,20260123_193139,7,1,0,1
run339,20260123_193139,8,0,0,0
run339,20260123_193139,9,0,0,0
run339,20260123_193139,10,1,0,1
run339,20260123_193139,11,0,0,0
run339,20260123_193139,12,1,0,1
run339,20260123_193139,13,0,0,0
run339,20260123_193139,14,3,0,3
run339,20260123_193139,15,1,0,1
run339,20260123_193139,16,1787,0,1787
run339,20260123_193139,17,1,0,1
run339,20260123_193139,18,0,0,0
run339,20260123_193139,19,0,0,0
run34,20260123_152243,0,2,0,2
run34,20260123_152243,1,1,0,1
run34,20260123_152243,2,5,0,5
run34,20260123_152243,3,2,0,2
run34,20260123_152243,4,1,0,1
run34,20260123_152243,5,3,0,3
run34,20260123_152243,6,2,0,2
run34,20260123_152243,7,1,0,1
run34,20260123_152243,8,0,0,0
run34,20260123_152243,9,0,0,0
run34,20260123_152243,10,1,0,1
run34,20260123_152243,11,0,0,0
run34,20260123_152243,12,1,0,1
run34,20260123_152243,13,1,0,1
run34,20260123_152243,14,0,0,0
run34,20260123_152243,15,2001,0,2001
run34,20260123_152243,16,3,0,3
run34,20260123_152243,17,0,0,0
run34,20260123_152243,18,0,0,0
run34,20260123_152243,19,0,0,0
run340,20260123_193227,0,0,0,0
run340,20260123_193227,1,0,0,0
run340,20260123_193227,2,1,0,1
run340,20260123_193227,3,1,0,1
run340,20260123_193227,4,1,0,1
run340,20260123_193227,5,2,0,2
run340,20260123_193227,6,0,0,0
run340,20260123_193227,7,0,0,0
run340,20260123_193227,8,0,0,0
run340,20260123_193227,9,0,0,0
run340,20260123_193227,10,0,0,0
run340,20260123_193227,11,3,0,3
run340,20260123_193227,12,1,0,1
run340,20260123_193227,13,1,0,1
run340,20260123_193227,14,0,0,0
run340,20260123_193227,15,1,0,1
run340,20260123_193227,16,1,0,1
run340,20260123_193227,17,0,0,0
run340,20260123_193227,18,0,0,0
run340,20260123_193227,19,0,0,0
run341,20260123_193319,0,3,1,4
run341,20260123_193319,1,1999,1,2000
run341,20260123_193319,2,1,1,2
run341,20260123_193319,3,1,1,2
run341,20260123_193319,4,1,1,2
run341,20260123_193319,5,0,0,0
run341,20260123_193319,6,0,0,0
run341,20260123_193319,7,1,0,1
run341,20260123_193319,8,0,0,0
run341,20260123_193319,9,0,0,0
run341,20260123_193319,10,2,0,2
run341,20260123_193319,11,1,0,1
run341,20260123_193319,12,2,0,2
run341,20260123_193319,13,0,0,0
run341,20260123_193319,14,2,0,2
run341,20260123_193319,15,1,0,1
run341,20260123_193319,16,0,0,0
run341,20260123_193319,17,0,1,1
run341,20260123_193319,18,0,0,0
run341,20260123_193319,19,0,0,0
run342,20260123_193411,0,1,0,1
run342,20260123_193411,1,0,1,1
run342,20260123_193411,2,4,1,5
run342,20260123_193411,3,1,0,1
run342,20260123_193411,4,0,0,0
run342,20260123_193411,5,2,0,2
run342,20260123_193411,6,1475,0,1475
run342,20260123_193411,7,0,0,0
run342,20260123_193411,8,0,1,1
run342,20260123_193411,9,0,0,0
run342,20260123_193411,10,0,0,0
run342,20260123_193411,11,2,0,2
run342,20260123_193411,12,0,0,0
run342,20260123_193411,13,1,0,1
run342,20260123_193411,14,3,0,3
run342,20260123_193411,15,2,2,4
run342,20260123_193411,16,1,0,1
run342,20260123_193411,17,0,0,0
run342,20260123_193411,18,0,1,1
run342,20260123_193411,19,0,1,1
run343,20260123_193459,0,1,1,2
run343,20260123_193459,1,2,1,3
run343,20260123_193459,2,2,1,3
run343,20260123_193459,3,0,1,1
run343,20260123_193459,4,3,0,3
run343,20260123_193459,5,1,0,1
run343,20260123_193459,6,1,0,1
run343,20260123_193459,7,1,0,1
run343,20260123_193459,8,0,0,0
run343,20260123_193459,9,0,0,0
run343,20260123_193459,10,2,0,2
run343,20260123_193459,11,0,0,0
run343,20260123_193459,12,1,0,1
run343,20260123_193459,13,1,0,1
run343,20260123_193459,14,0,0,0
run343,20260123_193459,15,1,0,1
run343,20260123_193459,16,264,1,265
run343,20260123_193459,17,392,1,393
run343,20260123_193459,18,0,0,0
run343,20260123_193459,19,0,0,0
run344,20260123_193551,0,3,0,3
run344,20260123_193551,1,3,0,3
run344,20260123_193551,2,2,0,2
run344,20260123_193551,3,0,0,0
run344,20260123_193551,4,0,0,0
run344,20260123_193551,5,3,0,3
run344,20260123_193551,6,1,0,1
run344,20260123_193551,7,0,0,0
run344,20260123_193551,8,0,0,0
run344,20260123_193551,9,0,0,0
run344,20260123_193551,10,0,0,0
run344,20260123_193551,11,2,0,2
run344,20260123_193551,12,0,0,0
run344,20260123_193551,13,1,0,1
run344,20260123_193551,14,2,0,2
run344,20260123_193551,15,1999,0,1999
run344,20260123_193551,16,3,0,3
run344,20260123_193551,17,1,0,1
run344,20260123_193551,18,0,0,0
run344,20260123_193551,19,0,0,0
run345,20260123_193639,0,1,0,1
run345,20260123_193639,1,2,0,2
run345,20260123_193639,2,2000,0,2000
run345,20260123_193639,3,1,0,1
run345,20260123_193639,4,1,0,1
run345,20260123_193639,5,3,0,3
run345,20260123_193639,6,0,0,0
run345,20260123_193639,7,0,0,0
run345,20260123_193639,8,0,0,0
run345,20260123_193639,9,0,0,0
run345,20260123_193639,10,2,0,2
run345,20260123_193639,11,0,0,0
run345,20260123_193639,12,1,0,1
run345,20260123_193639,13,3,0,3
run345,20260123_193639,14,1,0,1
run345,20260123_193639,15,0,0,0
run345,20260123_193639,16,2,0,2
run345,20260123_193639,17,0,0,0
run345,20260123_193639,18,0,0,0
run345,20260123_193639,19,0,0,0
run346,20260123_193729,0,1,1,2
run346,20260123_193729,1,0,1,1
run346,20260123_193729,2,6,1,7
run346,20260123_193729,3,2,1,3
run346,20260123_193729,4,2,0,2
run346,20260123_193729,5,0,0,0
run346,20260123_193729,6,1,0,1
run346,20260123_193729,7,3,0,3
run346,20260123_193729,8,0,0,0
run346,20260123_193729,9,0,0,0
run346,20260123_193729,10,1,0,1
run346,20260123_193729,11,1,0,1
run346,20260123_193729,12,53,0,53
run346,20260123_193729,13,4,0,4
run346,20260123_193729,14,2,0,2
run346,20260123_193729,15,0,0,0
run346,20260123_193729,16,1830,1,1831
run346,20260123_193729,17,0,1,1
run346,20260123_193729,18,0,0,0
run346,20260123_193729,19,0,0,0
run347,20260123_193817,0,2,1,3
run347,20260123_193817,1,1,1,2
run347,20260123_193817,2,2,1,3
run347,20260123_193817,3,0,1,1
run347,20260123_193817,4,4,1,5
run347,20260123_193817,5,1,0,1
run347,20260123_193817,6,2,0,2
run347,20260123_193817,7,1,0,1
run347,20260123_193817,8,0,0,0
run347,20260123_193817,9,0,0,0
run347,20260123_193817,10,1,0,1
run347,20260123_193817,11,1,0,1
run347,20260123_193817,12,1,0,1
run347,20260123_193817,13,1,0,1
run347,20260123_193817,14,0,0,0
run347,20260123_193817,15,1988,0,1988
run347,20260123_193817,16,1,0,1
run347,20260123_193817,17,0,1,1
run347,20260123_193817,18,0,0,0
run347,20260123_193817,19,0,0,0
run348,20260123_193905,0,1,0,1
run348,20260123_193905,1,2001,0,2001
run348,20260123_193905,2,2,0,2
run348,20260123_193905,3,0,0,0
run348,20260123_193905,4,0,0,0
run348,20260123_193905,5,3,0,3
run348,20260123_193905,6,1,0,1
run348,20260123_193905,7,1,0,1
run348,20260123_193905,8,0,0,0
run348,20260123_193905,9,0,0,0
run348,20260123_193905,10,0,0,0
run348,20260123_193905,11,0,0,0
run348,20260123_193905,12,1,0,1
run348,20260123_193905,13,0,0,0
run348,20260123_193905,14,2,0,2
run348,20260123_193905,15,1,0,1
run348,20260123_193905,16,2,0,2
run348,20260123_193905,17,0,0,0
run348,20260123_193905,18,0,0,0
run348,20260123_193905,19,0,0,0
run349,20260123_193958,0,1,0,1
run349,20260123_193958,1,0,0,0
run349,20260123_193958,2,2001,0,2001
run349,20260123_193958,3,0,0,0
run349,20260123_193958,4,1,0,1
run349,20260123_193958,5,2,0,2
run349,20260123_193958,6,2,0,2
run349,20260123_193958,7,0,0,0
run349,20260123_193958,8,0,0,0
run349,20260123_193958,9,0,0,0
run349,20260123_193958,10,1,0,1
run349,20260123_193958,11,0,0,0
run349,20260123_193958,12,3,0,3
run349,20260123_193958,13,0,0,0
run349,20260123_193958,14,0,0,0
run349,20260123_193958,15,0,0,0
run349,20260123_193958,16,1,0,1
run349,20260123_193958,17,0,0,0
run349,20260123_193958,18,0,0,0
run349,20260123_193958,19,0,0,0
run349,20260123_193957,0,1,0,1
run349,20260123_193957,1,0,0,0
run349,20260123_193957,2,2001,0,2001
run349,20260123_193957,3,0,0,0
run349,20260123_193957,4,1,0,1
run349,20260123_193957,5,2,0,2
run349,20260123_193957,6,2,0,2
run349,20260123_193957,7,0,0,0
run349,20260123_193957,8,0,0,0
run349,20260123_193957,9,0,0,0
run349,20260123_193957,10,1,0,1
run349,20260123_193957,11,0,0,0
run349,20260123_193957,12,3,0,3
run349,20260123_193957,13,0,0,0
run349,20260123_193957,14,0,0,0
run349,20260123_193957,15,0,0,0
run349,20260123_193957,16,1,0,1
run349,20260123_193957,17,0,0,0
run349,20260123_193957,18,0,0,0
run349,20260123_193957,19,0,0,0
run35,20260123_152331,0,0,0,0
run35,20260123_152331,1,1,0,1
run35,20260123_152331,2,6,0,6
run35,20260123_152331,3,2,0,2
run35,20260123_152331,4,0,0,0
run35,20260123_152331,5,0,0,0
run35,20260123_152331,6,0,0,0
run35,20260123_152331,7,2,0,2
run35,20260123_152331,8,0,0,0
run35,20260123_152331,9,0,0,0
run35,20260123_152331,10,2,0,2
run35,20260123_152331,11,2,0,2
run35,20260123_152331,12,1,0,1
run35,20260123_152331,13,0,0,0
run35,20260123_152331,14,2001,0,2001
run35,20260123_152331,15,4,0,4
run35,20260123_152331,16,4,0,4
run35,20260123_152331,17,1,0,1
run35,20260123_152331,18,0,0,0
run35,20260123_152331,19,0,0,0
run350,20260123_194046,0,3,0,3
run350,20260123_194046,1,2,1,3
run350,20260123_194046,2,2,1,3
run350,20260123_194046,3,0,1,1
run350,20260123_194046,4,2,1,3
run350,20260123_194046,5,3,2,5
run350,20260123_194046,6,1,0,1
run350,20260123_194046,7,1,0,1
run350,20260123_194046,8,0,0,0
run350,20260123_194046,9,0,1,1
run350,20260123_194046,10,1,0,1
run350,20260123_194046,11,2,1,3
run350,20260123_194046,12,1,0,1
run350,20260123_194046,13,941,0,941
run350,20260123_194046,14,2,0,2
run350,20260123_194046,15,3,0,3
run350,20260123_194046,16,5,0,5
run350,20260123_194046,17,0,0,0
run350,20260123_194046,18,0,0,0
run350,20260123_194046,19,0,0,0
run350,20260123_194045,0,3,0,3
run350,20260123_194045,1,2,1,3
run350,20260123_194045,2,2,1,3
run350,20260123_194045,3,0,1,1
run350,20260123_194045,4,2,1,3
run350,20260123_194045,5,3,2,5
run350,20260123_194045,6,1,0,1
run350,20260123_194045,7,1,0,1
run350,20260123_194045,8,0,0,0
run350,20260123_194045,9,0,1,1
run350,20260123_194045,10,1,0,1
run350,20260123_194045,11,2,1,3
run350,20260123_194045,12,1,0,1
run350,20260123_194045,13,941,0,941
run350,20260123_194045,14,2,0,2
run350,20260123_194045,15,3,0,3
run350,20260123_194045,16,5,0,5
run350,20260123_194045,17,0,0,0
run350,20260123_194045,18,0,0,0
run350,20260123_194045,19,0,0,0
run351,20260123_194134,0,1,0,1
run351,20260123_194134,1,1,0,1
run351,20260123_194134,2,1,0,1
run351,20260123_194134,3,1,0,1
run351,20260123_194134,4,1,0,1
run351,20260123_194134,5,3,0,3
run351,20260123_194134,6,1,0,1
run351,20260123_194134,7,0,0,0
run351,20260123_194134,8,0,0,0
run351,20260123_194134,9,0,0,0
run351,20260123_194134,10,1,0,1
run351,20260123_194134,11,1999,0,1999
run351,20260123_194134,12,1,0,1
run351,20260123_194134,13,0,0,0
run351,20260123_194134,14,1,0,1
run351,20260123_194134,15,1,0,1
run351,20260123_194134,16,1,0,1
run351,20260123_194134,17,0,0,0
run351,20260123_194134,18,0,0,0
run351,20260123_194134,19,0,0,0
run352,20260123_194226,0,2,316,318
run352,20260123_194226,1,6,316,322
run352,20260123_194226,2,1,316,317
run352,20260123_194226,3,2,316,318
run352,20260123_194226,4,0,316,316
run352,20260123_194226,5,1600,0,1600
run352,20260123_194226,6,0,0,0
run352,20260123_194226,7,0,0,0
run352,20260123_194226,8,0,0,0
run352,20260123_194226,9,0,0,0
run352,20260123_194226,10,6,0,6
run352,20260123_194226,11,1,0,1
run352,20260123_194226,12,1,0,1
run352,20260123_194226,13,0,0,0
run352,20260123_194226,14,2,0,2
run352,20260123_194226,15,0,0,0
run352,20260123_194226,16,1,265,266
run352,20260123_194226,17,0,185,185
run352,20260123_194226,18,0,0,0
run352,20260123_194226,19,0,0,0
run353,20260123_194314,0,2,1,3
run353,20260123_194314,1,2,1,3
run353,20260123_194314,2,2,1,3
run353,20260123_194314,3,2,1,3
run353,20260123_194314,4,2,1,3
run353,20260123_194314,5,1,0,1
run353,20260123_194314,6,1716,0,1716
run353,20260123_194314,7,0,0,0
run353,20260123_194314,8,0,0,0
run353,20260123_194314,9,0,0,0
run353,20260123_194314,10,2,0,2
run353,20260123_194314,11,1,0,1
run353,20260123_194314,12,0,0,0
run353,20260123_194314,13,0,0,0
run353,20260123_194314,14,3,0,3
run353,20260123_194314,15,0,0,0
run353,20260123_194314,16,1,0,1
run353,20260123_194314,17,1,1,2
run353,20260123_194314,18,0,0,0
run353,20260123_194314,19,0,0,0
run354,20260123_194402,0,0,0,0
run354,20260123_194402,1,1997,0,1997
run354,20260123_194402,2,1,0,1
run354,20260123_194402,3,1,0,1
run354,20260123_194402,4,0,0,0
run354,20260123_194402,5,2,0,2
run354,20260123_194402,6,2,0,2
run354,20260123_194402,7,0,0,0
run354,20260123_194402,8,0,0,0
run354,20260123_194402,9,0,0,0
run354,20260123_194402,10,0,0,0
run354,20260123_194402,11,1,0,1
run354,20260123_194402,12,0,0,0
run354,20260123_194402,13,1,0,1
run354,20260123_194402,14,2,0,2
run354,20260123_194402,15,1,0,1
run354,20260123_194402,16,1,0,1
run354,20260123_194402,17,0,0,0
run354,20260123_194402,18,0,0,0
run354,20260123_194402,19,0,0,0
run355,20260123_194451,0,2,0,2
run355,20260123_194451,1,3,0,3
run355,20260123_194451,2,1,0,1
run355,20260123_194451,3,0,0,0
run355,20260123_194451,4,2000,0,2000
run355,20260123_194451,5,2,0,2
run355,20260123_194451,6,3,0,3
run355,20260123_194451,7,0,0,0
run355,20260123_194451,8,0,0,0
run355,20260123_194451,9,0,0,0
run355,20260123_194451,10,1,0,1
run355,20260123_194451,11,0,0,0
run355,20260123_194451,12,1,0,1
run355,20260123_194451,13,1,0,1
run355,20260123_194451,14,0,0,0
run355,20260123_194451,15,0,0,0
run355,20260123_194451,16,4,0,4
run355,20260123_194451,17,0,0,0
run355,20260123_194451,18,0,0,0
run355,20260123_194451,19,0,0,0
run356,20260123_194543,0,1,0,1
run356,20260123_194543,1,2,0,2
run356,20260123_194543,2,1,0,1
run356,20260123_194543,3,2,0,2
run356,20260123_194543,4,1,0,1
run356,20260123_194543,5,3,0,3
run356,20260123_194543,6,0,0,0
run356,20260123_194543,7,0,0,0
run356,20260123_194543,8,0,0,0
run356,20260123_194543,9,0,0,0
run356,20260123_194543,10,0,0,0
run356,20260123_194543,11,0,0,0
run356,20260123_194543,12,1909,0,1909
run356,20260123_194543,13,93,0,93
run356,20260123_194543,14,1,0,1
run356,20260123_194543,15,2,0,2
run356,20260123_194543,16,3,0,3
run356,20260123_194543,17,0,0,0
run356,20260123_194543,18,0,0,0
run356,20260123_194543,19,0,0,0
run357,20260123_194635,0,1,0,1
run357,20260123_194635,1,0,0,0
run357,20260123_194635,2,3,0,3
run357,20260123_194635,3,2,0,2
run357,20260123_194635,4,0,0,0
run357,20260123_194635,5,1,0,1
run357,20260123_194635,6,2,0,2
run357,20260123_194635,7,2,0,2
run357,20260123_194635,8,0,0,0
run357,20260123_194635,9,0,0,0
run357,20260123_194635,10,1,0,1
run357,20260123_194635,11,2,0,2
run357,20260123_194635,12,0,0,0
run357,20260123_194635,13,2,0,2
run357,20260123_194635,14,2000,0,2000
run357,20260123_194635,15,1,0,1
run357,20260123_194635,16,0,0,0
run357,20260123_194635,17,0,0,0
run357,20260123_194635,18,0,0,0
run357,20260123_194635,19,0,0,0
run358,20260123_194723,0,2,1,3
run358,20260123_194723,1,1,1,2
run358,20260123_194723,2,4,1,5
run358,20260123_194723,3,2,1,3
run358,20260123_194723,4,3,0,3
run358,20260123_194723,5,2,0,2
run358,20260123_194723,6,0,0,0
run358,20260123_194723,7,0,0,0
run358,20260123_194723,8,0,0,0
run358,20260123_194723,9,0,0,0
run358,20260123_194723,10,3,0,3
run358,20260123_194723,11,0,0,0
run358,20260123_194723,12,1995,0,1995
run358,20260123_194723,13,1,0,1
run358,20260123_194723,14,2,0,2
run358,20260123_194723,15,1,0,1
run358,20260123_194723,16,2,1,3
run358,20260123_194723,17,0,1,1
run358,20260123_194723,18,0,0,0
run358,20260123_194723,19,0,0,0
run359,20260123_194811,0,3,0,3
run359,20260123_194811,1,1,0,1
run359,20260123_194811,2,2,0,2
run359,20260123_194811,3,1,0,1
run359,20260123_194811,4,3,0,3
run359,20260123_194811,5,5,0,5
run359,20260123_194811,6,1691,0,1691
run359,20260123_194811,7,2,0,2
run359,20260123_194811,8,0,0,0
run359,20260123_194811,9,0,0,0
run359,20260123_194811,10,2,0,2
run359,20260123_194811,11,0,0,0
run359,20260123_194811,12,0,0,0
run359,20260123_194811,13,2,0,2
run359,20260123_194811,14,1,0,1
run359,20260123_194811,15,2,0,2
run359,20260123_194811,16,3,0,3
run359,20260123_194811,17,1,0,1
run359,20260123_194811,18,0,0,0
run359,20260123_194811,19,0,0,0
run36,20260123_152419,0,1,0,1
run36,20260123_152419,1,1996,0,1996
run36,20260123_152419,2,4,0,4
run36,20260123_152419,3,0,0,0
run36,20260123_152419,4,2,0,2
run36,20260123_152419,5,0,0,0
run36,20260123_152419,6,1,0,1
run36,20260123_152419,7,1,0,1
run36,20260123_152419,8,0,0,0
run36,20260123_152419,9,0,0,0
run36,20260123_152419,10,0,0,0
run36,20260123_152419,11,0,0,0
run36,20260123_152419,12,1,0,1
run36,20260123_152419,13,3,0,3
run36,20260123_152419,14,0,0,0
run36,20260123_152419,15,4,0,4
run36,20260123_152419,16,1,0,1
run36,20260123_152419,17,0,0,0
run36,20260123_152419,18,0,0,0
run36,20260123_152419,19,0,0,0
run360,20260123_194859,0,2,0,2
run360,20260123_194859,1,0,0,0
run360,20260123_194859,2,4,0,4
run360,20260123_194859,3,0,0,0
run360,20260123_194859,4,1,0,1
run360,20260123_194859,5,1,1,2
run360,20260123_194859,6,0,1,1
run360,20260123_194859,7,0,1,1
run360,20260123_194859,8,0,0,0
run360,20260123_194859,9,0,0,0
run360,20260123_194859,10,1,1,2
run360,20260123_194859,11,0,1,1
run360,20260123_194859,12,2,1,3
run360,20260123_194859,13,1,1,2
run360,20260123_194859,14,1998,1,1999
run360,20260123_194859,15,1,0,1
run360,20260123_194859,16,2,0,2
run360,20260123_194859,17,1,0,1
run360,20260123_194859,18,0,0,0
run360,20260123_194859,19,0,0,0
run361,20260123_194947,0,1,0,1
run361,20260123_194947,1,2,0,2
run361,20260123_194947,2,0,0,0
run361,20260123_194947,3,2,0,2
run361,20260123_194947,4,1,0,1
run361,20260123_194947,5,2,0,2
run361,20260123_194947,6,1684,0,1684
run361,20260123_194947,7,1,0,1
run361,20260123_194947,8,0,0,0
run361,20260123_194947,9,0,0,0
run361,20260123_194947,10,0,0,0
run361,20260123_194947,11,0,0,0
run361,20260123_194947,12,2,0,2
run361,20260123_194947,13,4,0,4
run361,20260123_194947,14,1,0,1
run361,20260123_194947,15,1,0,1
run361,20260123_194947,16,6,0,6
run361,20260123_194947,17,0,0,0
run361,20260123_194947,18,0,0,0
run361,20260123_194947,19,0,0,0
run362,20260123_195039,0,1,0,1
run362,20260123_195039,1,2,0,2
run362,20260123_195039,2,2,0,2
run362,20260123_195039,3,0,0,0
run362,20260123_195039,4,0,0,0
run362,20260123_195039,5,0,0,0
run362,20260123_195039,6,2,0,2
run362,20260123_195039,7,0,0,0
run362,20260123_195039,8,0,0,0
run362,20260123_195039,9,0,0,0
run362,20260123_195039,10,1,0,1
run362,20260123_195039,11,0,0,0
run362,20260123_195039,12,2001,0,2001
run362,20260123_195039,13,2000,0,2000
run362,20260123_195039,14,0,0,0
run362,20260123_195039,15,2,0,2
run362,20260123_195039,16,2,0,2
run362,20260123_195039,17,0,0,0
run362,20260123_195039,18,0,0,0
run362,20260123_195039,19,0,0,0
run363,20260123_195131,0,2,0,2
run363,20260123_195131,1,1,0,1
run363,20260123_195131,2,5,0,5
run363,20260123_195131,3,0,0,0
run363,20260123_195131,4,1,0,1
run363,20260123_195131,5,2,0,2
run363,20260123_195131,6,1,0,1
run363,20260123_195131,7,0,0,0
run363,20260123_195131,8,0,2,2
run363,20260123_195131,9,0,0,0
run363,20260123_195131,10,1,0,1
run363,20260123_195131,11,1,0,1
run363,20260123_195131,12,0,0,0
run363,20260123_195131,13,2,0,2
run363,20260123_195131,14,2000,0,2000
run363,20260123_195131,15,0,0,0
run363,20260123_195131,16,1,0,1
run363,20260123_195131,17,0,0,0
run363,20260123_195131,18,0,0,0
run363,20260123_195131,19,0,0,0
run364,20260123_195223,0,0,0,0
run364,20260123_195223,1,0,0,0
run364,20260123_195223,2,2,0,2
run364,20260123_195223,3,0,0,0
run364,20260123_195223,4,0,0,0
run364,20260123_195223,5,1,0,1
run364,20260123_195223,6,1,0,1
run364,20260123_195223,7,0,0,0
run364,20260123_195223,8,0,0,0
run364,20260123_195223,9,0,0,0
run364,20260123_195223,10,0,0,0
run364,20260123_195223,11,0,0,0
run364,20260123_195223,12,4,0,4
run364,20260123_195223,13,1,0,1
run364,20260123_195223,14,1,0,1
run364,20260123_195223,15,1999,0,1999
run364,20260123_195223,16,2,0,2
run364,20260123_195223,17,0,0,0
run364,20260123_195223,18,0,0,0
run364,20260123_195223,19,0,0,0
run365,20260123_195315,0,0,0,0
run365,20260123_195315,1,0,0,0
run365,20260123_195315,2,1259,0,1259
run365,20260123_195315,3,0,0,0
run365,20260123_195315,4,1,0,1
run365,20260123_195315,5,0,0,0
run365,20260123_195315,6,1,0,1
run365,20260123_195315,7,2,0,2
run365,20260123_195315,8,0,0,0
run365,20260123_195315,9,0,0,0
run365,20260123_195315,10,1,0,1
run365,20260123_195315,11,0,0,0
run365,20260123_195315,12,1,0,1
run365,20260123_195315,13,1,0,1
run365,20260123_195315,14,2,0,2
run365,20260123_195315,15,1,0,1
run365,20260123_195315,16,3,0,3
run365,20260123_195315,17,0,0,0
run365,20260123_195315,18,0,0,0
run365,20260123_195315,19,0,0,0
run366,20260123_195405,0,4,348,352
run366,20260123_195405,1,2,349,351
run366,20260123_195405,2,2,348,350
run366,20260123_195405,3,2,348,350
run366,20260123_195405,4,0,348,348
run366,20260123_195405,5,2,1,3
run366,20260123_195405,6,1,1,2
run366,20260123_195405,7,1,1,2
run366,20260123_195405,8,0,1,1
run366,20260123_195405,9,0,2,2
run366,20260123_195405,10,1,1,2
run366,20260123_195405,11,1,3,4
run366,20260123_195405,12,0,1,1
run366,20260123_195405,13,0,1,1
run366,20260123_195405,14,63,1,64
run366,20260123_195405,15,1,0,1
run366,20260123_195405,16,1187,344,1531
run366,20260123_195405,17,0,39,39
run366,20260123_195405,18,0,1,1
run366,20260123_195405,19,0,0,0
run367,20260123_195457,0,0,0,0
run367,20260123_195457,1,1,0,1
run367,20260123_195457,2,4,0,4
run367,20260123_195457,3,2,0,2
run367,20260123_195457,4,0,0,0
run367,20260123_195457,5,1,0,1
run367,20260123_195457,6,1,0,1
run367,20260123_195457,7,1,0,1
run367,20260123_195457,8,0,0,0
run367,20260123_195457,9,0,0,0
run367,20260123_195457,10,191,0,191
run367,20260123_195457,11,0,0,0
run367,20260123_195457,12,0,0,0
run367,20260123_195457,13,2,0,2
run367,20260123_195457,14,1813,0,1813
run367,20260123_195457,15,0,0,0
run367,20260123_195457,16,1,0,1
run367,20260123_195457,17,1,0,1
run367,20260123_195457,18,0,0,0
run367,20260123_195457,19,0,0,0
run368,20260123_195549,0,0,0,0
run368,20260123_195549,1,0,0,0
run368,20260123_195549,2,1,0,1
run368,20260123_195549,3,1,0,1
run368,20260123_195549,4,0,0,0
run368,20260123_195549,5,1,0,1
run368,20260123_195549,6,4,0,4
run368,20260123_195549,7,1,0,1
run368,20260123_195549,8,0,0,0
run368,20260123_195549,9,0,0,0
run368,20260123_195549,10,2000,0,2000
run368,20260123_195549,11,1,0,1
run368,20260123_195549,12,2,0,2
run368,20260123_195549,13,2,0,2
run368,20260123_195549,14,1,0,1
run368,20260123_195549,15,0,0,0
run368,20260123_195549,16,2,0,2
run368,20260123_195549,17,2,0,2
run368,20260123_195549,18,0,0,0
run368,20260123_195549,19,0,0,0
run369,20260123_195641,0,0,0,0
run369,20260123_195641,1,664,0,664
run369,20260123_195641,2,1,0,1
run369,20260123_195641,3,3,0,3
run369,20260123_195641,4,1,0,1
run369,20260123_195641,5,1,0,1
run369,20260123_195641,6,1153,0,1153
run369,20260123_195641,7,3,0,3
run369,20260123_195641,8,0,0,0
run369,20260123_195641,9,0,0,0
run369,20260123_195641,10,0,0,0
run369,20260123_195641,11,0,0,0
run369,20260123_195641,12,0,0,0
run369,20260123_195641,13,1,0,1
run369,20260123_195641,14,1,0,1
run369,20260123_195641,15,2,0,2
run369,20260123_195641,16,2,0,2
run369,20260123_195641,17,0,0,0
run369,20260123_195641,18,0,0,0
run369,20260123_195641,19,0,0,0
run37,20260123_152507,0,2,0,2
run37,20260123_152507,1,2,0,2
run37,20260123_152507,2,2,0,2
run37,20260123_152507,3,1,0,1
run37,20260123_152507,4,0,0,0
run37,20260123_152507,5,0,0,0
run37,20260123_152507,6,0,0,0
run37,20260123_152507,7,0,0,0
run37,20260123_152507,8,0,0,0
run37,20260123_152507,9,0,0,0
run37,20260123_152507,10,0,0,0
run37,20260123_152507,11,1,0,1
run37,20260123_152507,12,2,0,2
run37,20260123_152507,13,0,0,0
run37,20260123_152507,14,2,0,2
run37,20260123_152507,15,1630,0,1630
run37,20260123_152507,16,1,0,1
run37,20260123_152507,17,80,0,80
run37,20260123_152507,18,0,0,0
run37,20260123_152507,19,0,0,0
run370,20260123_195729,0,0,0,0
run370,20260123_195729,1,2,0,2
run370,20260123_195729,2,1,0,1
run370,20260123_195729,3,0,0,0
run370,20260123_195729,4,2003,0,2003
run370,20260123_195729,5,3,0,3
run370,20260123_195729,6,0,0,0
run370,20260123_195729,7,0,0,0
run370,20260123_195729,8,0,0,0
run370,20260123_195729,9,0,0,0
run370,20260123_195729,10,1,0,1
run370,20260123_195729,11,2,0,2
run370,20260123_195729,12,2,0,2
run370,20260123_195729,13,0,0,0
run370,20260123_195729,14,2,0,2
run370,20260123_195729,15,3,0,3
run370,20260123_195729,16,1,0,1
run370,20260123_195729,17,0,0,0
run370,20260123_195729,18,0,0,0
run370,20260123_195729,19,0,0,0
run371,20260123_195819,0,2,0,2
run371,20260123_195819,1,1,0,1
run371,20260123_195819,2,3,0,3
run371,20260123_195819,3,1,0,1
run371,20260123_195819,4,0,0,0
run371,20260123_195819,5,1,0,1
run371,20260123_195819,6,0,0,0
run371,20260123_195819,7,2,0,2
run371,20260123_195819,8,0,0,0
run371,20260123_195819,9,0,0,0
run371,20260123_195819,10,1,0,1
run371,20260123_195819,11,0,0,0
run371,20260123_195819,12,0,0,0
run371,20260123_195819,13,3,0,3
run371,20260123_195819,14,2,0,2
run371,20260123_195819,15,2000,0,2000
run371,20260123_195819,16,1,0,1
run371,20260123_195819,17,1,0,1
run371,20260123_195819,18,0,0,0
run371,20260123_195819,19,0,0,0
run371,20260123_195818,0,2,0,2
run371,20260123_195818,1,1,0,1
run371,20260123_195818,2,3,0,3
run371,20260123_195818,3,1,0,1
run371,20260123_195818,4,0,0,0
run371,20260123_195818,5,1,0,1
run371,20260123_195818,6,0,0,0
run371,20260123_195818,7,2,0,2
run371,20260123_195818,8,0,0,0
run371,20260123_195818,9,0,0,0
run371,20260123_195818,10,1,0,1
run371,20260123_195818,11,0,0,0
run371,20260123_195818,12,0,0,0
run371,20260123_195818,13,3,0,3
run371,20260123_195818,14,2,0,2
run371,20260123_195818,15,2000,0,2000
run371,20260123_195818,16,1,0,1
run371,20260123_195818,17,1,0,1
run371,20260123_195818,18,0,0,0
run371,20260123_195818,19,0,0,0
run372,20260123_195907,0,2,0,2
run372,20260123_195907,1,1221,0,1221
run372,20260123_195907,2,780,0,780
run372,20260123_195907,3,1,0,1
run372,20260123_195907,4,2,0,2
run372,20260123_195907,5,1,0,1
run372,20260123_195907,6,1,0,1
run372,20260123_195907,7,0,0,0
run372,20260123_195907,8,0,0,0
run372,20260123_195907,9,0,0,0
run372,20260123_195907,10,1,0,1
run372,20260123_195907,11,0,0,0
run372,20260123_195907,12,0,0,0
run372,20260123_195907,13,4,0,4
run372,20260123_195907,14,1,0,1
run372,20260123_195907,15,1,0,1
run372,20260123_195907,16,4,0,4
run372,20260123_195907,17,0,0,0
run372,20260123_195907,18,0,0,0
run372,20260123_195907,19,0,0,0
run373,20260123_195959,0,1,0,1
run373,20260123_195959,1,1,0,1
run373,20260123_195959,2,2,0,2
run373,20260123_195959,3,0,0,0
run373,20260123_195959,4,0,0,0
run373,20260123_195959,5,2,0,2
run373,20260123_195959,6,0,0,0
run373,20260123_195959,7,1,0,1
run373,20260123_195959,8,0,0,0
run373,20260123_195959,9,0,0,0
run373,20260123_195959,10,0,0,0
run373,20260123_195959,11,1,0,1
run373,20260123_195959,12,2000,0,2000
run373,20260123_195959,13,2,0,2
run373,20260123_195959,14,1,0,1
run373,20260123_195959,15,2,0,2
run373,20260123_195959,16,2,0,2
run373,20260123_195959,17,0,0,0
run373,20260123_195959,18,0,0,0
run373,20260123_195959,19,0,0,0
run374,20260123_200051,0,1944,27,1971
run374,20260123_200051,1,7,38,45
run374,20260123_200051,2,5,37,42
run374,20260123_200051,3,5,36,41
run374,20260123_200051,4,6,36,42
run374,20260123_200051,5,20,18,38
run374,20260123_200051,6,5,35,40
run374,20260123_200051,7,13,19,32
run374,20260123_200051,8,0,0,0
run374,20260123_200051,9,0,0,0
run374,20260123_200051,10,8,35,43
run374,20260123_200051,11,7,36,43
run374,20260123_200051,12,4,34,38
run374,20260123_200051,13,5,34,39
run374,20260123_200051,14,5,34,39
run374,20260123_200051,15,18,10,28
run374,20260123_200051,16,9,25,34
run374,20260123_200051,17,5,7,12
run374,20260123_200051,18,0,0,0
run374,20260123_200051,19,0,0,0
run375,20260123_200143,0,2,1,3
run375,20260123_200143,1,3,1,4
run375,20260123_200143,2,1375,1,1376
run375,20260123_200143,3,625,1,626
run375,20260123_200143,4,0,1,1
run375,20260123_200143,5,1,0,1
run375,20260123_200143,6,0,0,0
run375,20260123_200143,7,0,0,0
run375,20260123_200143,8,0,0,0
run375,20260123_200143,9,0,0,0
run375,20260123_200143,10,1,0,1
run375,20260123_200143,11,1,0,1
run375,20260123_200143,12,0,0,0
run375,20260123_200143,13,0,0,0
run375,20260123_200143,14,0,0,0
run375,20260123_200143,15,1,0,1
run375,20260123_200143,16,0,0,0
run375,20260123_200143,17,0,1,1
run375,20260123_200143,18,0,0,0
run375,20260123_200143,19,0,0,0
run376,20260123_200231,0,259,25,284
run376,20260123_200231,1,4,26,30
run376,20260123_200231,2,0,25,25
run376,20260123_200231,3,1,25,26
run376,20260123_200231,4,649,25,674
run376,20260123_200231,5,11,6,17
run376,20260123_200231,6,3,25,28
run376,20260123_200231,7,0,13,13
run376,20260123_200231,8,0,0,0
run376,20260123_200231,9,0,0,0
run376,20260123_200231,10,14,25,39
run376,20260123_200231,11,1,26,27
run376,20260123_200231,12,1,25,26
run376,20260123_200231,13,0,24,24
run376,20260123_200231,14,1,24,25
run376,20260123_200231,15,11,5,16
run376,20260123_200231,16,1,25,26
run376,20260123_200231,17,0,6,6
run376,20260123_200231,18,0,0,0
run376,20260123_200231,19,0,1,1
run377,20260123_200319,0,0,0,0
run377,20260123_200319,1,1,0,1
run377,20260123_200319,2,4,0,4
run377,20260123_200319,3,3,0,3
run377,20260123_200319,4,1,0,1
run377,20260123_200319,5,1,0,1
run377,20260123_200319,6,1,0,1
run377,20260123_200319,7,0,0,0
run377,20260123_200319,8,0,0,0
run377,20260123_200319,9,0,0,0
run377,20260123_200319,10,0,0,0
run377,20260123_200319,11,1,0,1
run377,20260123_200319,12,2,0,2
run377,20260123_200319,13,2,0,2
run377,20260123_200319,14,2001,0,2001
run377,20260123_200319,15,0,0,0
run377,20260123_200319,16,0,0,0
run377,20260123_200319,17,0,0,0
run377,20260123_200319,18,0,0,0
run377,20260123_200319,19,0,0,0
run378,20260123_200409,0,0,0,0
run378,20260123_200409,1,3,0,3
run378,20260123_200409,2,1,0,1
run378,20260123_200409,3,1,0,1
run378,20260123_200409,4,0,0,0
run378,20260123_200409,5,6,0,6
run378,20260123_200409,6,1,0,1
run378,20260123_200409,7,0,0,0
run378,20260123_200409,8,0,0,0
run378,20260123_200409,9,0,0,0
run378,20260123_200409,10,0,0,0
run378,20260123_200409,11,3,0,3
run378,20260123_200409,12,3,0,3
run378,20260123_200409,13,895,0,895
run378,20260123_200409,14,1105,0,1105
run378,20260123_200409,15,1,0,1
run378,20260123_200409,16,2,0,2
run378,20260123_200409,17,1,0,1
run378,20260123_200409,18,0,0,0
run378,20260123_200409,19,0,0,0
run379,20260123_200456,0,261,0,261
run379,20260123_200456,1,4,0,4
run379,20260123_200456,2,0,0,0
run379,20260123_200456,3,0,0,0
run379,20260123_200456,4,0,0,0
run379,20260123_200456,5,3,0,3
run379,20260123_200456,6,0,1,1
run379,20260123_200456,7,0,2,2
run379,20260123_200456,8,0,0,0
run379,20260123_200456,9,0,0,0
run379,20260123_200456,10,1,3,4
run379,20260123_200456,11,1,3,4
run379,20260123_200456,12,0,3,3
run379,20260123_200456,13,1,3,4
run379,20260123_200456,14,1,3,4
run379,20260123_200456,15,0,0,0
run379,20260123_200456,16,2,0,2
run379,20260123_200456,17,0,0,0
run379,20260123_200456,18,0,0,0
run379,20260123_200456,19,0,0,0
run38,20260123_152555,0,0,0,0
run38,20260123_152555,1,3,0,3
run38,20260123_152555,2,0,0,0
run38,20260123_152555,3,1,0,1
run38,20260123_152555,4,0,0,0
run38,20260123_152555,5,2,0,2
run38,20260123_152555,6,1,0,1
run38,20260123_152555,7,1,0,1
run38,20260123_152555,8,0,0,0
run38,20260123_152555,9,0,0,0
run38,20260123_152555,10,1,0,1
run38,20260123_152555,11,1,0,1
run38,20260123_152555,12,2,0,2
run38,20260123_152555,13,2,0,2
run38,20260123_152555,14,0,0,0
run38,20260123_152555,15,2,0,2
run38,20260123_152555,16,1,0,1
run38,20260123_152555,17,0,0,0
run38,20260123_152555,18,0,0,0
run38,20260123_152555,19,0,0,0
run380,20260123_200544,0,1,0,1
run380,20260123_200544,1,5,0,5
run380,20260123_200544,2,3,0,3
run380,20260123_200544,3,1,0,1
run380,20260123_200544,4,2,0,2
run380,20260123_200544,5,1,0,1
run380,20260123_200544,6,2,0,2
run380,20260123_200544,7,2000,0,2000
run380,20260123_200544,8,0,0,0
run380,20260123_200544,9,0,0,0
run380,20260123_200544,10,1,0,1
run380,20260123_200544,11,0,0,0
run380,20260123_200544,12,0,0,0
run380,20260123_200544,13,2,0,2
run380,20260123_200544,14,0,0,0
run380,20260123_200544,15,0,0,0
run380,20260123_200544,16,2,0,2
run380,20260123_200544,17,0,0,0
run380,20260123_200544,18,0,0,0
run380,20260123_200544,19,0,0,0
run381,20260123_200631,0,1,4,5
run381,20260123_200631,1,1991,3,1994
run381,20260123_200631,2,3,3,6
run381,20260123_200631,3,3,3,6
run381,20260123_200631,4,0,4,4
run381,20260123_200631,5,2,0,2
run381,20260123_200631,6,0,0,0
run381,20260123_200631,7,0,0,0
run381,20260123_200631,8,0,0,0
run381,20260123_200631,9,0,0,0
run381,20260123_200631,10,1,0,1
run381,20260123_200631,11,1,0,1
run381,20260123_200631,12,0,0,0
run381,20260123_200631,13,0,0,0
run381,20260123_200631,14,0,0,0
run381,20260123_200631,15,0,0,0
run381,20260123_200631,16,0,4,4
run381,20260123_200631,17,0,3,3
run381,20260123_200631,18,0,0,0
run381,20260123_200631,19,0,0,0
run381,20260123_200632,0,1,4,5
run381,20260123_200632,1,1991,3,1994
run381,20260123_200632,2,3,3,6
run381,20260123_200632,3,3,3,6
run381,20260123_200632,4,0,4,4
run381,20260123_200632,5,2,0,2
run381,20260123_200632,6,0,0,0
run381,20260123_200632,7,0,0,0
run381,20260123_200632,8,0,0,0
run381,20260123_200632,9,0,0,0
run381,20260123_200632,10,1,0,1
run381,20260123_200632,11,1,0,1
run381,20260123_200632,12,0,0,0
run381,20260123_200632,13,0,0,0
run381,20260123_200632,14,0,0,0
run381,20260123_200632,15,0,0,0
run381,20260123_200632,16,0,4,4
run381,20260123_200632,17,0,3,3
run381,20260123_200632,18,0,0,0
run381,20260123_200632,19,0,0,0
run382,20260123_200719,0,2,0,2
run382,20260123_200719,1,2,0,2
run382,20260123_200719,2,3,0,3
run382,20260123_200719,3,1,0,1
run382,20260123_200719,4,1,0,1
run382,20260123_200719,5,1,0,1
run382,20260123_200719,6,1,0,1
run382,20260123_200719,7,3,0,3
run382,20260123_200719,8,0,0,0
run382,20260123_200719,9,0,0,0
run382,20260123_200719,10,1,0,1
run382,20260123_200719,11,1,0,1
run382,20260123_200719,12,0,0,0
run382,20260123_200719,13,1999,0,1999
run382,20260123_200719,14,2,0,2
run382,20260123_200719,15,1,0,1
run382,20260123_200719,16,1,0,1
run382,20260123_200719,17,0,0,0
run382,20260123_200719,18,0,0,0
run382,20260123_200719,19,0,0,0
run383,20260123_200807,0,0,0,0
run383,20260123_200807,1,0,0,0
run383,20260123_200807,2,0,0,0
run383,20260123_200807,3,0,0,0
run383,20260123_200807,4,1,0,1
run383,20260123_200807,5,2,1,3
run383,20260123_200807,6,1,0,1
run383,20260123_200807,7,0,0,0
run383,20260123_200807,8,0,0,0
run383,20260123_200807,9,0,0,0
run383,20260123_200807,10,1999,0,1999
run383,20260123_200807,11,3,0,3
run383,20260123_200807,12,2,0,2
run383,20260123_200807,13,2,0,2
run383,20260123_200807,14,2,0,2
run383,20260123_200807,15,0,0,0
run383,20260123_200807,16,2,0,2
run383,20260123_200807,17,0,0,0
run383,20260123_200807,18,0,0,0
run383,20260123_200807,19,0,0,0
run384,20260123_200900,0,938,31,969
run384,20260123_200900,1,4,41,45
run384,20260123_200900,2,5,41,46
run384,20260123_200900,3,1,40,41
run384,20260123_200900,4,5,40,45
run384,20260123_200900,5,10,19,29
run384,20260123_200900,6,0,39,39
run384,20260123_200900,7,0,23,23
run384,20260123_200900,8,0,0,0
run384,20260123_200900,9,0,0,0
run384,20260123_200900,10,0,41,41
run384,20260123_200900,11,1,42,43
run384,20260123_200900,12,0,41,41
run384,20260123_200900,13,1,41,42
run384,20260123_200900,14,1,41,42
run384,20260123_200900,15,16,11,27
run384,20260123_200900,16,6,28,34
run384,20260123_200900,17,1,12,13
run384,20260123_200900,18,0,0,0
run384,20260123_200900,19,0,0,0
run385,20260123_200948,0,1,0,1
run385,20260123_200948,1,2,0,2
run385,20260123_200948,2,1,0,1
run385,20260123_200948,3,1,0,1
run385,20260123_200948,4,0,0,0
run385,20260123_200948,5,1999,0,1999
run385,20260123_200948,6,4,0,4
run385,20260123_200948,7,0,0,0
run385,20260123_200948,8,0,0,0
run385,20260123_200948,9,0,0,0
run385,20260123_200948,10,1,1,2
run385,20260123_200948,11,1,0,1
run385,20260123_200948,12,2,0,2
run385,20260123_200948,13,0,0,0
run385,20260123_200948,14,1,0,1
run385,20260123_200948,15,2,0,2
run385,20260123_200948,16,1,0,1
run385,20260123_200948,17,0,0,0
run385,20260123_200948,18,0,0,0
run385,20260123_200948,19,0,0,0
run386,20260123_201036,0,56,0,56
run386,20260123_201036,1,64,0,64
run386,20260123_201036,2,0,0,0
run386,20260123_201036,3,0,0,0
run386,20260123_201036,4,3,0,3
run386,20260123_201036,5,2,0,2
run386,20260123_201036,6,0,0,0
run386,20260123_201036,7,0,0,0
run386,20260123_201036,8,0,0,0
run386,20260123_201036,9,0,0,0
run386,20260123_201036,10,0,0,0
run386,20260123_201036,11,1,0,1
run386,20260123_201036,12,0,0,0
run386,20260123_201036,13,0,0,0
run386,20260123_201036,14,0,0,0
run386,20260123_201036,15,0,0,0
run386,20260123_201036,16,0,0,0
run386,20260123_201036,17,0,0,0
run386,20260123_201036,18,0,0,0
run386,20260123_201036,19,0,0,0
run387,20260123_201123,0,0,0,0
run387,20260123_201123,1,4,0,4
run387,20260123_201123,2,2,0,2
run387,20260123_201123,3,1,0,1
run387,20260123_201123,4,1,0,1
run387,20260123_201123,5,4,0,4
run387,20260123_201123,6,1,0,1
run387,20260123_201123,7,0,0,0
run387,20260123_201123,8,0,0,0
run387,20260123_201123,9,0,0,0
run387,20260123_201123,10,1999,0,1999
run387,20260123_201123,11,2,0,2
run387,20260123_201123,12,5,0,5
run387,20260123_201123,13,0,0,0
run387,20260123_201123,14,3,0,3
run387,20260123_201123,15,2,0,2
run387,20260123_201123,16,1,0,1
run387,20260123_201123,17,0,0,0
run387,20260123_201123,18,0,0,0
run387,20260123_201123,19,0,0,0
run388,20260123_201215,0,0,0,0
run388,20260123_201215,1,1,0,1
run388,20260123_201215,2,2,0,2
run388,20260123_201215,3,0,0,0
run388,20260123_201215,4,1,0,1
run388,20260123_201215,5,1,0,1
run388,20260123_201215,6,2,0,2
run388,20260123_201215,7,2,0,2
run388,20260123_201215,8,0,0,0
run388,20260123_201215,9,0,0,0
run388,20260123_201215,10,1,0,1
run388,20260123_201215,11,0,0,0
run388,20260123_201215,12,0,0,0
run388,20260123_201215,13,1,0,1
run388,20260123_201215,14,2,0,2
run388,20260123_201215,15,1,0,1
run388,20260123_201215,16,0,0,0
run388,20260123_201215,17,0,0,0
run388,20260123_201215,18,0,0,0
run388,20260123_201215,19,0,0,0
run389,20260123_201303,0,4,4,8
run389,20260123_201303,1,4,4,8
run389,20260123_201303,2,1,4,5
run389,20260123_201303,3,1,4,5
run389,20260123_201303,4,0,4,4
run389,20260123_201303,5,1,0,1
run389,20260123_201303,6,2,0,2
run389,20260123_201303,7,2,0,2
run389,20260123_201303,8,0,0,0
run389,20260123_201303,9,0,0,0
run389,20260123_201303,10,0,0,0
run389,20260123_201303,11,1873,0,1873
run389,20260123_201303,12,2,0,2
run389,20260123_201303,13,0,0,0
run389,20260123_201303,14,126,0,126
run389,20260123_201303,15,0,0,0
run389,20260123_201303,16,4,4,8
run389,20260123_201303,17,0,3,3
run389,20260123_201303,18,0,0,0
run389,20260123_201303,19,0,0,0
run39,20260123_152643,0,1,0,1
run39,20260123_152643,1,1,0,1
run39,20260123_152643,2,0,0,0
run39,20260123_152643,3,0,0,0
run39,20260123_152643,4,0,0,0
run39,20260123_152643,5,2,0,2
run39,20260123_152643,6,0,0,0
run39,20260123_152643,7,0,0,0
run39,20260123_152643,8,0,0,0
run39,20260123_152643,9,0,0,0
run39,20260123_152643,10,2000,0,2000
run39,20260123_152643,11,2,0,2
run39,20260123_152643,12,3,0,3
run39,20260123_152643,13,4,0,4
run39,20260123_152643,14,0,0,0
run39,20260123_152643,15,2,0,2
run39,20260123_152643,16,3,0,3
run39,20260123_152643,17,0,0,0
run39,20260123_152643,18,0,0,0
run39,20260123_152643,19,0,0,0
run390,20260123_201351,0,1,0,1
run390,20260123_201351,1,1,0,1
run390,20260123_201351,2,2,0,2
run390,20260123_201351,3,0,0,0
run390,20260123_201351,4,2001,0,2001
run390,20260123_201351,5,2,0,2
run390,20260123_201351,6,2,0,2
run390,20260123_201351,7,0,0,0
run390,20260123_201351,8,0,0,0
run390,20260123_201351,9,0,0,0
run390,20260123_201351,10,1,0,1
run390,20260123_201351,11,1,0,1
run390,20260123_201351,12,1,0,1
run390,20260123_201351,13,0,0,0
run390,20260123_201351,14,2,0,2
run390,20260123_201351,15,2,0,2
run390,20260123_201351,16,2,0,2
run390,20260123_201351,17,0,0,0
run390,20260123_201351,18,0,0,0
run390,20260123_201351,19,0,0,0
run391,20260123_201443,0,0,0,0
run391,20260123_201443,1,2,0,2
run391,20260123_201443,2,0,0,0
run391,20260123_201443,3,1,0,1
run391,20260123_201443,4,3,0,3
run391,20260123_201443,5,3,0,3
run391,20260123_201443,6,0,0,0
run391,20260123_201443,7,1996,0,1996
run391,20260123_201443,8,0,0,0
run391,20260123_201443,9,0,0,0
run391,20260123_201443,10,2,0,2
run391,20260123_201443,11,1,0,1
run391,20260123_201443,12,0,0,0
run391,20260123_201443,13,1,0,1
run391,20260123_201443,14,1,0,1
run391,20260123_201443,15,0,0,0
run391,20260123_201443,16,3,0,3
run391,20260123_201443,17,0,0,0
run391,20260123_201443,18,0,0,0
run391,20260123_201443,19,0,0,0
run392,20260123_201535,0,0,0,0
run392,20260123_201535,1,3,0,3
run392,20260123_201535,2,1,0,1
run392,20260123_201535,3,2,0,2
run392,20260123_201535,4,2001,0,2001
run392,20260123_201535,5,0,0,0
run392,20260123_201535,6,0,0,0
run392,20260123_201535,7,0,0,0
run392,20260123_201535,8,0,0,0
run392,20260123_201535,9,0,0,0
run392,20260123_201535,10,0,0,0
run392,20260123_201535,11,1,0,1
run392,20260123_201535,12,1,0,1
run392,20260123_201535,13,2,0,2
run392,20260123_201535,14,2,0,2
run392,20260123_201535,15,3,0,3
run392,20260123_201535,16,5,0,5
run392,20260123_201535,17,0,0,0
run392,20260123_201535,18,0,0,0
run392,20260123_201535,19,0,0,0
run393,20260123_201623,0,0,0,0
run393,20260123_201623,1,0,0,0
run393,20260123_201623,2,1,0,1
run393,20260123_201623,3,1,0,1
run393,20260123_201623,4,1,0,1
run393,20260123_201623,5,1,0,1
run393,20260123_201623,6,1,0,1
run393,20260123_201623,7,1,0,1
run393,20260123_201623,8,0,0,0
run393,20260123_201623,9,0,0,0
run393,20260123_201623,10,1994,0,1994
run393,20260123_201623,11,0,0,0
run393,20260123_201623,12,1,0,1
run393,20260123_201623,13,2,0,2
run393,20260123_201623,14,0,0,0
run393,20260123_201623,15,0,0,0
run393,20260123_201623,16,1,0,1
run393,20260123_201623,17,0,0,0
run393,20260123_201623,18,0,0,0
run393,20260123_201623,19,0,0,0
run394,20260123_201711,0,0,0,0
run394,20260123_201711,1,0,0,0
run394,20260123_201711,2,0,0,0
run394,20260123_201711,3,1,0,1
run394,20260123_201711,4,2,0,2
run394,20260123_201711,5,3,0,3
run394,20260123_201711,6,1,0,1
run394,20260123_201711,7,0,0,0
run394,20260123_201711,8,0,0,0
run394,20260123_201711,9,0,0,0
run394,20260123_201711,10,3,0,3
run394,20260123_201711,11,2,0,2
run394,20260123_201711,12,0,0,0
run394,20260123_201711,13,2000,0,2000
run394,20260123_201711,14,1,0,1
run394,20260123_201711,15,3,0,3
run394,20260123_201711,16,1,0,1
run394,20260123_201711,17,0,0,0
run394,20260123_201711,18,0,0,0
run394,20260123_201711,19,0,0,0
run395,20260123_201803,0,1,0,1
run395,20260123_201803,1,1,0,1
run395,20260123_201803,2,0,0,0
run395,20260123_201803,3,1987,0,1987
run395,20260123_201803,4,1,0,1
run395,20260123_201803,5,2,0,2
run395,20260123_201803,6,0,0,0
run395,20260123_201803,7,2,0,2
run395,20260123_201803,8,0,11,11
run395,20260123_201803,9,0,0,0
run395,20260123_201803,10,0,0,0
run395,20260123_201803,11,1,0,1
run395,20260123_201803,12,0,0,0
run395,20260123_201803,13,2,0,2
run395,20260123_201803,14,4,0,4
run395,20260123_201803,15,0,0,0
run395,20260123_201803,16,2,0,2
run395,20260123_201803,17,0,0,0
run395,20260123_201803,18,0,0,0
run395,20260123_201803,19,0,0,0
run396,20260123_201855,0,1,0,1
run396,20260123_201855,1,2,1,3
run396,20260123_201855,2,1,1,2
run396,20260123_201855,3,1,0,1
run396,20260123_201855,4,2,0,2
run396,20260123_201855,5,3,1,4
run396,20260123_201855,6,1,0,1
run396,20260123_201855,7,1,0,1
run396,20260123_201855,8,0,0,0
run396,20260123_201855,9,0,0,0
run396,20260123_201855,10,2,0,2
run396,20260123_201855,11,2,0,2
run396,20260123_201855,12,0,0,0
run396,20260123_201855,13,1,0,1
run396,20260123_201855,14,920,0,920
run396,20260123_201855,15,849,1,850
run396,20260123_201855,16,0,0,0
run396,20260123_201855,17,0,0,0
run396,20260123_201855,18,0,0,0
run396,20260123_201855,19,0,0,0
run397,20260123_201943,0,1,0,1
run397,20260123_201943,1,581,0,581
run397,20260123_201943,2,1,0,1
run397,20260123_201943,3,2,0,2
run397,20260123_201943,4,2,0,2
run397,20260123_201943,5,1,0,1
run397,20260123_201943,6,2,0,2
run397,20260123_201943,7,1,0,1
run397,20260123_201943,8,0,0,0
run397,20260123_201943,9,0,0,0
run397,20260123_201943,10,1,0,1
run397,20260123_201943,11,6,0,6
run397,20260123_201943,12,1,0,1
run397,20260123_201943,13,2,0,2
run397,20260123_201943,14,1,0,1
run397,20260123_201943,15,2,0,2
run397,20260123_201943,16,2,0,2
run397,20260123_201943,17,345,0,345
run397,20260123_201943,18,0,0,0
run397,20260123_201943,19,0,0,0
run398,20260123_202031,0,3,1,4
run398,20260123_202031,1,1,1,2
run398,20260123_202031,2,4,1,5
run398,20260123_202031,3,0,1,1
run398,20260123_202031,4,2,1,3
run398,20260123_202031,5,2,0,2
run398,20260123_202031,6,0,0,0
run398,20260123_202031,7,2,0,2
run398,20260123_202031,8,0,0,0
run398,20260123_202031,9,0,0,0
run398,20260123_202031,10,2,0,2
run398,20260123_202031,11,0,0,0
run398,20260123_202031,12,0,0,0
run398,20260123_202031,13,1,0,1
run398,20260123_202031,14,1987,0,1987
run398,20260123_202031,15,0,0,0
run398,20260123_202031,16,2,0,2
run398,20260123_202031,17,0,1,1
run398,20260123_202031,18,0,0,0
run398,20260123_202031,19,0,0,0
run399,20260123_202119,0,18,0,18
run399,20260123_202119,1,1,0,1
run399,20260123_202119,2,109,0,109
run399,20260123_202119,3,9,0,9
run399,20260123_202119,4,1,0,1
run399,20260123_202119,5,29,0,29
run399,20260123_202119,6,3,0,3
run399,20260123_202119,7,2002,0,2002
run399,20260123_202119,8,0,0,0
run399,20260123_202119,9,0,0,0
run399,20260123_202119,10,2,0,2
run399,20260123_202119,11,1,0,1
run399,20260123_202119,12,5,0,5
run399,20260123_202119,13,2,0,2
run399,20260123_202119,14,0,0,0
run399,20260123_202119,15,0,0,0
run399,20260123_202119,16,3,0,3
run399,20260123_202119,17,0,0,0
run399,20260123_202119,18,0,0,0
run399,20260123_202119,19,0,0,0
run4,20260123_145740,0,0,0,0
run4,20260123_145740,1,4,0,4
run4,20260123_145740,2,2,0,2
run4,20260123_145740,3,1310,0,1310
run4,20260123_145740,4,0,0,0
run4,20260123_145740,5,2,0,2
run4,20260123_145740,6,1,0,1
run4,20260123_145740,7,0,0,0
run4,20260123_145740,8,0,0,0
run4,20260123_145740,9,0,0,0
run4,20260123_145740,10,100,0,100
run4,20260123_145740,11,1,0,1
run4,20260123_145740,12,1,0,1
run4,20260123_145740,13,0,0,0
run4,20260123_145740,14,2,0,2
run4,20260123_145740,15,1,0,1
run4,20260123_145740,16,2,0,2
run4,20260123_145740,17,0,0,0
run4,20260123_145740,18,0,0,0
run4,20260123_145740,19,0,0,0
run4,20260123_145741,0,0,0,0
run4,20260123_145741,1,4,0,4
run4,20260123_145741,2,2,0,2
run4,20260123_145741,3,1310,0,1310
run4,20260123_145741,4,0,0,0
run4,20260123_145741,5,2,0,2
run4,20260123_145741,6,1,0,1
run4,20260123_145741,7,0,0,0
run4,20260123_145741,8,0,0,0
run4,20260123_145741,9,0,0,0
run4,20260123_145741,10,100,0,100
run4,20260123_145741,11,1,0,1
run4,20260123_145741,12,1,0,1
run4,20260123_145741,13,0,0,0
run4,20260123_145741,14,2,0,2
run4,20260123_145741,15,1,0,1
run4,20260123_145741,16,2,0,2
run4,20260123_145741,17,0,0,0
run4,20260123_145741,18,0,0,0
run4,20260123_145741,19,0,0,0
run40,20260123_152731,0,0,0,0
run40,20260123_152731,1,3,0,3
run40,20260123_152731,2,0,0,0
run40,20260123_152731,3,4,0,4
run40,20260123_152731,4,0,0,0
run40,20260123_152731,5,2,0,2
run40,20260123_152731,6,9,1640,1649
run40,20260123_152731,7,2,1954,1956
run40,20260123_152731,8,0,0,0
run40,20260123_152731,9,0,0,0
run40,20260123_152731,10,10,1954,1964
run40,20260123_152731,11,3,1954,1957
run40,20260123_152731,12,7,1954,1961
run40,20260123_152731,13,5,1954,1959
run40,20260123_152731,14,9,1954,1963
run40,20260123_152731,15,1,0,1
run40,20260123_152731,16,0,0,0
run40,20260123_152731,17,0,0,0
run40,20260123_152731,18,0,0,0
run40,20260123_152731,19,0,0,0
run400,20260123_202207,0,1,0,1
run400,20260123_202207,1,0,0,0
run400,20260123_202207,2,5,0,5
run400,20260123_202207,3,0,0,0
run400,20260123_202207,4,2,0,2
run400,20260123_202207,5,0,0,0
run400,20260123_202207,6,0,0,0
run400,20260123_202207,7,1,0,1
run400,20260123_202207,8,0,0,0
run400,20260123_202207,9,0,0,0
run400,20260123_202207,10,1,0,1
run400,20260123_202207,11,4,0,4
run400,20260123_202207,12,1,0,1
run400,20260123_202207,13,2,0,2
run400,20260123_202207,14,2,0,2
run400,20260123_202207,15,0,0,0
run400,20260123_202207,16,1796,0,1796
run400,20260123_202207,17,0,0,0
run400,20260123_202207,18,0,0,0
run400,20260123_202207,19,0,0,0
run401,20260123_202259,0,1,0,1
run401,20260123_202259,1,2,0,2
run401,20260123_202259,2,2,0,2
run401,20260123_202259,3,1999,0,1999
run401,20260123_202259,4,0,0,0
run401,20260123_202259,5,1,0,1
run401,20260123_202259,6,0,0,0
run401,20260123_202259,7,0,0,0
run401,20260123_202259,8,0,0,0
run401,20260123_202259,9,0,0,0
run401,20260123_202259,10,0,0,0
run401,20260123_202259,11,0,0,0
run401,20260123_202259,12,0,0,0
run401,20260123_202259,13,2,0,2
run401,20260123_202259,14,0,0,0
run401,20260123_202259,15,0,0,0
run401,20260123_202259,16,1,0,1
run401,20260123_202259,17,2,0,2
run401,20260123_202259,18,0,0,0
run401,20260123_202259,19,0,0,0
run402,20260123_202347,0,1946,20,1966
run402,20260123_202347,1,3,27,30
run402,20260123_202347,2,1,25,26
run402,20260123_202347,3,0,25,25
run402,20260123_202347,4,2,25,27
run402,20260123_202347,5,13,10,23
run402,20260123_202347,6,1,20,21
run402,20260123_202347,7,0,18,18
run402,20260123_202347,8,0,0,0
run402,20260123_202347,9,0,0,0
run402,20260123_202347,10,14,24,38
run402,20260123_202347,11,2,24,26
run402,20260123_202347,12,1,24,25
run402,20260123_202347,13,2,23,25
run402,20260123_202347,14,2,24,26
run402,20260123_202347,15,10,11,21
run402,20260123_202347,16,6,15,21
run402,20260123_202347,17,1,10,11
run402,20260123_202347,18,0,0,0
run402,20260123_202347,19,0,1,1
run403,20260123_202439,0,0,0,0
run403,20260123_202439,1,764,0,764
run403,20260123_202439,2,1,0,1
run403,20260123_202439,3,0,0,0
run403,20260123_202439,4,1239,0,1239
run403,20260123_202439,5,1,0,1
run403,20260123_202439,6,1,0,1
run403,20260123_202439,7,1,0,1
run403,20260123_202439,8,0,0,0
run403,20260123_202439,9,0,0,0
run403,20260123_202439,10,1,0,1
run403,20260123_202439,11,1,0,1
run403,20260123_202439,12,4,0,4
run403,20260123_202439,13,2,0,2
run403,20260123_202439,14,0,0,0
run403,20260123_202439,15,1,0,1
run403,20260123_202439,16,1,0,1
run403,20260123_202439,17,0,0,0
run403,20260123_202439,18,0,0,0
run403,20260123_202439,19,0,0,0
run404,20260123_202527,0,0,0,0
run404,20260123_202527,1,0,0,0
run404,20260123_202527,2,3,0,3
run404,20260123_202527,3,0,0,0
run404,20260123_202527,4,2,0,2
run404,20260123_202527,5,2000,0,2000
run404,20260123_202527,6,0,0,0
run404,20260123_202527,7,0,0,0
run404,20260123_202527,8,0,0,0
run404,20260123_202527,9,0,0,0
run404,20260123_202527,10,2,0,2
run404,20260123_202527,11,0,0,0
run404,20260123_202527,12,1,0,1
run404,20260123_202527,13,2,0,2
run404,20260123_202527,14,1,0,1
run404,20260123_202527,15,1,0,1
run404,20260123_202527,16,1,0,1
run404,20260123_202527,17,0,0,0
run404,20260123_202527,18,0,0,0
run404,20260123_202527,19,0,0,0
run405,20260123_202619,0,751,17,768
run405,20260123_202619,1,345,20,365
run405,20260123_202619,2,855,20,875
run405,20260123_202619,3,2,19,21
run405,20260123_202619,4,1,19,20
run405,20260123_202619,5,3,9,12
run405,20260123_202619,6,0,17,17
run405,20260123_202619,7,0,12,12
run405,20260123_202619,8,0,0,0
run405,20260123_202619,9,0,0,0
run405,20260123_202619,10,10,18,28
run405,20260123_202619,11,2,18,20
run405,20260123_202619,12,1,17,18
run405,20260123_202619,13,0,17,17
run405,20260123_202619,14,2,17,19
run405,20260123_202619,15,7,8,15
run405,20260123_202619,16,4,16,20
run405,20260123_202619,17,0,5,5
run405,20260123_202619,18,0,0,0
run405,20260123_202619,19,0,0,0
run406,20260123_202711,0,0,0,0
run406,20260123_202711,1,1,0,1
run406,20260123_202711,2,1,0,1
run406,20260123_202711,3,1,0,1
run406,20260123_202711,4,1,0,1
run406,20260123_202711,5,0,0,0
run406,20260123_202711,6,0,1683,1683
run406,20260123_202711,7,0,2000,2000
run406,20260123_202711,8,0,0,0
run406,20260123_202711,9,0,0,0
run406,20260123_202711,10,0,2000,2000
run406,20260123_202711,11,0,2000,2000
run406,20260123_202711,12,0,2000,2000
run406,20260123_202711,13,0,2000,2000
run406,20260123_202711,14,2,2000,2002
run406,20260123_202711,15,4,0,4
run406,20260123_202711,16,0,0,0
run406,20260123_202711,17,0,0,0
run406,20260123_202711,18,0,0,0
run406,20260123_202711,19,0,0,0
run407,20260123_202803,0,0,0,0
run407,20260123_202803,1,0,0,0
run407,20260123_202803,2,1,0,1
run407,20260123_202803,3,0,0,0
run407,20260123_202803,4,5,0,5
run407,20260123_202803,5,4,0,4
run407,20260123_202803,6,1,0,1
run407,20260123_202803,7,1,0,1
run407,20260123_202803,8,0,0,0
run407,20260123_202803,9,0,0,0
run407,20260123_202803,10,2,1,3
run407,20260123_202803,11,1,0,1
run407,20260123_202803,12,1986,0,1986
run407,20260123_202803,13,0,0,0
run407,20260123_202803,14,0,0,0
run407,20260123_202803,15,1,0,1
run407,20260123_202803,16,2,0,2
run407,20260123_202803,17,0,0,0
run407,20260123_202803,18,0,0,0
run407,20260123_202803,19,0,0,0
run408,20260123_202853,0,1,0,1
run408,20260123_202853,1,1999,0,1999
run408,20260123_202853,2,0,0,0
run408,20260123_202853,3,1,0,1
run408,20260123_202853,4,3,0,3
run408,20260123_202853,5,4,0,4
run408,20260123_202853,6,1,0,1
run408,20260123_202853,7,2,0,2
run408,20260123_202853,8,0,0,0
run408,20260123_202853,9,0,0,0
run408,20260123_202853,10,1,0,1
run408,20260123_202853,11,0,0,0
run408,20260123_202853,12,0,0,0
run408,20260123_202853,13,1,0,1
run408,20260123_202853,14,1,0,1
run408,20260123_202853,15,1,0,1
run408,20260123_202853,16,3,0,3
run408,20260123_202853,17,1,0,1
run408,20260123_202853,18,0,0,0
run408,20260123_202853,19,0,0,0
run409,20260123_202945,0,1,618,619
run409,20260123_202945,1,3,618,621
run409,20260123_202945,2,1,618,619
run409,20260123_202945,3,1,618,619
run409,20260123_202945,4,0,618,618
run409,20260123_202945,5,2,0,2
run409,20260123_202945,6,1,0,1
run409,20260123_202945,7,0,0,0
run409,20260123_202945,8,0,0,0
run409,20260123_202945,9,0,0,0
run409,20260123_202945,10,7,0,7
run409,20260123_202945,11,0,0,0
run409,20260123_202945,12,1,0,1
run409,20260123_202945,13,2,0,2
run409,20260123_202945,14,0,0,0
run409,20260123_202945,15,1,0,1
run409,20260123_202945,16,1,511,512
run409,20260123_202945,17,1,347,348
run409,20260123_202945,18,0,0,0
run409,20260123_202945,19,0,0,0
run41,20260123_152819,0,0,0,0
run41,20260123_152819,1,0,0,0
run41,20260123_152819,2,1,0,1
run41,20260123_152819,3,0,0,0
run41,20260123_152819,4,0,0,0
run41,20260123_152819,5,0,0,0
run41,20260123_152819,6,1,0,1
run41,20260123_152819,7,2,0,2
run41,20260123_152819,8,0,0,0
run41,20260123_152819,9,0,0,0
run41,20260123_152819,10,1,0,1
run41,20260123_152819,11,3,0,3
run41,20260123_152819,12,0,0,0
run41,20260123_152819,13,1,0,1
run41,20260123_152819,14,2,0,2
run41,20260123_152819,15,0,0,0
run41,20260123_152819,16,0,0,0
run41,20260123_152819,17,491,0,491
run41,20260123_152819,18,0,0,0
run41,20260123_152819,19,0,0,0
run410,20260123_203037,0,2,1,3
run410,20260123_203037,1,3,1,4
run410,20260123_203037,2,3,1,4
run410,20260123_203037,3,0,1,1
run410,20260123_203037,4,1,0,1
run410,20260123_203037,5,2,0,2
run410,20260123_203037,6,1,0,1
run410,20260123_203037,7,2,0,2
run410,20260123_203037,8,0,0,0
run410,20260123_203037,9,0,0,0
run410,20260123_203037,10,1,0,1
run410,20260123_203037,11,506,0,506
run410,20260123_203037,12,1491,0,1491
run410,20260123_203037,13,1,0,1
run410,20260123_203037,14,3,0,3
run410,20260123_203037,15,0,0,0
run410,20260123_203037,16,0,1,1
run410,20260123_203037,17,0,1,1
run410,20260123_203037,18,0,0,0
run410,20260123_203037,19,0,0,0
run411,20260123_203125,0,2,0,2
run411,20260123_203125,1,4,0,4
run411,20260123_203125,2,4,0,4
run411,20260123_203125,3,1,0,1
run411,20260123_203125,4,2,0,2
run411,20260123_203125,5,2,0,2
run411,20260123_203125,6,2,0,2
run411,20260123_203125,7,1,0,1
run411,20260123_203125,8,0,0,0
run411,20260123_203125,9,0,0,0
run411,20260123_203125,10,0,0,0
run411,20260123_203125,11,2,0,2
run411,20260123_203125,12,1,0,1
run411,20260123_203125,13,2001,0,2001
run411,20260123_203125,14,0,0,0
run411,20260123_203125,15,1,0,1
run411,20260123_203125,16,1,0,1
run411,20260123_203125,17,2,0,2
run411,20260123_203125,18,0,0,0
run411,20260123_203125,19,0,0,0
run412,20260123_203213,0,2,0,2
run412,20260123_203213,1,2,0,2
run412,20260123_203213,2,2,0,2
run412,20260123_203213,3,0,0,0
run412,20260123_203213,4,2,0,2
run412,20260123_203213,5,2,0,2
run412,20260123_203213,6,0,1704,1704
run412,20260123_203213,7,1,1995,1996
run412,20260123_203213,8,0,0,0
run412,20260123_203213,9,0,0,0
run412,20260123_203213,10,1,1995,1996
run412,20260123_203213,11,1,1995,1996
run412,20260123_203213,12,1,1995,1996
run412,20260123_203213,13,0,1995,1995
run412,20260123_203213,14,1,1995,1996
run412,20260123_203213,15,2,0,2
run412,20260123_203213,16,4,0,4
run412,20260123_203213,17,0,0,0
run412,20260123_203213,18,0,0,0
run412,20260123_203213,19,0,0,0
run413,20260123_203305,0,0,0,0
run413,20260123_203305,1,1,0,1
run413,20260123_203305,2,1,0,1
run413,20260123_203305,3,1,0,1
run413,20260123_203305,4,0,0,0
run413,20260123_203305,5,2,0,2
run413,20260123_203305,6,1,0,1
run413,20260123_203305,7,1,0,1
run413,20260123_203305,8,0,0,0
run413,20260123_203305,9,0,0,0
run413,20260123_203305,10,0,0,0
run413,20260123_203305,11,1,0,1
run413,20260123_203305,12,0,0,0
run413,20260123_203305,13,0,0,0
run413,20260123_203305,14,2,0,2
run413,20260123_203305,15,2,0,2
run413,20260123_203305,16,1812,0,1812
run413,20260123_203305,17,0,0,0
run413,20260123_203305,18,0,0,0
run413,20260123_203305,19,0,0,0
run414,20260123_203353,0,1,0,1
run414,20260123_203353,1,0,0,0
run414,20260123_203353,2,1,0,1
run414,20260123_203353,3,0,0,0
run414,20260123_203353,4,0,0,0
run414,20260123_203353,5,0,0,0
run414,20260123_203353,6,2,0,2
run414,20260123_203353,7,0,0,0
run414,20260123_203353,8,0,0,0
run414,20260123_203353,9,0,0,0
run414,20260123_203353,10,1,0,1
run414,20260123_203353,11,1998,0,1998
run414,20260123_203353,12,2,0,2
run414,20260123_203353,13,0,0,0
run414,20260123_203353,14,1,0,1
run414,20260123_203353,15,1,0,1
run414,20260123_203353,16,2,0,2
run414,20260123_203353,17,0,0,0
run414,20260123_203353,18,0,0,0
run414,20260123_203353,19,0,0,0
run415,20260123_203445,0,2,0,2
run415,20260123_203445,1,4,0,4
run415,20260123_203445,2,1,0,1
run415,20260123_203445,3,0,0,0
run415,20260123_203445,4,0,0,0
run415,20260123_203445,5,2,0,2
run415,20260123_203445,6,2,0,2
run415,20260123_203445,7,0,0,0
run415,20260123_203445,8,0,0,0
run415,20260123_203445,9,0,0,0
run415,20260123_203445,10,0,0,0
run415,20260123_203445,11,0,0,0
run415,20260123_203445,12,0,0,0
run415,20260123_203445,13,2,0,2
run415,20260123_203445,14,2,0,2
run415,20260123_203445,15,1,0,1
run415,20260123_203445,16,1,0,1
run415,20260123_203445,17,0,0,0
run415,20260123_203445,18,0,0,0
run415,20260123_203445,19,0,0,0
run416,20260123_203533,0,1,0,1
run416,20260123_203533,1,0,0,0
run416,20260123_203533,2,0,0,0
run416,20260123_203533,3,2,0,2
run416,20260123_203533,4,1,0,1
run416,20260123_203533,5,4,0,4
run416,20260123_203533,6,0,0,0
run416,20260123_203533,7,0,0,0
run416,20260123_203533,8,0,0,0
run416,20260123_203533,9,0,0,0
run416,20260123_203533,10,2001,0,2001
run416,20260123_203533,11,1,0,1
run416,20260123_203533,12,2,0,2
run416,20260123_203533,13,0,0,0
run416,20260123_203533,14,1,0,1
run416,20260123_203533,15,0,0,0
run416,20260123_203533,16,0,0,0
run416,20260123_203533,17,0,0,0
run416,20260123_203533,18,0,0,0
run416,20260123_203533,19,0,0,0
run416,20260123_203532,0,1,0,1
run416,20260123_203532,1,0,0,0
run416,20260123_203532,2,0,0,0
run416,20260123_203532,3,2,0,2
run416,20260123_203532,4,1,0,1
run416,20260123_203532,5,4,0,4
run416,20260123_203532,6,0,0,0
run416,20260123_203532,7,0,0,0
run416,20260123_203532,8,0,0,0
run416,20260123_203532,9,0,0,0
run416,20260123_203532,10,2001,0,2001
run416,20260123_203532,11,1,0,1
run416,20260123_203532,12,2,0,2
run416,20260123_203532,13,0,0,0
run416,20260123_203532,14,1,0,1
run416,20260123_203532,15,0,0,0
run416,20260123_203532,16,0,0,0
run416,20260123_203532,17,0,0,0
run416,20260123_203532,18,0,0,0
run416,20260123_203532,19,0,0,0
run417,20260123_203620,0,0,0,0
run417,20260123_203620,1,0,0,0
run417,20260123_203620,2,1,0,1
run417,20260123_203620,3,61,0,61
run417,20260123_203620,4,1,0,1
run417,20260123_203620,5,1,0,1
run417,20260123_203620,6,2,0,2
run417,20260123_203620,7,1,0,1
run417,20260123_203620,8,0,0,0
run417,20260123_203620,9,0,0,0
run417,20260123_203620,10,1938,0,1938
run417,20260123_203620,11,0,0,0
run417,20260123_203620,12,2,0,2
run417,20260123_203620,13,1,0,1
run417,20260123_203620,14,1,0,1
run417,20260123_203620,15,4,0,4
run417,20260123_203620,16,0,0,0
run417,20260123_203620,17,0,0,0
run417,20260123_203620,18,0,0,0
run417,20260123_203620,19,0,0,0
run418,20260123_203710,0,1,0,1
run418,20260123_203710,1,0,0,0
run418,20260123_203710,2,3,0,3
run418,20260123_203710,3,0,0,0
run418,20260123_203710,4,0,0,0
run418,20260123_203710,5,2,1,3
run418,20260123_203710,6,0,0,0
run418,20260123_203710,7,1,0,1
run418,20260123_203710,8,0,0,0
run418,20260123_203710,9,0,0,0
run418,20260123_203710,10,0,0,0
run418,20260123_203710,11,2,0,2
run418,20260123_203710,12,1,0,1
run418,20260123_203710,13,1999,0,1999
run418,20260123_203710,14,0,0,0
run418,20260123_203710,15,0,0,0
run418,20260123_203710,16,3,0,3
run418,20260123_203710,17,0,0,0
run418,20260123_203710,18,0,0,0
run418,20260123_203710,19,0,0,0
run419,20260123_203758,0,2,0,2
run419,20260123_203758,1,1493,0,1493
run419,20260123_203758,2,2,0,2
run419,20260123_203758,3,0,0,0
run419,20260123_203758,4,0,0,0
run419,20260123_203758,5,506,0,506
run419,20260123_203758,6,1,0,1
run419,20260123_203758,7,0,0,0
run419,20260123_203758,8,0,0,0
run419,20260123_203758,9,0,0,0
run419,20260123_203758,10,2,0,2
run419,20260123_203758,11,1,0,1
run419,20260123_203758,12,1,0,1
run419,20260123_203758,13,1,0,1
run419,20260123_203758,14,0,0,0
run419,20260123_203758,15,0,0,0
run419,20260123_203758,16,1,0,1
run419,20260123_203758,17,0,0,0
run419,20260123_203758,18,0,0,0
run419,20260123_203758,19,0,0,0
run42,20260123_152908,0,1,0,1
run42,20260123_152908,1,2,0,2
run42,20260123_152908,2,1,0,1
run42,20260123_152908,3,1,0,1
run42,20260123_152908,4,0,0,0
run42,20260123_152908,5,1,0,1
run42,20260123_152908,6,0,0,0
run42,20260123_152908,7,0,0,0
run42,20260123_152908,8,0,0,0
run42,20260123_152908,9,0,0,0
run42,20260123_152908,10,0,0,0
run42,20260123_152908,11,1,0,1
run42,20260123_152908,12,0,0,0
run42,20260123_152908,13,0,0,0
run42,20260123_152908,14,0,0,0
run42,20260123_152908,15,2,0,2
run42,20260123_152908,16,6,0,6
run42,20260123_152908,17,0,0,0
run42,20260123_152908,18,0,0,0
run42,20260123_152908,19,0,0,0
run42,20260123_152907,0,1,0,1
run42,20260123_152907,1,2,0,2
run42,20260123_152907,2,1,0,1
run42,20260123_152907,3,1,0,1
run42,20260123_152907,4,0,0,0
run42,20260123_152907,5,1,0,1
run42,20260123_152907,6,0,0,0
run42,20260123_152907,7,0,0,0
run42,20260123_152907,8,0,0,0
run42,20260123_152907,9,0,0,0
run42,20260123_152907,10,0,0,0
run42,20260123_152907,11,1,0,1
run42,20260123_152907,12,0,0,0
run42,20260123_152907,13,0,0,0
run42,20260123_152907,14,0,0,0
run42,20260123_152907,15,2,0,2
run42,20260123_152907,16,6,0,6
run42,20260123_152907,17,0,0,0
run42,20260123_152907,18,0,0,0
run42,20260123_152907,19,0,0,0
run420,20260123_203850,0,0,0,0
run420,20260123_203850,1,1,0,1
run420,20260123_203850,2,0,0,0
run420,20260123_203850,3,2,0,2
run420,20260123_203850,4,686,0,686
run420,20260123_203850,5,0,0,0
run420,20260123_203850,6,0,0,0
run420,20260123_203850,7,1,0,1
run420,20260123_203850,8,0,0,0
run420,20260123_203850,9,0,0,0
run420,20260123_203850,10,1,0,1
run420,20260123_203850,11,0,0,0
run420,20260123_203850,12,1,0,1
run420,20260123_203850,13,0,0,0
run420,20260123_203850,14,1,0,1
run420,20260123_203850,15,3,0,3
run420,20260123_203850,16,0,0,0
run420,20260123_203850,17,321,0,321
run420,20260123_203850,18,0,0,0
run420,20260123_203850,19,0,0,0
run421,20260123_203942,0,1,1,2
run421,20260123_203942,1,0,1,1
run421,20260123_203942,2,0,1,1
run421,20260123_203942,3,1,1,2
run421,20260123_203942,4,0,1,1
run421,20260123_203942,5,0,0,0
run421,20260123_203942,6,0,0,0
run421,20260123_203942,7,0,0,0
run421,20260123_203942,8,0,0,0
run421,20260123_203942,9,0,0,0
run421,20260123_203942,10,0,0,0
run421,20260123_203942,11,2,0,2
run421,20260123_203942,12,0,0,0
run421,20260123_203942,13,1987,0,1987
run421,20260123_203942,14,1,0,1
run421,20260123_203942,15,3,0,3
run421,20260123_203942,16,1,0,1
run421,20260123_203942,17,0,1,1
run421,20260123_203942,18,0,0,0
run421,20260123_203942,19,0,0,0
run422,20260123_204030,0,0,0,0
run422,20260123_204030,1,2,0,2
run422,20260123_204030,2,1,0,1
run422,20260123_204030,3,0,0,0
run422,20260123_204030,4,1,0,1
run422,20260123_204030,5,2,0,2
run422,20260123_204030,6,0,0,0
run422,20260123_204030,7,2,0,2
run422,20260123_204030,8,0,0,0
run422,20260123_204030,9,0,0,0
run422,20260123_204030,10,2,0,2
run422,20260123_204030,11,2,0,2
run422,20260123_204030,12,1,0,1
run422,20260123_204030,13,2,0,2
run422,20260123_204030,14,1,0,1
run422,20260123_204030,15,1,0,1
run422,20260123_204030,16,1,0,1
run422,20260123_204030,17,0,0,0
run422,20260123_204030,18,0,0,0
run422,20260123_204030,19,0,0,0
run423,20260123_204118,0,1,0,1
run423,20260123_204118,1,1,0,1
run423,20260123_204118,2,2,0,2
run423,20260123_204118,3,1,0,1
run423,20260123_204118,4,0,0,0
run423,20260123_204118,5,822,0,822
run423,20260123_204118,6,1,0,1
run423,20260123_204118,7,1,0,1
run423,20260123_204118,8,0,0,0
run423,20260123_204118,9,0,0,0
run423,20260123_204118,10,0,0,0
run423,20260123_204118,11,1,0,1
run423,20260123_204118,12,2,0,2
run423,20260123_204118,13,2,0,2
run423,20260123_204118,14,2,0,2
run423,20260123_204118,15,0,0,0
run423,20260123_204118,16,1,0,1
run423,20260123_204118,17,0,0,0
run423,20260123_204118,18,0,0,0
run423,20260123_204118,19,0,0,0
run424,20260123_204206,0,0,1,1
run424,20260123_204206,1,1,1,2
run424,20260123_204206,2,2,1,3
run424,20260123_204206,3,1,1,2
run424,20260123_204206,4,0,1,1
run424,20260123_204206,5,2,1,3
run424,20260123_204206,6,0,1,1
run424,20260123_204206,7,0,0,0
run424,20260123_204206,8,0,0,0
run424,20260123_204206,9,0,0,0
run424,20260123_204206,10,1,1,2
run424,20260123_204206,11,4,1,5
run424,20260123_204206,12,4,1,5
run424,20260123_204206,13,1998,1,1999
run424,20260123_204206,14,59,1,60
run424,20260123_204206,15,1,0,1
run424,20260123_204206,16,1,1,2
run424,20260123_204206,17,0,1,1
run424,20260123_204206,18,0,0,0
run424,20260123_204206,19,0,0,0
run425,20260123_204254,0,0,0,0
run425,20260123_204254,1,2,0,2
run425,20260123_204254,2,1,0,1
run425,20260123_204254,3,0,0,0
run425,20260123_204254,4,0,0,0
run425,20260123_204254,5,2,0,2
run425,20260123_204254,6,611,0,611
run425,20260123_204254,7,0,0,0
run425,20260123_204254,8,0,0,0
run425,20260123_204254,9,0,0,0
run425,20260123_204254,10,1,0,1
run425,20260123_204254,11,1,0,1
run425,20260123_204254,12,0,0,0
run425,20260123_204254,13,1276,0,1276
run425,20260123_204254,14,3,0,3
run425,20260123_204254,15,1,0,1
run425,20260123_204254,16,2,0,2
run425,20260123_204254,17,0,0,0
run425,20260123_204254,18,0,0,0
run425,20260123_204254,19,0,0,0
run426,20260123_204342,0,1,0,1
run426,20260123_204342,1,2,0,2
run426,20260123_204342,2,2,0,2
run426,20260123_204342,3,2,0,2
run426,20260123_204342,4,2,0,2
run426,20260123_204342,5,3,0,3
run426,20260123_204342,6,0,0,0
run426,20260123_204342,7,0,0,0
run426,20260123_204342,8,0,0,0
run426,20260123_204342,9,0,0,0
run426,20260123_204342,10,1,0,1
run426,20260123_204342,11,1,0,1
run426,20260123_204342,12,0,0,0
run426,20260123_204342,13,2,0,2
run426,20260123_204342,14,0,0,0
run426,20260123_204342,15,2,0,2
run426,20260123_204342,16,3,0,3
run426,20260123_204342,17,1,0,1
run426,20260123_204342,18,0,0,0
run426,20260123_204342,19,0,0,0
run427,20260123_204430,0,0,0,0
run427,20260123_204430,1,3,0,3
run427,20260123_204430,2,5,0,5
run427,20260123_204430,3,0,0,0
run427,20260123_204430,4,2000,0,2000
run427,20260123_204430,5,1,0,1
run427,20260123_204430,6,1,0,1
run427,20260123_204430,7,1,0,1
run427,20260123_204430,8,0,0,0
run427,20260123_204430,9,0,0,0
run427,20260123_204430,10,0,0,0
run427,20260123_204430,11,2,0,2
run427,20260123_204430,12,0,0,0
run427,20260123_204430,13,1,0,1
run427,20260123_204430,14,0,0,0
run427,20260123_204430,15,0,0,0
run427,20260123_204430,16,0,0,0
run427,20260123_204430,17,0,0,0
run427,20260123_204430,18,0,0,0
run427,20260123_204430,19,0,0,0
run428,20260123_204518,0,1,0,1
run428,20260123_204518,1,1,0,1
run428,20260123_204518,2,0,0,0
run428,20260123_204518,3,1999,0,1999
run428,20260123_204518,4,4,0,4
run428,20260123_204518,5,1,0,1
run428,20260123_204518,6,3,0,3
run428,20260123_204518,7,1,0,1
run428,20260123_204518,8,0,0,0
run428,20260123_204518,9,0,0,0
run428,20260123_204518,10,2,0,2
run428,20260123_204518,11,1,0,1
run428,20260123_204518,12,2,0,2
run428,20260123_204518,13,4,0,4
run428,20260123_204518,14,2,0,2
run428,20260123_204518,15,1,0,1
run428,20260123_204518,16,0,0,0
run428,20260123_204518,17,0,0,0
run428,20260123_204518,18,0,0,0
run428,20260123_204518,19,0,0,0
run429,20260123_204606,0,5,0,5
run429,20260123_204606,1,3,0,3
run429,20260123_204606,2,1,0,1
run429,20260123_204606,3,0,0,0
run429,20260123_204606,4,0,0,0
run429,20260123_204606,5,2,0,2
run429,20260123_204606,6,2,0,2
run429,20260123_204606,7,1673,0,1673
run429,20260123_204606,8,0,0,0
run429,20260123_204606,9,0,0,0
run429,20260123_204606,10,4,0,4
run429,20260123_204606,11,0,0,0
run429,20260123_204606,12,3,0,3
run429,20260123_204606,13,1,0,1
run429,20260123_204606,14,1,0,1
run429,20260123_204606,15,1,0,1
run429,20260123_204606,16,1,0,1
run429,20260123_204606,17,0,0,0
run429,20260123_204606,18,0,0,0
run429,20260123_204606,19,0,0,0
run43,20260123_153000,0,1944,33,1977
run43,20260123_153000,1,1,40,41
run43,20260123_153000,2,0,39,39
run43,20260123_153000,3,1,39,40
run43,20260123_153000,4,1,39,40
run43,20260123_153000,5,17,16,33
run43,20260123_153000,6,0,37,37
run43,20260123_153000,7,0,20,20
run43,20260123_153000,8,0,0,0
run43,20260123_153000,9,0,0,0
run43,20260123_153000,10,11,38,49
run43,20260123_153000,11,2,38,40
run43,20260123_153000,12,0,38,38
run43,20260123_153000,13,0,39,39
run43,20260123_153000,14,1,39,40
run43,20260123_153000,15,15,10,25
run43,20260123_153000,16,3,31,34
run43,20260123_153000,17,0,8,8
run43,20260123_153000,18,0,0,0
run43,20260123_153000,19,0,0,0
run430,20260123_204654,0,0,0,0
run430,20260123_204654,1,0,0,0
run430,20260123_204654,2,3,0,3
run430,20260123_204654,3,0,0,0
run430,20260123_204654,4,0,0,0
run430,20260123_204654,5,1,0,1
run430,20260123_204654,6,2,0,2
run430,20260123_204654,7,0,0,0
run430,20260123_204654,8,0,0,0
run430,20260123_204654,9,0,0,0
run430,20260123_204654,10,0,0,0
run430,20260123_204654,11,0,0,0
run430,20260123_204654,12,1310,0,1310
run430,20260123_204654,13,0,0,0
run430,20260123_204654,14,1,0,1
run430,20260123_204654,15,2,0,2
run430,20260123_204654,16,4,0,4
run430,20260123_204654,17,0,0,0
run430,20260123_204654,18,0,0,0
run430,20260123_204654,19,0,0,0
run431,20260123_204742,0,1,0,1
run431,20260123_204742,1,1,0,1
run431,20260123_204742,2,1,0,1
run431,20260123_204742,3,0,0,0
run431,20260123_204742,4,0,0,0
run431,20260123_204742,5,1,0,1
run431,20260123_204742,6,0,0,0
run431,20260123_204742,7,0,0,0
run431,20260123_204742,8,0,0,0
run431,20260123_204742,9,0,0,0
run431,20260123_204742,10,3,0,3
run431,20260123_204742,11,1,0,1
run431,20260123_204742,12,2001,0,2001
run431,20260123_204742,13,0,0,0
run431,20260123_204742,14,3,0,3
run431,20260123_204742,15,2,0,2
run431,20260123_204742,16,3,0,3
run431,20260123_204742,17,0,0,0
run431,20260123_204742,18,0,0,0
run431,20260123_204742,19,0,0,0
run432,20260123_204830,0,1,0,1
run432,20260123_204830,1,1,0,1
run432,20260123_204830,2,5,0,5
run432,20260123_204830,3,0,0,0
run432,20260123_204830,4,0,0,0
run432,20260123_204830,5,0,0,0
run432,20260123_204830,6,1,1,2
run432,20260123_204830,7,0,1,1
run432,20260123_204830,8,0,0,0
run432,20260123_204830,9,0,0,0
run432,20260123_204830,10,488,1,489
run432,20260123_204830,11,0,1,1
run432,20260123_204830,12,1511,1,1512
run432,20260123_204830,13,0,1,1
run432,20260123_204830,14,2,1,3
run432,20260123_204830,15,2,0,2
run432,20260123_204830,16,1,0,1
run432,20260123_204830,17,1,0,1
run432,20260123_204830,18,0,0,0
run432,20260123_204830,19,0,0,0
run433,20260123_204922,0,0,0,0
run433,20260123_204922,1,2,0,2
run433,20260123_204922,2,3,0,3
run433,20260123_204922,3,0,0,0
run433,20260123_204922,4,0,0,0
run433,20260123_204922,5,2,0,2
run433,20260123_204922,6,1,0,1
run433,20260123_204922,7,1,0,1
run433,20260123_204922,8,0,0,0
run433,20260123_204922,9,0,0,0
run433,20260123_204922,10,1,0,1
run433,20260123_204922,11,0,0,0
run433,20260123_204922,12,0,0,0
run433,20260123_204922,13,2,0,2
run433,20260123_204922,14,2,0,2
run433,20260123_204922,15,0,0,0
run433,20260123_204922,16,0,0,0
run433,20260123_204922,17,1,0,1
run433,20260123_204922,18,0,0,0
run433,20260123_204922,19,0,0,0
run434,20260123_205010,0,1,0,1
run434,20260123_205010,1,2,0,2
run434,20260123_205010,2,1,0,1
run434,20260123_205010,3,0,0,0
run434,20260123_205010,4,1,0,1
run434,20260123_205010,5,1,0,1
run434,20260123_205010,6,1,0,1
run434,20260123_205010,7,0,0,0
run434,20260123_205010,8,0,0,0
run434,20260123_205010,9,0,0,0
run434,20260123_205010,10,2,0,2
run434,20260123_205010,11,1,0,1
run434,20260123_205010,12,2,0,2
run434,20260123_205010,13,1,0,1
run434,20260123_205010,14,2,0,2
run434,20260123_205010,15,2,0,2
run434,20260123_205010,16,4,0,4
run434,20260123_205010,17,0,0,0
run434,20260123_205010,18,0,0,0
run434,20260123_205010,19,0,0,0
run434,20260123_205009,0,1,0,1
run434,20260123_205009,1,2,0,2
run434,20260123_205009,2,1,0,1
run434,20260123_205009,3,0,0,0
run434,20260123_205009,4,1,0,1
run434,20260123_205009,5,1,0,1
run434,20260123_205009,6,1,0,1
run434,20260123_205009,7,0,0,0
run434,20260123_205009,8,0,0,0
run434,20260123_205009,9,0,0,0
run434,20260123_205009,10,2,0,2
run434,20260123_205009,11,1,0,1
run434,20260123_205009,12,2,0,2
run434,20260123_205009,13,1,0,1
run434,20260123_205009,14,2,0,2
run434,20260123_205009,15,2,0,2
run434,20260123_205009,16,4,0,4
run434,20260123_205009,17,0,0,0
run434,20260123_205009,18,0,0,0
run434,20260123_205009,19,0,0,0
run435,20260123_205058,0,0,6,6
run435,20260123_205058,1,1,6,7
run435,20260123_205058,2,1,6,7
run435,20260123_205058,3,1994,6,2000
run435,20260123_205058,4,1,6,7
run435,20260123_205058,5,4,0,4
run435,20260123_205058,6,0,1,1
run435,20260123_205058,7,1,0,1
run435,20260123_205058,8,0,0,0
run435,20260123_205058,9,0,0,0
run435,20260123_205058,10,0,0,0
run435,20260123_205058,11,2,0,2
run435,20260123_205058,12,1,0,1
run435,20260123_205058,13,2,0,2
run435,20260123_205058,14,4,0,4
run435,20260123_205058,15,0,0,0
run435,20260123_205058,16,2,4,6
run435,20260123_205058,17,0,3,3
run435,20260123_205058,18,0,0,0
run435,20260123_205058,19,0,0,0
run436,20260123_205150,0,1,0,1
run436,20260123_205150,1,3,0,3
run436,20260123_205150,2,3,0,3
run436,20260123_205150,3,0,0,0
run436,20260123_205150,4,3,0,3
run436,20260123_205150,5,2,0,2
run436,20260123_205150,6,1679,0,1679
run436,20260123_205150,7,0,0,0
run436,20260123_205150,8,0,0,0
run436,20260123_205150,9,0,0,0
run436,20260123_205150,10,0,0,0
run436,20260123_205150,11,1,0,1
run436,20260123_205150,12,1,0,1
run436,20260123_205150,13,1,0,1
run436,20260123_205150,14,4,0,4
run436,20260123_205150,15,0,0,0
run436,20260123_205150,16,0,0,0
run436,20260123_205150,17,0,0,0
run436,20260123_205150,18,0,0,0
run436,20260123_205150,19,0,0,0
run437,20260123_205242,0,1948,23,1971
run437,20260123_205242,1,1,27,28
run437,20260123_205242,2,3,27,30
run437,20260123_205242,3,3,26,29
run437,20260123_205242,4,1,26,27
run437,20260123_205242,5,13,10,23
run437,20260123_205242,6,1,21,22
run437,20260123_205242,7,0,13,13
run437,20260123_205242,8,0,0,0
run437,20260123_205242,9,0,0,0
run437,20260123_205242,10,21,22,43
run437,20260123_205242,11,7,22,29
run437,20260123_205242,12,2,22,24
run437,20260123_205242,13,2,22,24
run437,20260123_205242,14,0,22,22
run437,20260123_205242,15,8,11,19
run437,20260123_205242,16,2,23,25
run437,20260123_205242,17,1,7,8
run437,20260123_205242,18,0,0,0
run437,20260123_205242,19,0,0,0
run438,20260123_205329,0,1945,24,1969
run438,20260123_205329,1,1,29,30
run438,20260123_205329,2,1,28,29
run438,20260123_205329,3,0,28,28
run438,20260123_205329,4,1,28,29
run438,20260123_205329,5,6,14,20
run438,20260123_205329,6,1,24,25
run438,20260123_205329,7,0,21,21
run438,20260123_205329,8,0,0,0
run438,20260123_205329,9,0,1,1
run438,20260123_205329,10,1,28,29
run438,20260123_205329,11,2,28,30
run438,20260123_205329,12,0,27,27
run438,20260123_205329,13,0,27,27
run438,20260123_205329,14,0,27,27
run438,20260123_205329,15,10,12,22
run438,20260123_205329,16,4,19,23
run438,20260123_205329,17,0,9,9
run438,20260123_205329,18,0,0,0
run438,20260123_205329,19,0,0,0
run438,20260123_205330,0,1945,24,1969
run438,20260123_205330,1,1,29,30
run438,20260123_205330,2,1,28,29
run438,20260123_205330,3,0,28,28
run438,20260123_205330,4,1,28,29
run438,20260123_205330,5,6,14,20
run438,20260123_205330,6,1,24,25
run438,20260123_205330,7,0,21,21
run438,20260123_205330,8,0,0,0
run438,20260123_205330,9,0,1,1
run438,20260123_205330,10,1,28,29
run438,20260123_205330,11,2,28,30
run438,20260123_205330,12,0,27,27
run438,20260123_205330,13,0,27,27
run438,20260123_205330,14,0,27,27
run438,20260123_205330,15,10,12,22
run438,20260123_205330,16,4,19,23
run438,20260123_205330,17,0,9,9
run438,20260123_205330,18,0,0,0
run438,20260123_205330,19,0,0,0
run439,20260123_205421,0,1,0,1
run439,20260123_205421,1,1662,0,1662
run439,20260123_205421,2,2,0,2
run439,20260123_205421,3,2,0,2
run439,20260123_205421,4,3,0,3
run439,20260123_205421,5,0,0,0
run439,20260123_205421,6,288,0,288
run439,20260123_205421,7,1,0,1
run439,20260123_205421,8,0,0,0
run439,20260123_205421,9,0,0,0
run439,20260123_205421,10,1,0,1
run439,20260123_205421,11,1,0,1
run439,20260123_205421,12,1,0,1
run439,20260123_205421,13,1,0,1
run439,20260123_205421,14,1,0,1
run439,20260123_205421,15,1,0,1
run439,20260123_205421,16,1,0,1
run439,20260123_205421,17,0,0,0
run439,20260123_205421,18,0,0,0
run439,20260123_205421,19,0,0,0
run44,20260123_153048,0,7,0,7
run44,20260123_153048,1,1,0,1
run44,20260123_153048,2,13,0,13
run44,20260123_153048,3,1,0,1
run44,20260123_153048,4,2,0,2
run44,20260123_153048,5,16,0,16
run44,20260123_153048,6,1703,0,1703
run44,20260123_153048,7,5,0,5
run44,20260123_153048,8,0,0,0
run44,20260123_153048,9,0,0,0
run44,20260123_153048,10,0,0,0
run44,20260123_153048,11,0,0,0
run44,20260123_153048,12,1,0,1
run44,20260123_153048,13,1,0,1
run44,20260123_153048,14,1,0,1
run44,20260123_153048,15,0,0,0
run44,20260123_153048,16,1,0,1
run44,20260123_153048,17,0,0,0
run44,20260123_153048,18,0,0,0
run44,20260123_153048,19,0,0,0
run440,20260123_205509,0,8,1076,1084
run440,20260123_205509,1,8,1075,1083
run440,20260123_205509,2,2,1067,1069
run440,20260123_205509,3,0,1061,1061
run440,20260123_205509,4,1,1053,1054
run440,20260123_205509,5,5,0,5
run440,20260123_205509,6,3,0,3
run440,20260123_205509,7,1,0,1
run440,20260123_205509,8,0,0,0
run440,20260123_205509,9,0,0,0
run440,20260123_205509,10,1,0,1
run440,20260123_205509,11,1,0,1
run440,20260123_205509,12,1,0,1
run440,20260123_205509,13,0,0,0
run440,20260123_205509,14,0,0,0
run440,20260123_205509,15,1,0,1
run440,20260123_205509,16,2,811,813
run440,20260123_205509,17,23,562,585
run440,20260123_205509,18,0,0,0
run440,20260123_205509,19,0,0,0
run441,20260123_205557,0,1,1,2
run441,20260123_205557,1,2,1,3
run441,20260123_205557,2,2,1,3
run441,20260123_205557,3,0,0,0
run441,20260123_205557,4,1,0,1
run441,20260123_205557,5,2,1,3
run441,20260123_205557,6,2,0,2
run441,20260123_205557,7,0,0,0
run441,20260123_205557,8,0,0,0
run441,20260123_205557,9,0,0,0
run441,20260123_205557,10,2,0,2
run441,20260123_205557,11,1,0,1
run441,20260123_205557,12,1,0,1
run441,20260123_205557,13,0,0,0
run441,20260123_205557,14,2,0,2
run441,20260123_205557,15,2,0,2
run441,20260123_205557,16,2,1,3
run441,20260123_205557,17,0,1,1
run441,20260123_205557,18,0,0,0
run441,20260123_205557,19,0,0,0
run442,20260123_205649,0,1,0,1
run442,20260123_205649,1,3,0,3
run442,20260123_205649,2,1,0,1
run442,20260123_205649,3,1,0,1
run442,20260123_205649,4,1,0,1
run442,20260123_205649,5,2,0,2
run442,20260123_205649,6,1704,0,1704
run442,20260123_205649,7,4,0,4
run442,20260123_205649,8,0,0,0
run442,20260123_205649,9,0,0,0
run442,20260123_205649,10,0,1,1
run442,20260123_205649,11,1,0,1
run442,20260123_205649,12,1,0,1
run442,20260123_205649,13,2,0,2
run442,20260123_205649,14,0,0,0
run442,20260123_205649,15,1,0,1
run442,20260123_205649,16,2,0,2
run442,20260123_205649,17,0,0,0
run442,20260123_205649,18,0,0,0
run442,20260123_205649,19,0,0,0
run443,20260123_205741,0,0,0,0
run443,20260123_205741,1,3,0,3
run443,20260123_205741,2,3,0,3
run443,20260123_205741,3,0,0,0
run443,20260123_205741,4,4,0,4
run443,20260123_205741,5,2,0,2
run443,20260123_205741,6,0,0,0
run443,20260123_205741,7,2,0,2
run443,20260123_205741,8,0,0,0
run443,20260123_205741,9,0,0,0
run443,20260123_205741,10,2000,0,2000
run443,20260123_205741,11,2,0,2
run443,20260123_205741,12,1,0,1
run443,20260123_205741,13,0,0,0
run443,20260123_205741,14,0,0,0
run443,20260123_205741,15,0,0,0
run443,20260123_205741,16,1,0,1
run443,20260123_205741,17,0,0,0
run443,20260123_205741,18,0,0,0
run443,20260123_205741,19,0,0,0
run444,20260123_205833,0,1,0,1
run444,20260123_205833,1,2,0,2
run444,20260123_205833,2,1,0,1
run444,20260123_205833,3,1,0,1
run444,20260123_205833,4,1,0,1
run444,20260123_205833,5,1,0,1
run444,20260123_205833,6,0,0,0
run444,20260123_205833,7,1,0,1
run444,20260123_205833,8,0,0,0
run444,20260123_205833,9,0,0,0
run444,20260123_205833,10,0,0,0
run444,20260123_205833,11,2000,0,2000
run444,20260123_205833,12,2,0,2
run444,20260123_205833,13,0,0,0
run444,20260123_205833,14,0,0,0
run444,20260123_205833,15,2,0,2
run444,20260123_205833,16,2,0,2
run444,20260123_205833,17,0,0,0
run444,20260123_205833,18,0,0,0
run444,20260123_205833,19,0,0,0
run445,20260123_205921,0,1,1,2
run445,20260123_205921,1,2,1,3
run445,20260123_205921,2,2,1,3
run445,20260123_205921,3,1,1,2
run445,20260123_205921,4,1,1,2
run445,20260123_205921,5,1,0,1
run445,20260123_205921,6,0,0,0
run445,20260123_205921,7,1,0,1
run445,20260123_205921,8,0,0,0
run445,20260123_205921,9,0,0,0
run445,20260123_205921,10,2000,0,2000
run445,20260123_205921,11,0,0,0
run445,20260123_205921,12,1,0,1
run445,20260123_205921,13,1,0,1
run445,20260123_205921,14,0,0,0
run445,20260123_205921,15,0,0,0
run445,20260123_205921,16,1,0,1
run445,20260123_205921,17,0,1,1
run445,20260123_205921,18,0,0,0
run445,20260123_205921,19,0,0,0
run446,20260123_210008,0,0,0,0
run446,20260123_210008,1,1,0,1
run446,20260123_210008,2,2,0,2
run446,20260123_210008,3,2,0,2
run446,20260123_210008,4,1,0,1
run446,20260123_210008,5,1,0,1
run446,20260123_210008,6,0,0,0
run446,20260123_210008,7,1,0,1
run446,20260123_210008,8,0,0,0
run446,20260123_210008,9,0,0,0
run446,20260123_210008,10,0,0,0
run446,20260123_210008,11,1,0,1
run446,20260123_210008,12,2,0,2
run446,20260123_210008,13,1,0,1
run446,20260123_210008,14,0,0,0
run446,20260123_210008,15,2000,0,2000
run446,20260123_210008,16,2,0,2
run446,20260123_210008,17,0,0,0
run446,20260123_210008,18,0,0,0
run446,20260123_210008,19,0,0,0
run447,20260123_210100,0,1,0,1
run447,20260123_210100,1,2000,0,2000
run447,20260123_210100,2,1,0,1
run447,20260123_210100,3,2,0,2
run447,20260123_210100,4,0,0,0
run447,20260123_210100,5,1,0,1
run447,20260123_210100,6,2,0,2
run447,20260123_210100,7,1,0,1
run447,20260123_210100,8,0,0,0
run447,20260123_210100,9,0,0,0
run447,20260123_210100,10,0,0,0
run447,20260123_210100,11,1,0,1
run447,20260123_210100,12,1,0,1
run447,20260123_210100,13,1,0,1
run447,20260123_210100,14,0,0,0
run447,20260123_210100,15,1,0,1
run447,20260123_210100,16,6,0,6
run447,20260123_210100,17,1,0,1
run447,20260123_210100,18,0,0,0
run447,20260123_210100,19,0,0,0
run448,20260123_210148,0,2,0,2
run448,20260123_210148,1,1,0,1
run448,20260123_210148,2,2002,0,2002
run448,20260123_210148,3,0,0,0
run448,20260123_210148,4,1,0,1
run448,20260123_210148,5,3,0,3
run448,20260123_210148,6,2,0,2
run448,20260123_210148,7,2,0,2
run448,20260123_210148,8,0,0,0
run448,20260123_210148,9,0,0,0
run448,20260123_210148,10,0,0,0
run448,20260123_210148,11,0,0,0
run448,20260123_210148,12,2,0,2
run448,20260123_210148,13,0,0,0
run448,20260123_210148,14,2,0,2
run448,20260123_210148,15,0,0,0
run448,20260123_210148,16,3,0,3
run448,20260123_210148,17,0,0,0
run448,20260123_210148,18,0,0,0
run448,20260123_210148,19,0,0,0
run449,20260123_210236,0,1,0,1
run449,20260123_210236,1,2,0,2
run449,20260123_210236,2,2000,0,2000
run449,20260123_210236,3,1,0,1
run449,20260123_210236,4,2,0,2
run449,20260123_210236,5,2,0,2
run449,20260123_210236,6,0,0,0
run449,20260123_210236,7,2,0,2
run449,20260123_210236,8,0,0,0
run449,20260123_210236,9,0,0,0
run449,20260123_210236,10,1,0,1
run449,20260123_210236,11,1,0,1
run449,20260123_210236,12,1,0,1
run449,20260123_210236,13,0,0,0
run449,20260123_210236,14,1,0,1
run449,20260123_210236,15,2,0,2
run449,20260123_210236,16,4,0,4
run449,20260123_210236,17,0,0,0
run449,20260123_210236,18,0,0,0
run449,20260123_210236,19,0,0,0
run45,20260123_153136,0,12,219,231
run45,20260123_153136,1,10,214,224
run45,20260123_153136,2,2,213,215
run45,20260123_153136,3,0,211,211
run45,20260123_153136,4,2,209,211
run45,20260123_153136,5,1,0,1
run45,20260123_153136,6,2,0,2
run45,20260123_153136,7,1,0,1
run45,20260123_153136,8,0,0,0
run45,20260123_153136,9,0,0,0
run45,20260123_153136,10,3,0,3
run45,20260123_153136,11,0,0,0
run45,20260123_153136,12,1,0,1
run45,20260123_153136,13,2,0,2
run45,20260123_153136,14,1,0,1
run45,20260123_153136,15,3,0,3
run45,20260123_153136,16,5,166,171
run45,20260123_153136,17,20,99,119
run45,20260123_153136,18,0,0,0
run45,20260123_153136,19,0,0,0
run450,20260123_210324,0,0,0,0
run450,20260123_210324,1,3,0,3
run450,20260123_210324,2,2,0,2
run450,20260123_210324,3,0,0,0
run450,20260123_210324,4,3,0,3
run450,20260123_210324,5,0,0,0
run450,20260123_210324,6,1681,0,1681
run450,20260123_210324,7,2,0,2
run450,20260123_210324,8,0,0,0
run450,20260123_210324,9,0,0,0
run450,20260123_210324,10,3,0,3
run450,20260123_210324,11,1,0,1
run450,20260123_210324,12,1,0,1
run450,20260123_210324,13,0,0,0
run450,20260123_210324,14,0,0,0
run450,20260123_210324,15,2,0,2
run450,20260123_210324,16,2,0,2
run450,20260123_210324,17,0,0,0
run450,20260123_210324,18,0,0,0
run450,20260123_210324,19,0,0,0
run451,20260123_210416,0,10,0,10
run451,20260123_210416,1,0,0,0
run451,20260123_210416,2,30,0,30
run451,20260123_210416,3,10,0,10
run451,20260123_210416,4,1,0,1
run451,20260123_210416,5,7,0,7
run451,20260123_210416,6,2,0,2
run451,20260123_210416,7,2000,0,2000
run451,20260123_210416,8,0,0,0
run451,20260123_210416,9,0,0,0
run451,20260123_210416,10,0,0,0
run451,20260123_210416,11,2,0,2
run451,20260123_210416,12,0,0,0
run451,20260123_210416,13,2,0,2
run451,20260123_210416,14,1,0,1
run451,20260123_210416,15,0,0,0
run451,20260123_210416,16,3,0,3
run451,20260123_210416,17,1,0,1
run451,20260123_210416,18,0,0,0
run451,20260123_210416,19,0,0,0
run452,20260123_210504,0,0,21,21
run452,20260123_210504,1,1,22,23
run452,20260123_210504,2,1,21,22
run452,20260123_210504,3,1,21,22
run452,20260123_210504,4,3,21,24
run452,20260123_210504,5,8,6,14
run452,20260123_210504,6,2,21,23
run452,20260123_210504,7,0,8,8
run452,20260123_210504,8,0,0,0
run452,20260123_210504,9,0,3,3
run452,20260123_210504,10,1970,22,1992
run452,20260123_210504,11,1,23,24
run452,20260123_210504,12,0,21,21
run452,20260123_210504,13,0,21,21
run452,20260123_210504,14,1,21,22
run452,20260123_210504,15,11,5,16
run452,20260123_210504,16,2,20,22
run452,20260123_210504,17,0,8,8
run452,20260123_210504,18,0,0,0
run452,20260123_210504,19,0,0,0
run453,20260123_210552,0,1,0,1
run453,20260123_210552,1,0,0,0
run453,20260123_210552,2,0,0,0
run453,20260123_210552,3,1,0,1
run453,20260123_210552,4,0,0,0
run453,20260123_210552,5,0,0,0
run453,20260123_210552,6,1,0,1
run453,20260123_210552,7,0,0,0
run453,20260123_210552,8,0,0,0
run453,20260123_210552,9,0,0,0
run453,20260123_210552,10,1,0,1
run453,20260123_210552,11,1,0,1
run453,20260123_210552,12,1,0,1
run453,20260123_210552,13,2000,0,2000
run453,20260123_210552,14,0,0,0
run453,20260123_210552,15,2,0,2
run453,20260123_210552,16,5,0,5
run453,20260123_210552,17,0,0,0
run453,20260123_210552,18,0,0,0
run453,20260123_210552,19,0,0,0
run454,20260123_210640,0,0,0,0
run454,20260123_210640,1,1,0,1
run454,20260123_210640,2,4,0,4
run454,20260123_210640,3,1,0,1
run454,20260123_210640,4,0,0,0
run454,20260123_210640,5,2,0,2
run454,20260123_210640,6,0,1671,1671
run454,20260123_210640,7,0,1819,1819
run454,20260123_210640,8,0,0,0
run454,20260123_210640,9,0,0,0
run454,20260123_210640,10,0,1819,1819
run454,20260123_210640,11,0,1819,1819
run454,20260123_210640,12,1,1819,1820
run454,20260123_210640,13,0,1819,1819
run454,20260123_210640,14,1,1819,1820
run454,20260123_210640,15,3,0,3
run454,20260123_210640,16,1,0,1
run454,20260123_210640,17,0,0,0
run454,20260123_210640,18,0,0,0
run454,20260123_210640,19,0,0,0
run455,20260123_210732,0,1,0,1
run455,20260123_210732,1,6,0,6
run455,20260123_210732,2,1,0,1
run455,20260123_210732,3,2,0,2
run455,20260123_210732,4,1,0,1
run455,20260123_210732,5,2,0,2
run455,20260123_210732,6,1,0,1
run455,20260123_210732,7,0,0,0
run455,20260123_210732,8,0,0,0
run455,20260123_210732,9,0,0,0
run455,20260123_210732,10,0,0,0
run455,20260123_210732,11,0,0,0
run455,20260123_210732,12,0,0,0
run455,20260123_210732,13,2,0,2
run455,20260123_210732,14,1,0,1
run455,20260123_210732,15,3,0,3
run455,20260123_210732,16,3,0,3
run455,20260123_210732,17,0,0,0
run455,20260123_210732,18,0,0,0
run455,20260123_210732,19,0,0,0
run456,20260123_210820,0,2,0,2
run456,20260123_210820,1,165,0,165
run456,20260123_210820,2,998,0,998
run456,20260123_210820,3,1813,0,1813
run456,20260123_210820,4,0,0,0
run456,20260123_210820,5,0,0,0
run456,20260123_210820,6,0,0,0
run456,20260123_210820,7,2,0,2
run456,20260123_210820,8,0,0,0
run456,20260123_210820,9,0,0,0
run456,20260123_210820,10,1,0,1
run456,20260123_210820,11,2,0,2
run456,20260123_210820,12,0,0,0
run456,20260123_210820,13,188,0,188
run456,20260123_210820,14,2,0,2
run456,20260123_210820,15,2,0,2
run456,20260123_210820,16,0,0,0
run456,20260123_210820,17,0,0,0
run456,20260123_210820,18,0,0,0
run456,20260123_210820,19,0,0,0
run457,20260123_210912,0,1,0,1
run457,20260123_210912,1,1,0,1
run457,20260123_210912,2,4,0,4
run457,20260123_210912,3,0,0,0
run457,20260123_210912,4,1,0,1
run457,20260123_210912,5,1,0,1
run457,20260123_210912,6,1,0,1
run457,20260123_210912,7,0,0,0
run457,20260123_210912,8,0,0,0
run457,20260123_210912,9,0,0,0
run457,20260123_210912,10,0,0,0
run457,20260123_210912,11,1999,0,1999
run457,20260123_210912,12,2,0,2
run457,20260123_210912,13,0,0,0
run457,20260123_210912,14,1,0,1
run457,20260123_210912,15,0,0,0
run457,20260123_210912,16,4,0,4
run457,20260123_210912,17,0,0,0
run457,20260123_210912,18,0,0,0
run457,20260123_210912,19,0,0,0
run458,20260123_211000,0,375,13,388
run458,20260123_211000,1,5,19,24
run458,20260123_211000,2,5,17,22
run458,20260123_211000,3,1,17,18
run458,20260123_211000,4,1561,16,1577
run458,20260123_211000,5,5,11,16
run458,20260123_211000,6,1,15,16
run458,20260123_211000,7,0,14,14
run458,20260123_211000,8,0,0,0
run458,20260123_211000,9,0,0,0
run458,20260123_211000,10,4,17,21
run458,20260123_211000,11,0,17,17
run458,20260123_211000,12,1,17,18
run458,20260123_211000,13,2,18,20
run458,20260123_211000,14,0,18,18
run458,20260123_211000,15,2,10,12
run458,20260123_211000,16,5,13,18
run458,20260123_211000,17,1,4,5
run458,20260123_211000,18,0,0,0
run458,20260123_211000,19,0,0,0
run459,20260123_211052,0,0,0,0
run459,20260123_211052,1,0,0,0
run459,20260123_211052,2,1,0,1
run459,20260123_211052,3,0,0,0
run459,20260123_211052,4,0,0,0
run459,20260123_211052,5,2,0,2
run459,20260123_211052,6,1,0,1
run459,20260123_211052,7,2,0,2
run459,20260123_211052,8,0,0,0
run459,20260123_211052,9,0,0,0
run459,20260123_211052,10,1,0,1
run459,20260123_211052,11,1,0,1
run459,20260123_211052,12,5,0,5
run459,20260123_211052,13,2,0,2
run459,20260123_211052,14,2,0,2
run459,20260123_211052,15,2001,0,2001
run459,20260123_211052,16,0,0,0
run459,20260123_211052,17,0,0,0
run459,20260123_211052,18,0,0,0
run459,20260123_211052,19,0,0,0
run46,20260123_153224,0,2,0,2
run46,20260123_153224,1,0,0,0
run46,20260123_153224,2,1,0,1
run46,20260123_153224,3,0,0,0
run46,20260123_153224,4,1,0,1
run46,20260123_153224,5,2000,0,2000
run46,20260123_153224,6,0,0,0
run46,20260123_153224,7,0,0,0
run46,20260123_153224,8,0,0,0
run46,20260123_153224,9,0,0,0
run46,20260123_153224,10,0,0,0
run46,20260123_153224,11,0,0,0
run46,20260123_153224,12,0,0,0
run46,20260123_153224,13,3,0,3
run46,20260123_153224,14,0,0,0
run46,20260123_153224,15,0,0,0
run46,20260123_153224,16,2,0,2
run46,20260123_153224,17,0,0,0
run46,20260123_153224,18,0,0,0
run46,20260123_153224,19,0,0,0
run460,20260123_211140,0,0,0,0
run460,20260123_211140,1,1,0,1
run460,20260123_211140,2,1,0,1
run460,20260123_211140,3,4,0,4
run460,20260123_211140,4,3,0,3
run460,20260123_211140,5,0,0,0
run460,20260123_211140,6,0,1605,1605
run460,20260123_211140,7,0,1898,1898
run460,20260123_211140,8,0,0,0
run460,20260123_211140,9,0,0,0
run460,20260123_211140,10,0,1898,1898
run460,20260123_211140,11,0,1898,1898
run460,20260123_211140,12,0,1898,1898
run460,20260123_211140,13,2,1898,1900
run460,20260123_211140,14,1,1898,1899
run460,20260123_211140,15,2,0,2
run460,20260123_211140,16,0,0,0
run460,20260123_211140,17,0,0,0
run460,20260123_211140,18,0,0,0
run460,20260123_211140,19,0,0,0
run461,20260123_211228,0,0,1,1
run461,20260123_211228,1,2,1,3
run461,20260123_211228,2,1,1,2
run461,20260123_211228,3,0,1,1
run461,20260123_211228,4,2,1,3
run461,20260123_211228,5,3,0,3
run461,20260123_211228,6,1,1,2
run461,20260123_211228,7,1,0,1
run461,20260123_211228,8,0,0,0
run461,20260123_211228,9,0,0,0
run461,20260123_211228,10,0,0,0
run461,20260123_211228,11,2,0,2
run461,20260123_211228,12,3,0,3
run461,20260123_211228,13,0,0,0
run461,20260123_211228,14,1,0,1
run461,20260123_211228,15,0,0,0
run461,20260123_211228,16,2,1,3
run461,20260123_211228,17,0,1,1
run461,20260123_211228,18,0,0,0
run461,20260123_211228,19,0,0,0
run462,20260123_211316,0,0,0,0
run462,20260123_211316,1,3,0,3
run462,20260123_211316,2,3,0,3
run462,20260123_211316,3,0,0,0
run462,20260123_211316,4,2000,0,2000
run462,20260123_211316,5,2,0,2
run462,20260123_211316,6,0,0,0
run462,20260123_211316,7,0,0,0
run462,20260123_211316,8,0,0,0
run462,20260123_211316,9,0,0,0
run462,20260123_211316,10,1,0,1
run462,20260123_211316,11,1,0,1
run462,20260123_211316,12,2,0,2
run462,20260123_211316,13,0,0,0
run462,20260123_211316,14,0,0,0
run462,20260123_211316,15,1,0,1
run462,20260123_211316,16,2,0,2
run462,20260123_211316,17,1,0,1
run462,20260123_211316,18,0,0,0
run462,20260123_211316,19,0,0,0
run463,20260123_211404,0,3,0,3
run463,20260123_211404,1,1,0,1
run463,20260123_211404,2,1635,0,1635
run463,20260123_211404,3,2,0,2
run463,20260123_211404,4,0,0,0
run463,20260123_211404,5,2,0,2
run463,20260123_211404,6,0,0,0
run463,20260123_211404,7,0,0,0
run463,20260123_211404,8,0,0,0
run463,20260123_211404,9,0,0,0
run463,20260123_211404,10,2,0,2
run463,20260123_211404,11,1,0,1
run463,20260123_211404,12,0,0,0
run463,20260123_211404,13,0,0,0
run463,20260123_211404,14,1,0,1
run463,20260123_211404,15,0,0,0
run463,20260123_211404,16,337,0,337
run463,20260123_211404,17,1,0,1
run463,20260123_211404,18,0,0,0
run463,20260123_211404,19,0,0,0
run464,20260123_211452,0,3,0,3
run464,20260123_211452,1,3,0,3
run464,20260123_211452,2,2,0,2
run464,20260123_211452,3,1,0,1
run464,20260123_211452,4,0,0,0
run464,20260123_211452,5,1,0,1
run464,20260123_211452,6,1,1,2
run464,20260123_211452,7,0,1,1
run464,20260123_211452,8,0,0,0
run464,20260123_211452,9,0,0,0
run464,20260123_211452,10,1,1,2
run464,20260123_211452,11,2,1,3
run464,20260123_211452,12,0,1,1
run464,20260123_211452,13,2,1,3
run464,20260123_211452,14,3,1,4
run464,20260123_211452,15,1995,0,1995
run464,20260123_211452,16,3,0,3
run464,20260123_211452,17,0,0,0
run464,20260123_211452,18,0,0,0
run464,20260123_211452,19,0,0,0
run465,20260123_211544,0,2,0,2
run465,20260123_211544,1,3,0,3
run465,20260123_211544,2,2,0,2
run465,20260123_211544,3,0,0,0
run465,20260123_211544,4,0,0,0
run465,20260123_211544,5,2,0,2
run465,20260123_211544,6,1,0,1
run465,20260123_211544,7,0,0,0
run465,20260123_211544,8,0,0,0
run465,20260123_211544,9,0,0,0
run465,20260123_211544,10,0,0,0
run465,20260123_211544,11,0,0,0
run465,20260123_211544,12,54,0,54
run465,20260123_211544,13,1,0,1
run465,20260123_211544,14,0,0,0
run465,20260123_211544,15,1,0,1
run465,20260123_211544,16,1813,0,1813
run465,20260123_211544,17,0,0,0
run465,20260123_211544,18,0,0,0
run465,20260123_211544,19,0,0,0
run466,20260123_211632,0,1,0,1
run466,20260123_211632,1,1,0,1
run466,20260123_211632,2,5,0,5
run466,20260123_211632,3,0,0,0
run466,20260123_211632,4,1405,0,1405
run466,20260123_211632,5,1,0,1
run466,20260123_211632,6,0,0,0
run466,20260123_211632,7,0,0,0
run466,20260123_211632,8,0,0,0
run466,20260123_211632,9,0,0,0
run466,20260123_211632,10,0,0,0
run466,20260123_211632,11,1,0,1
run466,20260123_211632,12,0,0,0
run466,20260123_211632,13,1,0,1
run466,20260123_211632,14,0,0,0
run466,20260123_211632,15,1,0,1
run466,20260123_211632,16,4,0,4
run466,20260123_211632,17,1,0,1
run466,20260123_211632,18,0,0,0
run466,20260123_211632,19,0,0,0
run467,20260123_211720,0,0,170,170
run467,20260123_211720,1,1,170,171
run467,20260123_211720,2,1,167,168
run467,20260123_211720,3,1,162,163
run467,20260123_211720,4,0,157,157
run467,20260123_211720,5,7,0,7
run467,20260123_211720,6,1302,0,1302
run467,20260123_211720,7,5,0,5
run467,20260123_211720,8,0,0,0
run467,20260123_211720,9,0,0,0
run467,20260123_211720,10,1,0,1
run467,20260123_211720,11,0,0,0
run467,20260123_211720,12,2,0,2
run467,20260123_211720,13,2,0,2
run467,20260123_211720,14,0,0,0
run467,20260123_211720,15,1,0,1
run467,20260123_211720,16,3,120,123
run467,20260123_211720,17,0,65,65
run467,20260123_211720,18,0,0,0
run467,20260123_211720,19,0,0,0
run468,20260123_211808,0,0,0,0
run468,20260123_211808,1,1,0,1
run468,20260123_211808,2,1,0,1
run468,20260123_211808,3,1,0,1
run468,20260123_211808,4,0,0,0
run468,20260123_211808,5,1,0,1
run468,20260123_211808,6,1,0,1
run468,20260123_211808,7,1,0,1
run468,20260123_211808,8,0,0,0
run468,20260123_211808,9,0,0,0
run468,20260123_211808,10,0,0,0
run468,20260123_211808,11,282,0,282
run468,20260123_211808,12,1719,0,1719
run468,20260123_211808,13,0,0,0
run468,20260123_211808,14,0,0,0
run468,20260123_211808,15,1,0,1
run468,20260123_211808,16,1,0,1
run468,20260123_211808,17,0,0,0
run468,20260123_211808,18,0,0,0
run468,20260123_211808,19,0,0,0
run469,20260123_211900,0,2,6,8
run469,20260123_211900,1,1,268,269
run469,20260123_211900,2,1,270,271
run469,20260123_211900,3,1,270,271
run469,20260123_211900,4,0,270,270
run469,20260123_211900,5,1,571,572
run469,20260123_211900,6,1,1,2
run469,20260123_211900,7,0,1,1
run469,20260123_211900,8,0,0,0
run469,20260123_211900,9,0,0,0
run469,20260123_211900,10,1,1,2
run469,20260123_211900,11,0,1,1
run469,20260123_211900,12,0,1,1
run469,20260123_211900,13,3,1,4
run469,20260123_211900,14,1,1,2
run469,20260123_211900,15,0,0,0
run469,20260123_211900,16,1,0,1
run469,20260123_211900,17,0,0,0
run469,20260123_211900,18,0,0,0
run469,20260123_211900,19,0,0,0
run47,20260123_153316,0,0,0,0
run47,20260123_153316,1,2,0,2
run47,20260123_153316,2,3,0,3
run47,20260123_153316,3,2,0,2
run47,20260123_153316,4,0,0,0
run47,20260123_153316,5,3,0,3
run47,20260123_153316,6,0,0,0
run47,20260123_153316,7,1,0,1
run47,20260123_153316,8,0,0,0
run47,20260123_153316,9,0,0,0
run47,20260123_153316,10,0,0,0
run47,20260123_153316,11,2,0,2
run47,20260123_153316,12,1,0,1
run47,20260123_153316,13,1,0,1
run47,20260123_153316,14,0,0,0
run47,20260123_153316,15,2000,0,2000
run47,20260123_153316,16,2,0,2
run47,20260123_153316,17,0,0,0
run47,20260123_153316,18,0,0,0
run47,20260123_153316,19,0,0,0
run470,20260123_211948,0,0,0,0
run470,20260123_211948,1,0,0,0
run470,20260123_211948,2,2,0,2
run470,20260123_211948,3,1,0,1
run470,20260123_211948,4,2,0,2
run470,20260123_211948,5,2000,0,2000
run470,20260123_211948,6,1,0,1
run470,20260123_211948,7,0,0,0
run470,20260123_211948,8,0,0,0
run470,20260123_211948,9,0,0,0
run470,20260123_211948,10,1,0,1
run470,20260123_211948,11,3,0,3
run470,20260123_211948,12,1,0,1
run470,20260123_211948,13,2,0,2
run470,20260123_211948,14,1,0,1
run470,20260123_211948,15,1,0,1
run470,20260123_211948,16,0,0,0
run470,20260123_211948,17,1,0,1
run470,20260123_211948,18,0,0,0
run470,20260123_211948,19,0,0,0
run471,20260123_212036,0,3,1,4
run471,20260123_212036,1,3,1,4
run471,20260123_212036,2,3,1,4
run471,20260123_212036,3,0,1,1
run471,20260123_212036,4,1,1,2
run471,20260123_212036,5,1993,0,1993
run471,20260123_212036,6,1,0,1
run471,20260123_212036,7,0,0,0
run471,20260123_212036,8,0,0,0
run471,20260123_212036,9,0,0,0
run471,20260123_212036,10,1,0,1
run471,20260123_212036,11,1,0,1
run471,20260123_212036,12,0,0,0
run471,20260123_212036,13,0,0,0
run471,20260123_212036,14,4,0,4
run471,20260123_212036,15,1,0,1
run471,20260123_212036,16,1,0,1
run471,20260123_212036,17,0,1,1
run471,20260123_212036,18,0,0,0
run471,20260123_212036,19,0,0,0
run472,20260123_212124,0,0,0,0
run472,20260123_212124,1,0,0,0
run472,20260123_212124,2,0,0,0
run472,20260123_212124,3,0,0,0
run472,20260123_212124,4,0,0,0
run472,20260123_212124,5,0,0,0
run472,20260123_212124,6,1,0,1
run472,20260123_212124,7,4,0,4
run472,20260123_212124,8,0,0,0
run472,20260123_212124,9,0,0,0
run472,20260123_212124,10,1999,0,1999
run472,20260123_212124,11,0,0,0
run472,20260123_212124,12,1,0,1
run472,20260123_212124,13,1,0,1
run472,20260123_212124,14,2,0,2
run472,20260123_212124,15,0,0,0
run472,20260123_212124,16,2,0,2
run472,20260123_212124,17,0,0,0
run472,20260123_212124,18,0,0,0
run472,20260123_212124,19,0,0,0
run473,20260123_212212,0,0,0,0
run473,20260123_212212,1,0,0,0
run473,20260123_212212,2,3,0,3
run473,20260123_212212,3,3,0,3
run473,20260123_212212,4,0,0,0
run473,20260123_212212,5,0,0,0
run473,20260123_212212,6,0,0,0
run473,20260123_212212,7,1,0,1
run473,20260123_212212,8,0,0,0
run473,20260123_212212,9,0,0,0
run473,20260123_212212,10,2,0,2
run473,20260123_212212,11,2,0,2
run473,20260123_212212,12,1,0,1
run473,20260123_212212,13,1,0,1
run473,20260123_212212,14,2,0,2
run473,20260123_212212,15,2000,0,2000
run473,20260123_212212,16,1,0,1
run473,20260123_212212,17,0,0,0
run473,20260123_212212,18,0,0,0
run473,20260123_212212,19,0,0,0
run474,20260123_212304,0,1,1751,1752
run474,20260123_212304,1,5,1750,1755
run474,20260123_212304,2,0,1750,1750
run474,20260123_212304,3,2,1748,1750
run474,20260123_212304,4,2,1747,1749
run474,20260123_212304,5,9,0,9
run474,20260123_212304,6,3,0,3
run474,20260123_212304,7,0,0,0
run474,20260123_212304,8,0,0,0
run474,20260123_212304,9,0,0,0
run474,20260123_212304,10,13,0,13
run474,20260123_212304,11,2,0,2
run474,20260123_212304,12,3,0,3
run474,20260123_212304,13,3,0,3
run474,20260123_212304,14,1,0,1
run474,20260123_212304,15,1,0,1
run474,20260123_212304,16,2,1402,1404
run474,20260123_212304,17,7,1033,1040
run474,20260123_212304,18,0,0,0
run474,20260123_212304,19,0,0,0
run475,20260123_212352,0,0,0,0
run475,20260123_212352,1,4,0,4
run475,20260123_212352,2,3,0,3
run475,20260123_212352,3,3,0,3
run475,20260123_212352,4,1,0,1
run475,20260123_212352,5,1999,0,1999
run475,20260123_212352,6,2,0,2
run475,20260123_212352,7,2,0,2
run475,20260123_212352,8,0,0,0
run475,20260123_212352,9,0,0,0
run475,20260123_212352,10,1,0,1
run475,20260123_212352,11,2,0,2
run475,20260123_212352,12,0,0,0
run475,20260123_212352,13,0,0,0
run475,20260123_212352,14,3,0,3
run475,20260123_212352,15,2,0,2
run475,20260123_212352,16,3,0,3
run475,20260123_212352,17,0,0,0
run475,20260123_212352,18,0,0,0
run475,20260123_212352,19,0,0,0
run476,20260123_212444,0,1,1,2
run476,20260123_212444,1,1,1,2
run476,20260123_212444,2,1,1,2
run476,20260123_212444,3,1,1,2
run476,20260123_212444,4,3,1,4
run476,20260123_212444,5,4,0,4
run476,20260123_212444,6,0,0,0
run476,20260123_212444,7,1,0,1
run476,20260123_212444,8,0,0,0
run476,20260123_212444,9,0,0,0
run476,20260123_212444,10,3,0,3
run476,20260123_212444,11,4,0,4
run476,20260123_212444,12,168,0,168
run476,20260123_212444,13,2,0,2
run476,20260123_212444,14,1,0,1
run476,20260123_212444,15,2,0,2
run476,20260123_212444,16,1826,0,1826
run476,20260123_212444,17,1,1,2
run476,20260123_212444,18,0,0,0
run476,20260123_212444,19,0,0,0
run477,20260123_212532,0,0,0,0
run477,20260123_212532,1,2001,0,2001
run477,20260123_212532,2,1,0,1
run477,20260123_212532,3,1,0,1
run477,20260123_212532,4,1,0,1
run477,20260123_212532,5,3,0,3
run477,20260123_212532,6,1,0,1
run477,20260123_212532,7,1,0,1
run477,20260123_212532,8,0,0,0
run477,20260123_212532,9,0,0,0
run477,20260123_212532,10,0,0,0
run477,20260123_212532,11,0,0,0
run477,20260123_212532,12,2,0,2
run477,20260123_212532,13,0,0,0
run477,20260123_212532,14,0,0,0
run477,20260123_212532,15,0,0,0
run477,20260123_212532,16,3,0,3
run477,20260123_212532,17,0,0,0
run477,20260123_212532,18,0,0,0
run477,20260123_212532,19,0,0,0
run478,20260123_212624,0,2,0,2
run478,20260123_212624,1,2,0,2
run478,20260123_212624,2,4,0,4
run478,20260123_212624,3,3,0,3
run478,20260123_212624,4,1,0,1
run478,20260123_212624,5,0,0,0
run478,20260123_212624,6,1,0,1
run478,20260123_212624,7,0,0,0
run478,20260123_212624,8,0,0,0
run478,20260123_212624,9,0,0,0
run478,20260123_212624,10,1,0,1
run478,20260123_212624,11,14,0,14
run478,20260123_212624,12,1,0,1
run478,20260123_212624,13,0,0,0
run478,20260123_212624,14,1988,0,1988
run478,20260123_212624,15,1195,1,1196
run478,20260123_212624,16,2,0,2
run478,20260123_212624,17,1,0,1
run478,20260123_212624,18,0,0,0
run478,20260123_212624,19,0,0,0
run479,20260123_212711,0,1,0,1
run479,20260123_212711,1,1,0,1
run479,20260123_212711,2,1,0,1
run479,20260123_212711,3,0,0,0
run479,20260123_212711,4,0,0,0
run479,20260123_212711,5,2000,0,2000
run479,20260123_212711,6,1,0,1
run479,20260123_212711,7,1,0,1
run479,20260123_212711,8,0,0,0
run479,20260123_212711,9,0,0,0
run479,20260123_212711,10,2,0,2
run479,20260123_212711,11,0,0,0
run479,20260123_212711,12,1,0,1
run479,20260123_212711,13,1,0,1
run479,20260123_212711,14,0,0,0
run479,20260123_212711,15,0,0,0
run479,20260123_212711,16,1,0,1
run479,20260123_212711,17,1,0,1
run479,20260123_212711,18,0,0,0
run479,20260123_212711,19,0,0,0
run479,20260123_212712,0,1,0,1
run479,20260123_212712,1,1,0,1
run479,20260123_212712,2,1,0,1
run479,20260123_212712,3,0,0,0
run479,20260123_212712,4,0,0,0
run479,20260123_212712,5,2000,0,2000
run479,20260123_212712,6,1,0,1
run479,20260123_212712,7,1,0,1
run479,20260123_212712,8,0,0,0
run479,20260123_212712,9,0,0,0
run479,20260123_212712,10,2,0,2
run479,20260123_212712,11,0,0,0
run479,20260123_212712,12,1,0,1
run479,20260123_212712,13,1,0,1
run479,20260123_212712,14,0,0,0
run479,20260123_212712,15,0,0,0
run479,20260123_212712,16,1,0,1
run479,20260123_212712,17,1,0,1
run479,20260123_212712,18,0,0,0
run479,20260123_212712,19,0,0,0
run48,20260123_153408,0,2,0,2
run48,20260123_153408,1,1,0,1
run48,20260123_153408,2,1,0,1
run48,20260123_153408,3,1,0,1
run48,20260123_153408,4,2,0,2
run48,20260123_153408,5,3,0,3
run48,20260123_153408,6,3,0,3
run48,20260123_153408,7,2001,0,2001
run48,20260123_153408,8,0,0,0
run48,20260123_153408,9,0,0,0
run48,20260123_153408,10,1,0,1
run48,20260123_153408,11,0,0,0
run48,20260123_153408,12,2,0,2
run48,20260123_153408,13,0,0,0
run48,20260123_153408,14,1,0,1
run48,20260123_153408,15,0,0,0
run48,20260123_153408,16,2,0,2
run48,20260123_153408,17,0,0,0
run48,20260123_153408,18,0,0,0
run48,20260123_153408,19,0,0,0
run480,20260123_212804,0,4,1,5
run480,20260123_212804,1,4,1,5
run480,20260123_212804,2,3,1,4
run480,20260123_212804,3,2,1,3
run480,20260123_212804,4,0,0,0
run480,20260123_212804,5,0,0,0
run480,20260123_212804,6,0,0,0
run480,20260123_212804,7,1,0,1
run480,20260123_212804,8,0,0,0
run480,20260123_212804,9,0,0,0
run480,20260123_212804,10,0,0,0
run480,20260123_212804,11,1,0,1
run480,20260123_212804,12,3,0,3
run480,20260123_212804,13,2,0,2
run480,20260123_212804,14,1988,0,1988
run480,20260123_212804,15,4,0,4
run480,20260123_212804,16,2,1,3
run480,20260123_212804,17,0,1,1
run480,20260123_212804,18,0,0,0
run480,20260123_212804,19,0,0,0
run481,20260123_212856,0,1,0,1
run481,20260123_212856,1,0,0,0
run481,20260123_212856,2,1,0,1
run481,20260123_212856,3,0,0,0
run481,20260123_212856,4,0,0,0
run481,20260123_212856,5,1,0,1
run481,20260123_212856,6,0,0,0
run481,20260123_212856,7,1,0,1
run481,20260123_212856,8,0,0,0
run481,20260123_212856,9,0,0,0
run481,20260123_212856,10,1,0,1
run481,20260123_212856,11,0,0,0
run481,20260123_212856,12,2001,0,2001
run481,20260123_212856,13,1,0,1
run481,20260123_212856,14,0,0,0
run481,20260123_212856,15,3,0,3
run481,20260123_212856,16,1,0,1
run481,20260123_212856,17,0,0,0
run481,20260123_212856,18,0,0,0
run481,20260123_212856,19,0,0,0
run482,20260123_212944,0,1,37,38
run482,20260123_212944,1,0,37,37
run482,20260123_212944,2,0,37,37
run482,20260123_212944,3,1,37,38
run482,20260123_212944,4,1,36,37
run482,20260123_212944,5,0,0,0
run482,20260123_212944,6,0,0,0
run482,20260123_212944,7,0,0,0
run482,20260123_212944,8,0,0,0
run482,20260123_212944,9,0,0,0
run482,20260123_212944,10,1,0,1
run482,20260123_212944,11,1,0,1
run482,20260123_212944,12,0,0,0
run482,20260123_212944,13,2,0,2
run482,20260123_212944,14,0,0,0
run482,20260123_212944,15,0,0,0
run482,20260123_212944,16,0,31,31
run482,20260123_212944,17,0,15,15
run482,20260123_212944,18,0,0,0
run482,20260123_212944,19,0,0,0
run482,20260123_212943,0,1,37,38
run482,20260123_212943,1,0,37,37
run482,20260123_212943,2,0,37,37
run482,20260123_212943,3,1,37,38
run482,20260123_212943,4,1,36,37
run482,20260123_212943,5,0,0,0
run482,20260123_212943,6,0,0,0
run482,20260123_212943,7,0,0,0
run482,20260123_212943,8,0,0,0
run482,20260123_212943,9,0,0,0
run482,20260123_212943,10,1,0,1
run482,20260123_212943,11,1,0,1
run482,20260123_212943,12,0,0,0
run482,20260123_212943,13,2,0,2
run482,20260123_212943,14,0,0,0
run482,20260123_212943,15,0,0,0
run482,20260123_212943,16,0,31,31
run482,20260123_212943,17,0,15,15
run482,20260123_212943,18,0,0,0
run482,20260123_212943,19,0,0,0
run483,20260123_213031,0,0,430,430
run483,20260123_213031,1,3,430,433
run483,20260123_213031,2,4,427,431
run483,20260123_213031,3,0,420,420
run483,20260123_213031,4,3,412,415
run483,20260123_213031,5,6,0,6
run483,20260123_213031,6,8,0,8
run483,20260123_213031,7,5,0,5
run483,20260123_213031,8,0,0,0
run483,20260123_213031,9,0,0,0
run483,20260123_213031,10,877,0,877
run483,20260123_213031,11,2,0,2
run483,20260123_213031,12,1,0,1
run483,20260123_213031,13,2,0,2
run483,20260123_213031,14,1,0,1
run483,20260123_213031,15,2,0,2
run483,20260123_213031,16,0,299,299
run483,20260123_213031,17,0,221,221
run483,20260123_213031,18,0,0,0
run483,20260123_213031,19,0,0,0
run484,20260123_213119,0,0,0,0
run484,20260123_213119,1,0,0,0
run484,20260123_213119,2,2,0,2
run484,20260123_213119,3,3,0,3
run484,20260123_213119,4,2,0,2
run484,20260123_213119,5,2,0,2
run484,20260123_213119,6,1,0,1
run484,20260123_213119,7,1,0,1
run484,20260123_213119,8,0,0,0
run484,20260123_213119,9,0,0,0
run484,20260123_213119,10,2,0,2
run484,20260123_213119,11,0,0,0
run484,20260123_213119,12,0,0,0
run484,20260123_213119,13,1,0,1
run484,20260123_213119,14,2000,0,2000
run484,20260123_213119,15,1,3,4
run484,20260123_213119,16,3,0,3
run484,20260123_213119,17,1,0,1
run484,20260123_213119,18,0,0,0
run484,20260123_213119,19,0,0,0
run485,20260123_213210,0,3,0,3
run485,20260123_213210,1,2,0,2
run485,20260123_213210,2,0,0,0
run485,20260123_213210,3,0,0,0
run485,20260123_213210,4,1,0,1
run485,20260123_213210,5,0,0,0
run485,20260123_213210,6,1,0,1
run485,20260123_213210,7,0,0,0
run485,20260123_213210,8,0,0,0
run485,20260123_213210,9,0,0,0
run485,20260123_213210,10,0,0,0
run485,20260123_213210,11,0,0,0
run485,20260123_213210,12,2,0,2
run485,20260123_213210,13,1,0,1
run485,20260123_213210,14,1,0,1
run485,20260123_213210,15,1,0,1
run485,20260123_213210,16,2,0,2
run485,20260123_213210,17,0,0,0
run485,20260123_213210,18,0,0,0
run485,20260123_213210,19,0,0,0
run485,20260123_213209,0,3,0,3
run485,20260123_213209,1,2,0,2
run485,20260123_213209,2,0,0,0
run485,20260123_213209,3,0,0,0
run485,20260123_213209,4,1,0,1
run485,20260123_213209,5,0,0,0
run485,20260123_213209,6,1,0,1
run485,20260123_213209,7,0,0,0
run485,20260123_213209,8,0,0,0
run485,20260123_213209,9,0,0,0
run485,20260123_213209,10,0,0,0
run485,20260123_213209,11,0,0,0
run485,20260123_213209,12,2,0,2
run485,20260123_213209,13,1,0,1
run485,20260123_213209,14,1,0,1
run485,20260123_213209,15,1,0,1
run485,20260123_213209,16,2,0,2
run485,20260123_213209,17,0,0,0
run485,20260123_213209,18,0,0,0
run485,20260123_213209,19,0,0,0
run486,20260123_213301,0,1,0,1
run486,20260123_213301,1,4,0,4
run486,20260123_213301,2,2,0,2
run486,20260123_213301,3,1,0,1
run486,20260123_213301,4,4,0,4
run486,20260123_213301,5,2,0,2
run486,20260123_213301,6,1,0,1
run486,20260123_213301,7,1,0,1
run486,20260123_213301,8,0,0,0
run486,20260123_213301,9,0,0,0
run486,20260123_213301,10,4,0,4
run486,20260123_213301,11,3,0,3
run486,20260123_213301,12,5,0,5
run486,20260123_213301,13,1,0,1
run486,20260123_213301,14,2,0,2
run486,20260123_213301,15,0,0,0
run486,20260123_213301,16,2,0,2
run486,20260123_213301,17,488,0,488
run486,20260123_213301,18,0,0,0
run486,20260123_213301,19,0,0,0
run487,20260123_213353,0,9,238,247
run487,20260123_213353,1,6,237,243
run487,20260123_213353,2,2,237,239
run487,20260123_213353,3,0,235,235
run487,20260123_213353,4,0,232,232
run487,20260123_213353,5,4,0,4
run487,20260123_213353,6,1,0,1
run487,20260123_213353,7,0,0,0
run487,20260123_213353,8,0,0,0
run487,20260123_213353,9,0,0,0
run487,20260123_213353,10,1432,0,1432
run487,20260123_213353,11,0,0,0
run487,20260123_213353,12,0,0,0
run487,20260123_213353,13,3,0,3
run487,20260123_213353,14,1,0,1
run487,20260123_213353,15,2,0,2
run487,20260123_213353,16,4,174,178
run487,20260123_213353,17,16,98,114
run487,20260123_213353,18,0,0,0
run487,20260123_213353,19,0,0,0
run488,20260123_213445,0,3,0,3
run488,20260123_213445,1,2,0,2
run488,20260123_213445,2,0,0,0
run488,20260123_213445,3,0,0,0
run488,20260123_213445,4,1,0,1
run488,20260123_213445,5,0,0,0
run488,20260123_213445,6,0,0,0
run488,20260123_213445,7,2,1,3
run488,20260123_213445,8,0,0,0
run488,20260123_213445,9,0,0,0
run488,20260123_213445,10,1,1,2
run488,20260123_213445,11,1,1,2
run488,20260123_213445,12,0,1,1
run488,20260123_213445,13,1,1,2
run488,20260123_213445,14,0,1,1
run488,20260123_213445,15,1,0,1
run488,20260123_213445,16,2,0,2
run488,20260123_213445,17,0,0,0
run488,20260123_213445,18,0,0,0
run488,20260123_213445,19,0,0,0
run489,20260123_213533,0,1809,39,1848
run489,20260123_213533,1,1,50,51
run489,20260123_213533,2,0,49,49
run489,20260123_213533,3,2,48,50
run489,20260123_213533,4,0,48,48
run489,20260123_213533,5,148,18,166
run489,20260123_213533,6,0,42,42
run489,20260123_213533,7,0,28,28
run489,20260123_213533,8,0,0,0
run489,20260123_213533,9,0,0,0
run489,20260123_213533,10,11,47,58
run489,20260123_213533,11,1,48,49
run489,20260123_213533,12,2,46,48
run489,20260123_213533,13,0,46,46
run489,20260123_213533,14,1,46,47
run489,20260123_213533,15,20,11,31
run489,20260123_213533,16,9,30,39
run489,20260123_213533,17,1,19,20
run489,20260123_213533,18,0,0,0
run489,20260123_213533,19,0,0,0
run49,20260123_153456,0,0,0,0
run49,20260123_153456,1,1,0,1
run49,20260123_153456,2,2,0,2
run49,20260123_153456,3,0,0,0
run49,20260123_153456,4,0,0,0
run49,20260123_153456,5,2000,0,2000
run49,20260123_153456,6,0,0,0
run49,20260123_153456,7,0,0,0
run49,20260123_153456,8,0,0,0
run49,20260123_153456,9,0,0,0
run49,20260123_153456,10,4,0,4
run49,20260123_153456,11,1,0,1
run49,20260123_153456,12,1,0,1
run49,20260123_153456,13,2,0,2
run49,20260123_153456,14,1,0,1
run49,20260123_153456,15,1,0,1
run49,20260123_153456,16,1,0,1
run49,20260123_153456,17,0,0,0
run49,20260123_153456,18,0,0,0
run49,20260123_153456,19,0,0,0
run490,20260123_213621,0,2,0,2
run490,20260123_213621,1,3,0,3
run490,20260123_213621,2,1,0,1
run490,20260123_213621,3,2001,0,2001
run490,20260123_213621,4,2,0,2
run490,20260123_213621,5,2,0,2
run490,20260123_213621,6,1,0,1
run490,20260123_213621,7,1,0,1
run490,20260123_213621,8,0,0,0
run490,20260123_213621,9,0,0,0
run490,20260123_213621,10,1,0,1
run490,20260123_213621,11,1,0,1
run490,20260123_213621,12,1,0,1
run490,20260123_213621,13,0,0,0
run490,20260123_213621,14,2,0,2
run490,20260123_213621,15,1,0,1
run490,20260123_213621,16,1,0,1
run490,20260123_213621,17,0,0,0
run490,20260123_213621,18,0,0,0
run490,20260123_213621,19,0,0,0
run491,20260123_213709,0,1,0,1
run491,20260123_213709,1,1,0,1
run491,20260123_213709,2,0,0,0
run491,20260123_213709,3,1,0,1
run491,20260123_213709,4,1,0,1
run491,20260123_213709,5,2,0,2
run491,20260123_213709,6,1,1702,1703
run491,20260123_213709,7,1,1997,1998
run491,20260123_213709,8,0,0,0
run491,20260123_213709,9,0,0,0
run491,20260123_213709,10,0,1997,1997
run491,20260123_213709,11,0,1997,1997
run491,20260123_213709,12,0,1997,1997
run491,20260123_213709,13,0,1997,1997
run491,20260123_213709,14,1,1997,1998
run491,20260123_213709,15,1,0,1
run491,20260123_213709,16,1,0,1
run491,20260123_213709,17,0,0,0
run491,20260123_213709,18,0,0,0
run491,20260123_213709,19,0,0,0
run492,20260123_213759,0,1,0,1
run492,20260123_213759,1,1,0,1
run492,20260123_213759,2,0,0,0
run492,20260123_213759,3,0,0,0
run492,20260123_213759,4,3,0,3
run492,20260123_213759,5,1,0,1
run492,20260123_213759,6,1,0,1
run492,20260123_213759,7,1,0,1
run492,20260123_213759,8,0,0,0
run492,20260123_213759,9,0,0,0
run492,20260123_213759,10,1,0,1
run492,20260123_213759,11,2002,0,2002
run492,20260123_213759,12,1,0,1
run492,20260123_213759,13,3,0,3
run492,20260123_213759,14,1,0,1
run492,20260123_213759,15,1,0,1
run492,20260123_213759,16,3,0,3
run492,20260123_213759,17,0,0,0
run492,20260123_213759,18,0,0,0
run492,20260123_213759,19,0,0,0
run493,20260123_213847,0,1,0,1
run493,20260123_213847,1,2,0,2
run493,20260123_213847,2,2,0,2
run493,20260123_213847,3,2,0,2
run493,20260123_213847,4,0,0,0
run493,20260123_213847,5,1,0,1
run493,20260123_213847,6,1,0,1
run493,20260123_213847,7,0,0,0
run493,20260123_213847,8,0,0,0
run493,20260123_213847,9,0,0,0
run493,20260123_213847,10,2000,0,2000
run493,20260123_213847,11,1,0,1
run493,20260123_213847,12,1,0,1
run493,20260123_213847,13,1,0,1
run493,20260123_213847,14,0,0,0
run493,20260123_213847,15,2,0,2
run493,20260123_213847,16,0,0,0
run493,20260123_213847,17,0,0,0
run493,20260123_213847,18,0,0,0
run493,20260123_213847,19,0,0,0
run494,20260123_213939,0,1664,32,1696
run494,20260123_213939,1,4,38,42
run494,20260123_213939,2,3,38,41
run494,20260123_213939,3,1,37,38
run494,20260123_213939,4,1,37,38
run494,20260123_213939,5,15,12,27
run494,20260123_213939,6,1,35,36
run494,20260123_213939,7,0,20,20
run494,20260123_213939,8,0,0,0
run494,20260123_213939,9,0,0,0
run494,20260123_213939,10,16,37,53
run494,20260123_213939,11,0,37,37
run494,20260123_213939,12,1,37,38
run494,20260123_213939,13,0,38,38
run494,20260123_213939,14,0,38,38
run494,20260123_213939,15,17,11,28
run494,20260123_213939,16,2,30,32
run494,20260123_213939,17,0,11,11
run494,20260123_213939,18,0,0,0
run494,20260123_213939,19,0,0,0
run495,20260123_214027,0,0,0,0
run495,20260123_214027,1,0,0,0
run495,20260123_214027,2,2,0,2
run495,20260123_214027,3,1,0,1
run495,20260123_214027,4,0,0,0
run495,20260123_214027,5,2,0,2
run495,20260123_214027,6,0,0,0
run495,20260123_214027,7,1,0,1
run495,20260123_214027,8,0,0,0
run495,20260123_214027,9,0,0,0
run495,20260123_214027,10,1,0,1
run495,20260123_214027,11,2,0,2
run495,20260123_214027,12,3,0,3
run495,20260123_214027,13,0,0,0
run495,20260123_214027,14,2,0,2
run495,20260123_214027,15,2000,0,2000
run495,20260123_214027,16,2,0,2
run495,20260123_214027,17,0,0,0
run495,20260123_214027,18,0,0,0
run495,20260123_214027,19,0,0,0
run496,20260123_214115,0,20,0,20
run496,20260123_214115,1,2,0,2
run496,20260123_214115,2,33,0,33
run496,20260123_214115,3,0,0,0
run496,20260123_214115,4,2,0,2
run496,20260123_214115,5,2,0,2
run496,20260123_214115,6,1,0,1
run496,20260123_214115,7,1999,0,1999
run496,20260123_214115,8,0,0,0
run496,20260123_214115,9,0,0,0
run496,20260123_214115,10,0,0,0
run496,20260123_214115,11,0,0,0
run496,20260123_214115,12,2,0,2
run496,20260123_214115,13,1,0,1
run496,20260123_214115,14,1,0,1
run496,20260123_214115,15,1,0,1
run496,20260123_214115,16,4,0,4
run496,20260123_214115,17,1,0,1
run496,20260123_214115,18,0,0,0
run496,20260123_214115,19,0,0,0
run497,20260123_214203,0,1,0,1
run497,20260123_214203,1,3,0,3
run497,20260123_214203,2,1,0,1
run497,20260123_214203,3,0,0,0
run497,20260123_214203,4,1,0,1
run497,20260123_214203,5,2,0,2
run497,20260123_214203,6,0,0,0
run497,20260123_214203,7,0,0,0
run497,20260123_214203,8,0,0,0
run497,20260123_214203,9,0,0,0
run497,20260123_214203,10,0,0,0
run497,20260123_214203,11,0,0,0
run497,20260123_214203,12,0,0,0
run497,20260123_214203,13,0,0,0
run497,20260123_214203,14,0,0,0
run497,20260123_214203,15,5,0,5
run497,20260123_214203,16,1,0,1
run497,20260123_214203,17,0,0,0
run497,20260123_214203,18,0,0,0
run497,20260123_214203,19,0,0,0
run498,20260123_214251,0,1,0,1
run498,20260123_214251,1,2000,0,2000
run498,20260123_214251,2,1,0,1
run498,20260123_214251,3,0,0,0
run498,20260123_214251,4,1,0,1
run498,20260123_214251,5,1,0,1
run498,20260123_214251,6,3,0,3
run498,20260123_214251,7,1,0,1
run498,20260123_214251,8,0,0,0
run498,20260123_214251,9,0,0,0
run498,20260123_214251,10,0,0,0
run498,20260123_214251,11,0,0,0
run498,20260123_214251,12,1,0,1
run498,20260123_214251,13,0,0,0
run498,20260123_214251,14,0,0,0
run498,20260123_214251,15,0,0,0
run498,20260123_214251,16,2,0,2
run498,20260123_214251,17,0,0,0
run498,20260123_214251,18,0,0,0
run498,20260123_214251,19,0,0,0
run499,20260123_214343,0,1,0,1
run499,20260123_214343,1,1,0,1
run499,20260123_214343,2,2,0,2
run499,20260123_214343,3,1999,0,1999
run499,20260123_214343,4,0,0,0
run499,20260123_214343,5,1,0,1
run499,20260123_214343,6,0,0,0
run499,20260123_214343,7,1,0,1
run499,20260123_214343,8,0,0,0
run499,20260123_214343,9,0,0,0
run499,20260123_214343,10,1,0,1
run499,20260123_214343,11,1,0,1
run499,20260123_214343,12,3,0,3
run499,20260123_214343,13,0,0,0
run499,20260123_214343,14,1,0,1
run499,20260123_214343,15,1,0,1
run499,20260123_214343,16,2,0,2
run499,20260123_214343,17,0,0,0
run499,20260123_214343,18,0,0,0
run499,20260123_214343,19,0,0,0
run5,20260123_145829,0,0,0,0
run5,20260123_145829,1,2,0,2
run5,20260123_145829,2,0,0,0
run5,20260123_145829,3,1,0,1
run5,20260123_145829,4,0,0,0
run5,20260123_145829,5,2,0,2
run5,20260123_145829,6,1,0,1
run5,20260123_145829,7,0,0,0
run5,20260123_145829,8,0,0,0
run5,20260123_145829,9,0,0,0
run5,20260123_145829,10,1,0,1
run5,20260123_145829,11,2000,0,2000
run5,20260123_145829,12,0,0,0
run5,20260123_145829,13,2,0,2
run5,20260123_145829,14,1,0,1
run5,20260123_145829,15,1,0,1
run5,20260123_145829,16,0,0,0
run5,20260123_145829,17,0,0,0
run5,20260123_145829,18,0,0,0
run5,20260123_145829,19,0,0,0
run50,20260123_153544,0,0,0,0
run50,20260123_153544,1,2,0,2
run50,20260123_153544,2,2,0,2
run50,20260123_153544,3,2,0,2
run50,20260123_153544,4,1,0,1
run50,20260123_153544,5,1,0,1
run50,20260123_153544,6,3,0,3
run50,20260123_153544,7,0,0,0
run50,20260123_153544,8,0,0,0
run50,20260123_153544,9,0,0,0
run50,20260123_153544,10,1,0,1
run50,20260123_153544,11,2000,0,2000
run50,20260123_153544,12,1,0,1
run50,20260123_153544,13,0,0,0
run50,20260123_153544,14,1,0,1
run50,20260123_153544,15,0,0,0
run50,20260123_153544,16,0,0,0
run50,20260123_153544,17,0,0,0
run50,20260123_153544,18,0,0,0
run50,20260123_153544,19,0,0,0
run500,20260123_214435,0,0,0,0
run500,20260123_214435,1,2,0,2
run500,20260123_214435,2,1,0,1
run500,20260123_214435,3,0,0,0
run500,20260123_214435,4,2,0,2
run500,20260123_214435,5,0,0,0
run500,20260123_214435,6,0,0,0
run500,20260123_214435,7,0,0,0
run500,20260123_214435,8,0,0,0
run500,20260123_214435,9,0,0,0
run500,20260123_214435,10,0,0,0
run500,20260123_214435,11,3,0,3
run500,20260123_214435,12,2,0,2
run500,20260123_214435,13,2000,0,2000
run500,20260123_214435,14,2,0,2
run500,20260123_214435,15,2,0,2
run500,20260123_214435,16,1,0,1
run500,20260123_214435,17,1,0,1
run500,20260123_214435,18,0,0,0
run500,20260123_214435,19,0,0,0
run501,20260123_214525,0,0,0,0
run501,20260123_214525,1,414,0,414
run501,20260123_214525,2,2,0,2
run501,20260123_214525,3,0,0,0
run501,20260123_214525,4,0,0,0
run501,20260123_214525,5,1,0,1
run501,20260123_214525,6,2,0,2
run501,20260123_214525,7,0,0,0
run501,20260123_214525,8,0,0,0
run501,20260123_214525,9,0,0,0
run501,20260123_214525,10,2,0,2
run501,20260123_214525,11,1,0,1
run501,20260123_214525,12,0,0,0
run501,20260123_214525,13,2,0,2
run501,20260123_214525,14,0,0,0
run501,20260123_214525,15,2,0,2
run501,20260123_214525,16,1,0,1
run501,20260123_214525,17,1,0,1
run501,20260123_214525,18,0,0,0
run501,20260123_214525,19,0,0,0
run502,20260123_214613,0,2,0,2
run502,20260123_214613,1,2,0,2
run502,20260123_214613,2,2,0,2
run502,20260123_214613,3,1,0,1
run502,20260123_214613,4,0,0,0
run502,20260123_214613,5,0,0,0
run502,20260123_214613,6,2,0,2
run502,20260123_214613,7,0,0,0
run502,20260123_214613,8,0,0,0
run502,20260123_214613,9,0,0,0
run502,20260123_214613,10,0,0,0
run502,20260123_214613,11,0,0,0
run502,20260123_214613,12,1,0,1
run502,20260123_214613,13,0,0,0
run502,20260123_214613,14,0,0,0
run502,20260123_214613,15,2,0,2
run502,20260123_214613,16,3,0,3
run502,20260123_214613,17,0,0,0
run502,20260123_214613,18,0,0,0
run502,20260123_214613,19,0,0,0
run503,20260123_214701,0,0,0,0
run503,20260123_214701,1,0,0,0
run503,20260123_214701,2,2,0,2
run503,20260123_214701,3,1,0,1
run503,20260123_214701,4,2,0,2
run503,20260123_214701,5,0,0,0
run503,20260123_214701,6,2,0,2
run503,20260123_214701,7,0,0,0
run503,20260123_214701,8,0,0,0
run503,20260123_214701,9,0,0,0
run503,20260123_214701,10,2,0,2
run503,20260123_214701,11,1,0,1
run503,20260123_214701,12,1,0,1
run503,20260123_214701,13,0,0,0
run503,20260123_214701,14,1,0,1
run503,20260123_214701,15,2,0,2
run503,20260123_214701,16,3,0,3
run503,20260123_214701,17,426,0,426
run503,20260123_214701,18,0,0,0
run503,20260123_214701,19,0,0,0
run504,20260123_214753,0,2,0,2
run504,20260123_214753,1,0,0,0
run504,20260123_214753,2,2,0,2
run504,20260123_214753,3,0,0,0
run504,20260123_214753,4,0,0,0
run504,20260123_214753,5,3,0,3
run504,20260123_214753,6,0,33,33
run504,20260123_214753,7,0,21,21
run504,20260123_214753,8,0,0,0
run504,20260123_214753,9,0,0,0
run504,20260123_214753,10,0,44,44
run504,20260123_214753,11,2,44,46
run504,20260123_214753,12,0,44,44
run504,20260123_214753,13,0,44,44
run504,20260123_214753,14,3,44,47
run504,20260123_214753,15,3,0,3
run504,20260123_214753,16,0,0,0
run504,20260123_214753,17,0,0,0
run504,20260123_214753,18,0,0,0
run504,20260123_214753,19,0,0,0
run505,20260123_214841,0,1,0,1
run505,20260123_214841,1,1,0,1
run505,20260123_214841,2,1,0,1
run505,20260123_214841,3,2,0,2
run505,20260123_214841,4,2,0,2
run505,20260123_214841,5,126,0,126
run505,20260123_214841,6,1590,0,1590
run505,20260123_214841,7,1,0,1
run505,20260123_214841,8,0,0,0
run505,20260123_214841,9,0,0,0
run505,20260123_214841,10,3,0,3
run505,20260123_214841,11,2,0,2
run505,20260123_214841,12,1,0,1
run505,20260123_214841,13,0,0,0
run505,20260123_214841,14,0,0,0
run505,20260123_214841,15,2,0,2
run505,20260123_214841,16,3,0,3
run505,20260123_214841,17,0,0,0
run505,20260123_214841,18,0,0,0
run505,20260123_214841,19,0,0,0
run506,20260123_214929,0,7,0,7
run506,20260123_214929,1,6,0,6
run506,20260123_214929,2,3,0,3
run506,20260123_214929,3,1,0,1
run506,20260123_214929,4,2,0,2
run506,20260123_214929,5,510,0,510
run506,20260123_214929,6,0,0,0
run506,20260123_214929,7,1493,0,1493
run506,20260123_214929,8,0,0,0
run506,20260123_214929,9,0,0,0
run506,20260123_214929,10,3,0,3
run506,20260123_214929,11,1,0,1
run506,20260123_214929,12,0,0,0
run506,20260123_214929,13,1,0,1
run506,20260123_214929,14,2,0,2
run506,20260123_214929,15,1,0,1
run506,20260123_214929,16,2,0,2
run506,20260123_214929,17,0,0,0
run506,20260123_214929,18,0,0,0
run506,20260123_214929,19,0,0,0
run507,20260123_215021,0,9,0,9
run507,20260123_215021,1,3,0,3
run507,20260123_215021,2,5,0,5
run507,20260123_215021,3,1,0,1
run507,20260123_215021,4,2,0,2
run507,20260123_215021,5,3,0,3
run507,20260123_215021,6,0,0,0
run507,20260123_215021,7,2000,0,2000
run507,20260123_215021,8,0,0,0
run507,20260123_215021,9,0,0,0
run507,20260123_215021,10,1,0,1
run507,20260123_215021,11,0,0,0
run507,20260123_215021,12,1,0,1
run507,20260123_215021,13,0,0,0
run507,20260123_215021,14,0,0,0
run507,20260123_215021,15,0,0,0
run507,20260123_215021,16,3,0,3
run507,20260123_215021,17,0,0,0
run507,20260123_215021,18,0,0,0
run507,20260123_215021,19,0,0,0
run507,20260123_215022,0,9,0,9
run507,20260123_215022,1,3,0,3
run507,20260123_215022,2,5,0,5
run507,20260123_215022,3,1,0,1
run507,20260123_215022,4,2,0,2
run507,20260123_215022,5,3,0,3
run507,20260123_215022,6,0,0,0
run507,20260123_215022,7,2000,0,2000
run507,20260123_215022,8,0,0,0
run507,20260123_215022,9,0,0,0
run507,20260123_215022,10,1,0,1
run507,20260123_215022,11,0,0,0
run507,20260123_215022,12,1,0,1
run507,20260123_215022,13,0,0,0
run507,20260123_215022,14,0,0,0
run507,20260123_215022,15,0,0,0
run507,20260123_215022,16,3,0,3
run507,20260123_215022,17,0,0,0
run507,20260123_215022,18,0,0,0
run507,20260123_215022,19,0,0,0
run508,20260123_215110,0,1,1,2
run508,20260123_215110,1,0,3,3
run508,20260123_215110,2,2,2,4
run508,20260123_215110,3,0,2,2
run508,20260123_215110,4,2,2,4
run508,20260123_215110,5,4,1,5
run508,20260123_215110,6,2,0,2
run508,20260123_215110,7,2,0,2
run508,20260123_215110,8,0,0,0
run508,20260123_215110,9,0,0,0
run508,20260123_215110,10,0,0,0
run508,20260123_215110,11,0,1,1
run508,20260123_215110,12,81,0,81
run508,20260123_215110,13,2,1,3
run508,20260123_215110,14,2,1,3
run508,20260123_215110,15,0,1,1
run508,20260123_215110,16,4,1,5
run508,20260123_215110,17,0,0,0
run508,20260123_215110,18,0,0,0
run508,20260123_215110,19,0,0,0
run508,20260123_215109,0,1,1,2
run508,20260123_215109,1,0,3,3
run508,20260123_215109,2,2,2,4
run508,20260123_215109,3,0,2,2
run508,20260123_215109,4,2,2,4
run508,20260123_215109,5,4,1,5
run508,20260123_215109,6,2,0,2
run508,20260123_215109,7,2,0,2
run508,20260123_215109,8,0,0,0
run508,20260123_215109,9,0,0,0
run508,20260123_215109,10,0,0,0
run508,20260123_215109,11,0,1,1
run508,20260123_215109,12,81,0,81
run508,20260123_215109,13,2,1,3
run508,20260123_215109,14,2,1,3
run508,20260123_215109,15,0,1,1
run508,20260123_215109,16,4,1,5
run508,20260123_215109,17,0,0,0
run508,20260123_215109,18,0,0,0
run508,20260123_215109,19,0,0,0
run509,20260123_215202,0,3,4,7
run509,20260123_215202,1,1,4,5
run509,20260123_215202,2,1,4,5
run509,20260123_215202,3,1,4,5
run509,20260123_215202,4,0,4,4
run509,20260123_215202,5,1,2,3
run509,20260123_215202,6,1663,4,1667
run509,20260123_215202,7,0,4,4
run509,20260123_215202,8,0,0,0
run509,20260123_215202,9,0,0,0
run509,20260123_215202,10,1,4,5
run509,20260123_215202,11,0,4,4
run509,20260123_215202,12,0,4,4
run509,20260123_215202,13,2,4,6
run509,20260123_215202,14,0,4,4
run509,20260123_215202,15,1,3,4
run509,20260123_215202,16,3,3,6
run509,20260123_215202,17,0,1,1
run509,20260123_215202,18,0,0,0
run509,20260123_215202,19,0,0,0
run509,20260123_215201,0,3,4,7
run509,20260123_215201,1,1,4,5
run509,20260123_215201,2,1,4,5
run509,20260123_215201,3,1,4,5
run509,20260123_215201,4,0,4,4
run509,20260123_215201,5,1,2,3
run509,20260123_215201,6,1663,4,1667
run509,20260123_215201,7,0,4,4
run509,20260123_215201,8,0,0,0
run509,20260123_215201,9,0,0,0
run509,20260123_215201,10,1,4,5
run509,20260123_215201,11,0,4,4
run509,20260123_215201,12,0,4,4
run509,20260123_215201,13,2,4,6
run509,20260123_215201,14,0,4,4
run509,20260123_215201,15,1,3,4
run509,20260123_215201,16,3,3,6
run509,20260123_215201,17,0,1,1
run509,20260123_215201,18,0,0,0
run509,20260123_215201,19,0,0,0
run51,20260123_153633,0,0,0,0
run51,20260123_153633,1,2,0,2
run51,20260123_153633,2,2,0,2
run51,20260123_153633,3,0,0,0
run51,20260123_153633,4,0,0,0
run51,20260123_153633,5,2,0,2
run51,20260123_153633,6,2,0,2
run51,20260123_153633,7,1,0,1
run51,20260123_153633,8,0,0,0
run51,20260123_153633,9,0,0,0
run51,20260123_153633,10,0,0,0
run51,20260123_153633,11,1,0,1
run51,20260123_153633,12,1,0,1
run51,20260123_153633,13,1,0,1
run51,20260123_153633,14,0,0,0
run51,20260123_153633,15,1,0,1
run51,20260123_153633,16,3,0,3
run51,20260123_153633,17,0,0,0
run51,20260123_153633,18,0,0,0
run51,20260123_153633,19,0,0,0
run51,20260123_153632,0,0,0,0
run51,20260123_153632,1,2,0,2
run51,20260123_153632,2,2,0,2
run51,20260123_153632,3,0,0,0
run51,20260123_153632,4,0,0,0
run51,20260123_153632,5,2,0,2
run51,20260123_153632,6,2,0,2
run51,20260123_153632,7,1,0,1
run51,20260123_153632,8,0,0,0
run51,20260123_153632,9,0,0,0
run51,20260123_153632,10,0,0,0
run51,20260123_153632,11,1,0,1
run51,20260123_153632,12,1,0,1
run51,20260123_153632,13,1,0,1
run51,20260123_153632,14,0,0,0
run51,20260123_153632,15,1,0,1
run51,20260123_153632,16,3,0,3
run51,20260123_153632,17,0,0,0
run51,20260123_153632,18,0,0,0
run51,20260123_153632,19,0,0,0
run510,20260123_215249,0,2,1,3
run510,20260123_215249,1,0,1,1
run510,20260123_215249,2,1,1,2
run510,20260123_215249,3,1992,0,1992
run510,20260123_215249,4,1,0,1
run510,20260123_215249,5,0,0,0
run510,20260123_215249,6,1,0,1
run510,20260123_215249,7,1,0,1
run510,20260123_215249,8,0,0,0
run510,20260123_215249,9,0,0,0
run510,20260123_215249,10,0,0,0
run510,20260123_215249,11,1,0,1
run510,20260123_215249,12,1,0,1
run510,20260123_215249,13,0,0,0
run510,20260123_215249,14,1,0,1
run510,20260123_215249,15,4,0,4
run510,20260123_215249,16,0,1,1
run510,20260123_215249,17,0,1,1
run510,20260123_215249,18,0,0,0
run510,20260123_215249,19,0,0,0
run511,20260123_215337,0,0,0,0
run511,20260123_215337,1,2,0,2
run511,20260123_215337,2,2,0,2
run511,20260123_215337,3,1,0,1
run511,20260123_215337,4,0,0,0
run511,20260123_215337,5,0,0,0
run511,20260123_215337,6,0,0,0
run511,20260123_215337,7,0,0,0
run511,20260123_215337,8,0,0,0
run511,20260123_215337,9,0,0,0
run511,20260123_215337,10,1,0,1
run511,20260123_215337,11,0,0,0
run511,20260123_215337,12,0,0,0
run511,20260123_215337,13,82,0,82
run511,20260123_215337,14,0,0,0
run511,20260123_215337,15,0,0,0
run511,20260123_215337,16,4,0,4
run511,20260123_215337,17,0,0,0
run511,20260123_215337,18,0,0,0
run511,20260123_215337,19,0,0,0
run512,20260123_215429,0,4,1,5
run512,20260123_215429,1,0,1,1
run512,20260123_215429,2,3,1,4
run512,20260123_215429,3,4,1,5
run512,20260123_215429,4,1,1,2
run512,20260123_215429,5,1,0,1
run512,20260123_215429,6,1,0,1
run512,20260123_215429,7,0,0,0
run512,20260123_215429,8,0,0,0
run512,20260123_215429,9,0,0,0
run512,20260123_215429,10,3,0,3
run512,20260123_215429,11,0,0,0
run512,20260123_215429,12,2,0,2
run512,20260123_215429,13,0,0,0
run512,20260123_215429,14,0,0,0
run512,20260123_215429,15,2,0,2
run512,20260123_215429,16,2,0,2
run512,20260123_215429,17,0,1,1
run512,20260123_215429,18,0,0,0
run512,20260123_215429,19,0,0,0
run513,20260123_215517,0,1942,26,1968
run513,20260123_215517,1,0,33,33
run513,20260123_215517,2,1,31,32
run513,20260123_215517,3,1,31,32
run513,20260123_215517,4,1,31,32
run513,20260123_215517,5,10,13,23
run513,20260123_215517,6,1,31,32
run513,20260123_215517,7,0,21,21
run513,20260123_215517,8,0,0,0
run513,20260123_215517,9,0,0,0
run513,20260123_215517,10,15,32,47
run513,20260123_215517,11,4,32,36
run513,20260123_215517,12,2,31,33
run513,20260123_215517,13,1,31,32
run513,20260123_215517,14,1,32,33
run513,20260123_215517,15,13,12,25
run513,20260123_215517,16,3,24,27
run513,20260123_215517,17,1,7,8
run513,20260123_215517,18,0,2,2
run513,20260123_215517,19,0,0,0
run514,20260123_215609,0,3,17,20
run514,20260123_215609,1,1,18,19
run514,20260123_215609,2,1,17,18
run514,20260123_215609,3,0,17,17
run514,20260123_215609,4,3,17,20
run514,20260123_215609,5,7,4,11
run514,20260123_215609,6,1,14,15
run514,20260123_215609,7,3,8,11
run514,20260123_215609,8,0,1,1
run514,20260123_215609,9,0,0,0
run514,20260123_215609,10,0,15,15
run514,20260123_215609,11,0,15,15
run514,20260123_215609,12,0,15,15
run514,20260123_215609,13,0,16,16
run514,20260123_215609,14,1,16,17
run514,20260123_215609,15,4,4,8
run514,20260123_215609,16,0,15,15
run514,20260123_215609,17,0,6,6
run514,20260123_215609,18,0,1,1
run514,20260123_215609,19,0,1,1
run515,20260123_215657,0,0,0,0
run515,20260123_215657,1,3,0,3
run515,20260123_215657,2,2,0,2
run515,20260123_215657,3,2,0,2
run515,20260123_215657,4,0,0,0
run515,20260123_215657,5,184,0,184
run515,20260123_215657,6,2,0,2
run515,20260123_215657,7,2,0,2
run515,20260123_215657,8,0,0,0
run515,20260123_215657,9,0,0,0
run515,20260123_215657,10,1,0,1
run515,20260123_215657,11,0,0,0
run515,20260123_215657,12,1,0,1
run515,20260123_215657,13,2,0,2
run515,20260123_215657,14,1,0,1
run515,20260123_215657,15,1,0,1
run515,20260123_215657,16,2,0,2
run515,20260123_215657,17,0,0,0
run515,20260123_215657,18,0,0,0
run515,20260123_215657,19,0,0,0
run516,20260123_215745,0,1,0,1
run516,20260123_215745,1,2,0,2
run516,20260123_215745,2,1,0,1
run516,20260123_215745,3,2,0,2
run516,20260123_215745,4,1,0,1
run516,20260123_215745,5,1,0,1
run516,20260123_215745,6,2,0,2
run516,20260123_215745,7,1,0,1
run516,20260123_215745,8,0,0,0
run516,20260123_215745,9,0,0,0
run516,20260123_215745,10,1,0,1
run516,20260123_215745,11,4,0,4
run516,20260123_215745,12,1,0,1
run516,20260123_215745,13,2000,0,2000
run516,20260123_215745,14,3,0,3
run516,20260123_215745,15,0,0,0
run516,20260123_215745,16,1,0,1
run516,20260123_215745,17,2,0,2
run516,20260123_215745,18,0,0,0
run516,20260123_215745,19,0,0,0
run517,20260123_215837,0,28,527,555
run517,20260123_215837,1,31,523,554
run517,20260123_215837,2,0,521,521
run517,20260123_215837,3,0,513,513
run517,20260123_215837,4,1,504,505
run517,20260123_215837,5,1,0,1
run517,20260123_215837,6,0,0,0
run517,20260123_215837,7,0,0,0
run517,20260123_215837,8,0,0,0
run517,20260123_215837,9,0,0,0
run517,20260123_215837,10,1,0,1
run517,20260123_215837,11,0,0,0
run517,20260123_215837,12,2,0,2
run517,20260123_215837,13,0,0,0
run517,20260123_215837,14,578,0,578
run517,20260123_215837,15,1,0,1
run517,20260123_215837,16,3,362,365
run517,20260123_215837,17,45,240,285
run517,20260123_215837,18,0,0,0
run517,20260123_215837,19,0,0,0
run518,20260123_215925,0,1,0,1
run518,20260123_215925,1,3,0,3
run518,20260123_215925,2,4,0,4
run518,20260123_215925,3,0,0,0
run518,20260123_215925,4,1,0,1
run518,20260123_215925,5,1,0,1
run518,20260123_215925,6,1,0,1
run518,20260123_215925,7,0,0,0
run518,20260123_215925,8,0,0,0
run518,20260123_215925,9,0,0,0
run518,20260123_215925,10,1,0,1
run518,20260123_215925,11,0,0,0
run518,20260123_215925,12,1,0,1
run518,20260123_215925,13,1,0,1
run518,20260123_215925,14,3,0,3
run518,20260123_215925,15,2000,0,2000
run518,20260123_215925,16,2,0,2
run518,20260123_215925,17,0,0,0
run518,20260123_215925,18,0,0,0
run518,20260123_215925,19,0,0,0
run519,20260123_220012,0,10,1,11
run519,20260123_220012,1,1,1,2
run519,20260123_220012,2,76,1,77
run519,20260123_220012,3,6,1,7
run519,20260123_220012,4,0,1,1
run519,20260123_220012,5,5,1,6
run519,20260123_220012,6,1,1,2
run519,20260123_220012,7,839,0,839
run519,20260123_220012,8,0,0,0
run519,20260123_220012,9,0,0,0
run519,20260123_220012,10,1,0,1
run519,20260123_220012,11,0,0,0
run519,20260123_220012,12,1,1,2
run519,20260123_220012,13,1,1,2
run519,20260123_220012,14,0,1,1
run519,20260123_220012,15,2,0,2
run519,20260123_220012,16,3,1,4
run519,20260123_220012,17,0,0,0
run519,20260123_220012,18,0,0,0
run519,20260123_220012,19,0,0,0
run519,20260123_220013,0,10,1,11
run519,20260123_220013,1,1,1,2
run519,20260123_220013,2,76,1,77
run519,20260123_220013,3,6,1,7
run519,20260123_220013,4,0,1,1
run519,20260123_220013,5,5,1,6
run519,20260123_220013,6,1,1,2
run519,20260123_220013,7,839,0,839
run519,20260123_220013,8,0,0,0
run519,20260123_220013,9,0,0,0
run519,20260123_220013,10,1,0,1
run519,20260123_220013,11,0,0,0
run519,20260123_220013,12,1,1,2
run519,20260123_220013,13,1,1,2
run519,20260123_220013,14,0,1,1
run519,20260123_220013,15,2,0,2
run519,20260123_220013,16,3,1,4
run519,20260123_220013,17,0,0,0
run519,20260123_220013,18,0,0,0
run519,20260123_220013,19,0,0,0
run52,20260123_153720,0,0,0,0
run52,20260123_153720,1,1,0,1
run52,20260123_153720,2,1,0,1
run52,20260123_153720,3,2,0,2
run52,20260123_153720,4,1,0,1
run52,20260123_153720,5,2,0,2
run52,20260123_153720,6,1,0,1
run52,20260123_153720,7,3,0,3
run52,20260123_153720,8,0,0,0
run52,20260123_153720,9,0,0,0
run52,20260123_153720,10,3,0,3
run52,20260123_153720,11,1,0,1
run52,20260123_153720,12,2,0,2
run52,20260123_153720,13,0,0,0
run52,20260123_153720,14,1,0,1
run52,20260123_153720,15,0,0,0
run52,20260123_153720,16,1,0,1
run52,20260123_153720,17,0,0,0
run52,20260123_153720,18,0,0,0
run52,20260123_153720,19,0,0,0
run52,20260123_153721,0,0,0,0
run52,20260123_153721,1,1,0,1
run52,20260123_153721,2,1,0,1
run52,20260123_153721,3,2,0,2
run52,20260123_153721,4,1,0,1
run52,20260123_153721,5,2,0,2
run52,20260123_153721,6,1,0,1
run52,20260123_153721,7,3,0,3
run52,20260123_153721,8,0,0,0
run52,20260123_153721,9,0,0,0
run52,20260123_153721,10,3,0,3
run52,20260123_153721,11,1,0,1
run52,20260123_153721,12,2,0,2
run52,20260123_153721,13,0,0,0
run52,20260123_153721,14,1,0,1
run52,20260123_153721,15,0,0,0
run52,20260123_153721,16,1,0,1
run52,20260123_153721,17,0,0,0
run52,20260123_153721,18,0,0,0
run52,20260123_153721,19,0,0,0
run520,20260123_220100,0,5,6,11
run520,20260123_220100,1,1,6,7
run520,20260123_220100,2,3,6,9
run520,20260123_220100,3,1,6,7
run520,20260123_220100,4,2,6,8
run520,20260123_220100,5,2,0,2
run520,20260123_220100,6,1687,0,1687
run520,20260123_220100,7,0,0,0
run520,20260123_220100,8,0,0,0
run520,20260123_220100,9,0,0,0
run520,20260123_220100,10,1,0,1
run520,20260123_220100,11,1,0,1
run520,20260123_220100,12,1,0,1
run520,20260123_220100,13,3,0,3
run520,20260123_220100,14,0,0,0
run520,20260123_220100,15,1,0,1
run520,20260123_220100,16,1,3,4
run520,20260123_220100,17,0,5,5
run520,20260123_220100,18,0,0,0
run520,20260123_220100,19,0,0,0
run521,20260123_220152,0,0,0,0
run521,20260123_220152,1,1,0,1
run521,20260123_220152,2,5,0,5
run521,20260123_220152,3,1,0,1
run521,20260123_220152,4,1,0,1
run521,20260123_220152,5,4,0,4
run521,20260123_220152,6,1,62,63
run521,20260123_220152,7,4,84,88
run521,20260123_220152,8,0,0,0
run521,20260123_220152,9,0,0,0
run521,20260123_220152,10,1,84,85
run521,20260123_220152,11,1,84,85
run521,20260123_220152,12,3,84,87
run521,20260123_220152,13,3,84,87
run521,20260123_220152,14,1,84,85
run521,20260123_220152,15,1,0,1
run521,20260123_220152,16,0,0,0
run521,20260123_220152,17,0,0,0
run521,20260123_220152,18,0,0,0
run521,20260123_220152,19,0,0,0
run522,20260123_220240,0,0,0,0
run522,20260123_220240,1,1,0,1
run522,20260123_220240,2,1,0,1
run522,20260123_220240,3,1,0,1
run522,20260123_220240,4,1,0,1
run522,20260123_220240,5,0,0,0
run522,20260123_220240,6,0,0,0
run522,20260123_220240,7,0,0,0
run522,20260123_220240,8,0,2,2
run522,20260123_220240,9,0,0,0
run522,20260123_220240,10,1,0,1
run522,20260123_220240,11,2000,0,2000
run522,20260123_220240,12,1,0,1
run522,20260123_220240,13,0,0,0
run522,20260123_220240,14,0,0,0
run522,20260123_220240,15,2,0,2
run522,20260123_220240,16,1,0,1
run522,20260123_220240,17,0,0,0
run522,20260123_220240,18,0,0,0
run522,20260123_220240,19,0,0,0
run523,20260123_220329,0,1,0,1
run523,20260123_220329,1,1,0,1
run523,20260123_220329,2,4,0,4
run523,20260123_220329,3,0,0,0
run523,20260123_220329,4,1,0,1
run523,20260123_220329,5,2,0,2
run523,20260123_220329,6,1,0,1
run523,20260123_220329,7,1,0,1
run523,20260123_220329,8,0,0,0
run523,20260123_220329,9,0,0,0
run523,20260123_220329,10,3,0,3
run523,20260123_220329,11,1,0,1
run523,20260123_220329,12,47,0,47
run523,20260123_220329,13,1,0,1
run523,20260123_220329,14,1,0,1
run523,20260123_220329,15,1,0,1
run523,20260123_220329,16,196,0,196
run523,20260123_220329,17,432,0,432
run523,20260123_220329,18,0,0,0
run523,20260123_220329,19,0,0,0
run524,20260123_220417,0,0,0,0
run524,20260123_220417,1,1,0,1
run524,20260123_220417,2,5,0,5
run524,20260123_220417,3,0,0,0
run524,20260123_220417,4,1,0,1
run524,20260123_220417,5,1,0,1
run524,20260123_220417,6,2,0,2
run524,20260123_220417,7,1,0,1
run524,20260123_220417,8,0,0,0
run524,20260123_220417,9,0,0,0
run524,20260123_220417,10,0,0,0
run524,20260123_220417,11,1,0,1
run524,20260123_220417,12,0,0,0
run524,20260123_220417,13,1,0,1
run524,20260123_220417,14,2000,0,2000
run524,20260123_220417,15,1,0,1
run524,20260123_220417,16,3,0,3
run524,20260123_220417,17,0,0,0
run524,20260123_220417,18,0,0,0
run524,20260123_220417,19,0,0,0
run525,20260123_220508,0,1949,26,1975
run525,20260123_220508,1,4,33,37
run525,20260123_220508,2,1,32,33
run525,20260123_220508,3,1,32,33
run525,20260123_220508,4,4,32,36
run525,20260123_220508,5,5,15,20
run525,20260123_220508,6,1,26,27
run525,20260123_220508,7,0,22,22
run525,20260123_220508,8,0,0,0
run525,20260123_220508,9,0,0,0
run525,20260123_220508,10,11,30,41
run525,20260123_220508,11,0,31,31
run525,20260123_220508,12,0,30,30
run525,20260123_220508,13,0,30,30
run525,20260123_220508,14,0,31,31
run525,20260123_220508,15,17,11,28
run525,20260123_220508,16,5,21,26
run525,20260123_220508,17,1,10,11
run525,20260123_220508,18,0,0,0
run525,20260123_220508,19,0,0,0
run526,20260123_220556,0,1,0,1
run526,20260123_220556,1,5,0,5
run526,20260123_220556,2,1,0,1
run526,20260123_220556,3,2001,0,2001
run526,20260123_220556,4,2,0,2
run526,20260123_220556,5,3,0,3
run526,20260123_220556,6,0,0,0
run526,20260123_220556,7,1,0,1
run526,20260123_220556,8,0,0,0
run526,20260123_220556,9,0,0,0
run526,20260123_220556,10,0,0,0
run526,20260123_220556,11,1,0,1
run526,20260123_220556,12,1,0,1
run526,20260123_220556,13,1,0,1
run526,20260123_220556,14,1,0,1
run526,20260123_220556,15,0,0,0
run526,20260123_220556,16,2,0,2
run526,20260123_220556,17,0,0,0
run526,20260123_220556,18,0,0,0
run526,20260123_220556,19,0,0,0
run527,20260123_220644,0,1,0,1
run527,20260123_220644,1,1125,0,1125
run527,20260123_220644,2,97,0,97
run527,20260123_220644,3,880,0,880
run527,20260123_220644,4,0,0,0
run527,20260123_220644,5,0,0,0
run527,20260123_220644,6,1,0,1
run527,20260123_220644,7,0,0,0
run527,20260123_220644,8,0,0,0
run527,20260123_220644,9,0,0,0
run527,20260123_220644,10,2,0,2
run527,20260123_220644,11,0,0,0
run527,20260123_220644,12,1,0,1
run527,20260123_220644,13,1,0,1
run527,20260123_220644,14,1,0,1
run527,20260123_220644,15,1,0,1
run527,20260123_220644,16,2,0,2
run527,20260123_220644,17,1,0,1
run527,20260123_220644,18,0,0,0
run527,20260123_220644,19,0,0,0
run528,20260123_220732,0,1,1,2
run528,20260123_220732,1,96,0,96
run528,20260123_220732,2,5,0,5
run528,20260123_220732,3,1015,0,1015
run528,20260123_220732,4,204,0,204
run528,20260123_220732,5,864,25,889
run528,20260123_220732,6,0,0,0
run528,20260123_220732,7,1,0,1
run528,20260123_220732,8,0,0,0
run528,20260123_220732,9,0,0,0
run528,20260123_220732,10,0,0,0
run528,20260123_220732,11,0,0,0
run528,20260123_220732,12,0,0,0
run528,20260123_220732,13,2,0,2
run528,20260123_220732,14,1,0,1
run528,20260123_220732,15,2,0,2
run528,20260123_220732,16,1,1,2
run528,20260123_220732,17,0,1,1
run528,20260123_220732,18,0,0,0
run528,20260123_220732,19,0,0,0
run529,20260123_220821,0,1,0,1
run529,20260123_220821,1,2,0,2
run529,20260123_220821,2,3,0,3
run529,20260123_220821,3,1532,0,1532
run529,20260123_220821,4,3,0,3
run529,20260123_220821,5,3,0,3
run529,20260123_220821,6,0,0,0
run529,20260123_220821,7,0,0,0
run529,20260123_220821,8,0,0,0
run529,20260123_220821,9,0,0,0
run529,20260123_220821,10,468,0,468
run529,20260123_220821,11,0,0,0
run529,20260123_220821,12,0,0,0
run529,20260123_220821,13,0,0,0
run529,20260123_220821,14,1,0,1
run529,20260123_220821,15,2,0,2
run529,20260123_220821,16,3,0,3
run529,20260123_220821,17,0,0,0
run529,20260123_220821,18,0,0,0
run529,20260123_220821,19,0,0,0
run529,20260123_220820,0,1,0,1
run529,20260123_220820,1,2,0,2
run529,20260123_220820,2,3,0,3
run529,20260123_220820,3,1532,0,1532
run529,20260123_220820,4,3,0,3
run529,20260123_220820,5,3,0,3
run529,20260123_220820,6,0,0,0
run529,20260123_220820,7,0,0,0
run529,20260123_220820,8,0,0,0
run529,20260123_220820,9,0,0,0
run529,20260123_220820,10,468,0,468
run529,20260123_220820,11,0,0,0
run529,20260123_220820,12,0,0,0
run529,20260123_220820,13,0,0,0
run529,20260123_220820,14,1,0,1
run529,20260123_220820,15,2,0,2
run529,20260123_220820,16,3,0,3
run529,20260123_220820,17,0,0,0
run529,20260123_220820,18,0,0,0
run529,20260123_220820,19,0,0,0
run53,20260123_153808,0,0,0,0
run53,20260123_153808,1,1,0,1
run53,20260123_153808,2,1,0,1
run53,20260123_153808,3,1,0,1
run53,20260123_153808,4,1,0,1
run53,20260123_153808,5,1,0,1
run53,20260123_153808,6,0,0,0
run53,20260123_153808,7,1,0,1
run53,20260123_153808,8,0,0,0
run53,20260123_153808,9,0,0,0
run53,20260123_153808,10,0,0,0
run53,20260123_153808,11,1,0,1
run53,20260123_153808,12,0,0,0
run53,20260123_153808,13,2,0,2
run53,20260123_153808,14,2,0,2
run53,20260123_153808,15,2001,0,2001
run53,20260123_153808,16,0,0,0
run53,20260123_153808,17,0,0,0
run53,20260123_153808,18,0,0,0
run53,20260123_153808,19,0,0,0
run530,20260123_220908,0,1,0,1
run530,20260123_220908,1,0,0,0
run530,20260123_220908,2,1,0,1
run530,20260123_220908,3,0,0,0
run530,20260123_220908,4,3,0,3
run530,20260123_220908,5,1,0,1
run530,20260123_220908,6,2,0,2
run530,20260123_220908,7,0,0,0
run530,20260123_220908,8,0,0,0
run530,20260123_220908,9,0,0,0
run530,20260123_220908,10,1,0,1
run530,20260123_220908,11,1,0,1
run530,20260123_220908,12,1,0,1
run530,20260123_220908,13,1,0,1
run530,20260123_220908,14,0,0,0
run530,20260123_220908,15,2000,0,2000
run530,20260123_220908,16,2,0,2
run530,20260123_220908,17,0,0,0
run530,20260123_220908,18,0,0,0
run530,20260123_220908,19,0,0,0
run531,20260123_221000,0,2,0,2
run531,20260123_221000,1,0,0,0
run531,20260123_221000,2,6,0,6
run531,20260123_221000,3,0,0,0
run531,20260123_221000,4,1,0,1
run531,20260123_221000,5,0,0,0
run531,20260123_221000,6,2,0,2
run531,20260123_221000,7,2,0,2
run531,20260123_221000,8,0,0,0
run531,20260123_221000,9,0,0,0
run531,20260123_221000,10,1,0,1
run531,20260123_221000,11,1,0,1
run531,20260123_221000,12,2,0,2
run531,20260123_221000,13,1462,0,1462
run531,20260123_221000,14,3,0,3
run531,20260123_221000,15,507,0,507
run531,20260123_221000,16,31,0,31
run531,20260123_221000,17,1,0,1
run531,20260123_221000,18,0,0,0
run531,20260123_221000,19,0,0,0
run532,20260123_221048,0,0,0,0
run532,20260123_221048,1,0,0,0
run532,20260123_221048,2,4,0,4
run532,20260123_221048,3,2,0,2
run532,20260123_221048,4,1,0,1
run532,20260123_221048,5,2001,0,2001
run532,20260123_221048,6,1,0,1
run532,20260123_221048,7,0,0,0
run532,20260123_221048,8,0,0,0
run532,20260123_221048,9,0,0,0
run532,20260123_221048,10,3,0,3
run532,20260123_221048,11,0,0,0
run532,20260123_221048,12,0,0,0
run532,20260123_221048,13,1,0,1
run532,20260123_221048,14,1,0,1
run532,20260123_221048,15,0,0,0
run532,20260123_221048,16,2,0,2
run532,20260123_221048,17,0,0,0
run532,20260123_221048,18,0,0,0
run532,20260123_221048,19,0,0,0
run533,20260123_221136,0,52,0,52
run533,20260123_221136,1,0,0,0
run533,20260123_221136,2,5,0,5
run533,20260123_221136,3,0,0,0
run533,20260123_221136,4,0,0,0
run533,20260123_221136,5,2,0,2
run533,20260123_221136,6,0,1,1
run533,20260123_221136,7,2,1,3
run533,20260123_221136,8,0,0,0
run533,20260123_221136,9,0,0,0
run533,20260123_221136,10,5,1,6
run533,20260123_221136,11,0,1,1
run533,20260123_221136,12,80,1,81
run533,20260123_221136,13,1,1,2
run533,20260123_221136,14,0,1,1
run533,20260123_221136,15,3,0,3
run533,20260123_221136,16,1,0,1
run533,20260123_221136,17,482,0,482
run533,20260123_221136,18,0,0,0
run533,20260123_221136,19,0,0,0
run534,20260123_221224,0,1,0,1
run534,20260123_221224,1,0,0,0
run534,20260123_221224,2,1,0,1
run534,20260123_221224,3,1,0,1
run534,20260123_221224,4,1,0,1
run534,20260123_221224,5,0,0,0
run534,20260123_221224,6,0,0,0
run534,20260123_221224,7,1,0,1
run534,20260123_221224,8,0,0,0
run534,20260123_221224,9,0,0,0
run534,20260123_221224,10,2,0,2
run534,20260123_221224,11,1999,0,1999
run534,20260123_221224,12,1,0,1
run534,20260123_221224,13,2,0,2
run534,20260123_221224,14,0,0,0
run534,20260123_221224,15,1,0,1
run534,20260123_221224,16,1,0,1
run534,20260123_221224,17,0,0,0
run534,20260123_221224,18,0,0,0
run534,20260123_221224,19,0,0,0
run535,20260123_221312,0,0,0,0
run535,20260123_221312,1,0,0,0
run535,20260123_221312,2,3,0,3
run535,20260123_221312,3,0,0,0
run535,20260123_221312,4,1,0,1
run535,20260123_221312,5,2001,0,2001
run535,20260123_221312,6,1,0,1
run535,20260123_221312,7,0,0,0
run535,20260123_221312,8,0,0,0
run535,20260123_221312,9,0,0,0
run535,20260123_221312,10,1,0,1
run535,20260123_221312,11,0,0,0
run535,20260123_221312,12,0,0,0
run535,20260123_221312,13,2,0,2
run535,20260123_221312,14,3,0,3
run535,20260123_221312,15,0,0,0
run535,20260123_221312,16,1,0,1
run535,20260123_221312,17,0,0,0
run535,20260123_221312,18,0,0,0
run535,20260123_221312,19,0,0,0
run536,20260123_221404,0,0,0,0
run536,20260123_221404,1,1,0,1
run536,20260123_221404,2,4,0,4
run536,20260123_221404,3,1,0,1
run536,20260123_221404,4,1,0,1
run536,20260123_221404,5,0,0,0
run536,20260123_221404,6,1,0,1
run536,20260123_221404,7,0,0,0
run536,20260123_221404,8,0,0,0
run536,20260123_221404,9,0,0,0
run536,20260123_221404,10,2000,0,2000
run536,20260123_221404,11,1,0,1
run536,20260123_221404,12,1,0,1
run536,20260123_221404,13,1,0,1
run536,20260123_221404,14,2,0,2
run536,20260123_221404,15,3,0,3
run536,20260123_221404,16,2,0,2
run536,20260123_221404,17,1,0,1
run536,20260123_221404,18,0,0,0
run536,20260123_221404,19,0,0,0
run537,20260123_221452,0,0,0,0
run537,20260123_221452,1,1,0,1
run537,20260123_221452,2,0,0,0
run537,20260123_221452,3,0,0,0
run537,20260123_221452,4,2,0,2
run537,20260123_221452,5,0,0,0
run537,20260123_221452,6,1,0,1
run537,20260123_221452,7,0,0,0
run537,20260123_221452,8,0,0,0
run537,20260123_221452,9,0,0,0
run537,20260123_221452,10,1,0,1
run537,20260123_221452,11,1,0,1
run537,20260123_221452,12,3,0,3
run537,20260123_221452,13,1,0,1
run537,20260123_221452,14,0,0,0
run537,20260123_221452,15,2001,0,2001
run537,20260123_221452,16,1,0,1
run537,20260123_221452,17,0,0,0
run537,20260123_221452,18,0,0,0
run537,20260123_221452,19,0,0,0
run538,20260123_221544,0,1,0,1
run538,20260123_221544,1,1,0,1
run538,20260123_221544,2,2,0,2
run538,20260123_221544,3,0,0,0
run538,20260123_221544,4,2,0,2
run538,20260123_221544,5,3,0,3
run538,20260123_221544,6,0,0,0
run538,20260123_221544,7,0,0,0
run538,20260123_221544,8,0,0,0
run538,20260123_221544,9,0,0,0
run538,20260123_221544,10,2,0,2
run538,20260123_221544,11,4,0,4
run538,20260123_221544,12,1049,0,1049
run538,20260123_221544,13,953,0,953
run538,20260123_221544,14,2,0,2
run538,20260123_221544,15,2,0,2
run538,20260123_221544,16,1,0,1
run538,20260123_221544,17,0,0,0
run538,20260123_221544,18,0,0,0
run538,20260123_221544,19,0,0,0
run539,20260123_221632,0,0,0,0
run539,20260123_221632,1,1,0,1
run539,20260123_221632,2,2,0,2
run539,20260123_221632,3,2,0,2
run539,20260123_221632,4,0,0,0
run539,20260123_221632,5,1,0,1
run539,20260123_221632,6,1,0,1
run539,20260123_221632,7,0,0,0
run539,20260123_221632,8,0,0,0
run539,20260123_221632,9,0,0,0
run539,20260123_221632,10,0,0,0
run539,20260123_221632,11,0,0,0
run539,20260123_221632,12,1,0,1
run539,20260123_221632,13,0,0,0
run539,20260123_221632,14,0,0,0
run539,20260123_221632,15,2,0,2
run539,20260123_221632,16,2,0,2
run539,20260123_221632,17,0,0,0
run539,20260123_221632,18,0,0,0
run539,20260123_221632,19,0,0,0
run54,20260123_153856,0,1943,19,1962
run54,20260123_153856,1,1,26,27
run54,20260123_153856,2,0,25,25
run54,20260123_153856,3,1,24,25
run54,20260123_153856,4,1,24,25
run54,20260123_153856,5,5,12,17
run54,20260123_153856,6,0,22,22
run54,20260123_153856,7,0,15,15
run54,20260123_153856,8,0,0,0
run54,20260123_153856,9,0,2,2
run54,20260123_153856,10,10,24,34
run54,20260123_153856,11,6,24,30
run54,20260123_153856,12,2,24,26
run54,20260123_153856,13,0,24,24
run54,20260123_153856,14,0,24,24
run54,20260123_153856,15,7,11,18
run54,20260123_153856,16,5,18,23
run54,20260123_153856,17,0,7,7
run54,20260123_153856,18,0,0,0
run54,20260123_153856,19,0,0,0
run540,20260123_221720,0,0,0,0
run540,20260123_221720,1,1,10,11
run540,20260123_221720,2,1,10,11
run540,20260123_221720,3,2,10,12
run540,20260123_221720,4,2,10,12
run540,20260123_221720,5,1,309,310
run540,20260123_221720,6,2,0,2
run540,20260123_221720,7,0,0,0
run540,20260123_221720,8,0,0,0
run540,20260123_221720,9,1,0,1
run540,20260123_221720,10,1,0,1
run540,20260123_221720,11,2,0,2
run540,20260123_221720,12,0,0,0
run540,20260123_221720,13,2,0,2
run540,20260123_221720,14,1,0,1
run540,20260123_221720,15,0,0,0
run540,20260123_221720,16,2,0,2
run540,20260123_221720,17,0,0,0
run540,20260123_221720,18,0,0,0
run540,20260123_221720,19,0,0,0
run541,20260123_221808,0,0,0,0
run541,20260123_221808,1,1,0,1
run541,20260123_221808,2,2,0,2
run541,20260123_221808,3,584,0,584
run541,20260123_221808,4,1416,0,1416
run541,20260123_221808,5,2,0,2
run541,20260123_221808,6,0,0,0
run541,20260123_221808,7,0,0,0
run541,20260123_221808,8,0,0,0
run541,20260123_221808,9,0,0,0
run541,20260123_221808,10,1,0,1
run541,20260123_221808,11,0,0,0
run541,20260123_221808,12,0,0,0
run541,20260123_221808,13,1,0,1
run541,20260123_221808,14,2,0,2
run541,20260123_221808,15,1,0,1
run541,20260123_221808,16,0,0,0
run541,20260123_221808,17,0,0,0
run541,20260123_221808,18,0,0,0
run541,20260123_221808,19,0,0,0
run542,20260123_221856,0,2,0,2
run542,20260123_221856,1,2,0,2
run542,20260123_221856,2,2,0,2
run542,20260123_221856,3,2000,0,2000
run542,20260123_221856,4,0,0,0
run542,20260123_221856,5,0,0,0
run542,20260123_221856,6,0,0,0
run542,20260123_221856,7,0,1,1
run542,20260123_221856,8,0,0,0
run542,20260123_221856,9,0,0,0
run542,20260123_221856,10,1,1,2
run542,20260123_221856,11,0,1,1
run542,20260123_221856,12,1,1,2
run542,20260123_221856,13,0,1,1
run542,20260123_221856,14,1,1,2
run542,20260123_221856,15,0,0,0
run542,20260123_221856,16,4,0,4
run542,20260123_221856,17,0,0,0
run542,20260123_221856,18,0,0,0
run542,20260123_221856,19,0,0,0
run543,20260123_221944,0,23,0,23
run543,20260123_221944,1,3,0,3
run543,20260123_221944,2,44,0,44
run543,20260123_221944,3,4,0,4
run543,20260123_221944,4,1,0,1
run543,20260123_221944,5,4,0,4
run543,20260123_221944,6,1,1,2
run543,20260123_221944,7,1998,1,1999
run543,20260123_221944,8,0,0,0
run543,20260123_221944,9,0,0,0
run543,20260123_221944,10,1,1,2
run543,20260123_221944,11,0,1,1
run543,20260123_221944,12,1,1,2
run543,20260123_221944,13,1,1,2
run543,20260123_221944,14,0,1,1
run543,20260123_221944,15,1,0,1
run543,20260123_221944,16,0,0,0
run543,20260123_221944,17,0,0,0
run543,20260123_221944,18,0,0,0
run543,20260123_221944,19,0,0,0
run544,20260123_222036,0,1,0,1
run544,20260123_222036,1,1,0,1
run544,20260123_222036,2,2,0,2
run544,20260123_222036,3,2,0,2
run544,20260123_222036,4,2,0,2
run544,20260123_222036,5,3,0,3
run544,20260123_222036,6,1718,0,1718
run544,20260123_222036,7,1,0,1
run544,20260123_222036,8,0,0,0
run544,20260123_222036,9,0,0,0
run544,20260123_222036,10,0,0,0
run544,20260123_222036,11,1,0,1
run544,20260123_222036,12,0,0,0
run544,20260123_222036,13,0,0,0
run544,20260123_222036,14,1,0,1
run544,20260123_222036,15,0,0,0
run544,20260123_222036,16,3,0,3
run544,20260123_222036,17,0,0,0
run544,20260123_222036,18,0,0,0
run544,20260123_222036,19,0,0,0
run545,20260123_222124,0,0,0,0
run545,20260123_222124,1,1,0,1
run545,20260123_222124,2,4,0,4
run545,20260123_222124,3,1,0,1
run545,20260123_222124,4,2,0,2
run545,20260123_222124,5,2,0,2
run545,20260123_222124,6,1720,0,1720
run545,20260123_222124,7,0,0,0
run545,20260123_222124,8,0,0,0
run545,20260123_222124,9,0,0,0
run545,20260123_222124,10,1,0,1
run545,20260123_222124,11,1,0,1
run545,20260123_222124,12,0,0,0
run545,20260123_222124,13,1,0,1
run545,20260123_222124,14,1,0,1
run545,20260123_222124,15,1,0,1
run545,20260123_222124,16,1,0,1
run545,20260123_222124,17,0,0,0
run545,20260123_222124,18,0,0,0
run545,20260123_222124,19,0,0,0
run546,20260123_222212,0,3,1,4
run546,20260123_222212,1,1303,1,1304
run546,20260123_222212,2,1,1,2
run546,20260123_222212,3,696,1,697
run546,20260123_222212,4,2,1,3
run546,20260123_222212,5,1,0,1
run546,20260123_222212,6,1,0,1
run546,20260123_222212,7,1,0,1
run546,20260123_222212,8,0,0,0
run546,20260123_222212,9,0,0,0
run546,20260123_222212,10,1,0,1
run546,20260123_222212,11,2,0,2
run546,20260123_222212,12,1,0,1
run546,20260123_222212,13,0,0,0
run546,20260123_222212,14,1,0,1
run546,20260123_222212,15,1,0,1
run546,20260123_222212,16,3,0,3
run546,20260123_222212,17,1,1,2
run546,20260123_222212,18,0,0,0
run546,20260123_222212,19,0,0,0
run547,20260123_222300,0,0,0,0
run547,20260123_222300,1,100,0,100
run547,20260123_222300,2,0,0,0
run547,20260123_222300,3,1,0,1
run547,20260123_222300,4,1,0,1
run547,20260123_222300,5,1,0,1
run547,20260123_222300,6,1,0,1
run547,20260123_222300,7,0,0,0
run547,20260123_222300,8,0,0,0
run547,20260123_222300,9,0,0,0
run547,20260123_222300,10,6,0,6
run547,20260123_222300,11,4,0,4
run547,20260123_222300,12,8,0,8
run547,20260123_222300,13,2,0,2
run547,20260123_222300,14,1,0,1
run547,20260123_222300,15,1,0,1
run547,20260123_222300,16,1742,0,1742
run547,20260123_222300,17,0,0,0
run547,20260123_222300,18,0,0,0
run547,20260123_222300,19,0,0,0
run548,20260123_222348,0,0,0,0
run548,20260123_222348,1,0,0,0
run548,20260123_222348,2,3,0,3
run548,20260123_222348,3,2,0,2
run548,20260123_222348,4,1,0,1
run548,20260123_222348,5,2,0,2
run548,20260123_222348,6,0,0,0
run548,20260123_222348,7,0,0,0
run548,20260123_222348,8,0,0,0
run548,20260123_222348,9,0,0,0
run548,20260123_222348,10,0,0,0
run548,20260123_222348,11,1,0,1
run548,20260123_222348,12,0,0,0
run548,20260123_222348,13,2,0,2
run548,20260123_222348,14,2000,0,2000
run548,20260123_222348,15,0,0,0
run548,20260123_222348,16,2,0,2
run548,20260123_222348,17,0,0,0
run548,20260123_222348,18,0,0,0
run548,20260123_222348,19,0,0,0
run549,20260123_222436,0,0,0,0
run549,20260123_222436,1,2001,0,2001
run549,20260123_222436,2,0,0,0
run549,20260123_222436,3,1,0,1
run549,20260123_222436,4,0,0,0
run549,20260123_222436,5,3,0,3
run549,20260123_222436,6,0,0,0
run549,20260123_222436,7,1,0,1
run549,20260123_222436,8,0,0,0
run549,20260123_222436,9,0,0,0
run549,20260123_222436,10,0,0,0
run549,20260123_222436,11,0,0,0
run549,20260123_222436,12,2,0,2
run549,20260123_222436,13,1,0,1
run549,20260123_222436,14,1,0,1
run549,20260123_222436,15,2,0,2
run549,20260123_222436,16,0,0,0
run549,20260123_222436,17,1,0,1
run549,20260123_222436,18,0,0,0
run549,20260123_222436,19,0,0,0
run55,20260123_153945,0,1,23,24
run55,20260123_153945,1,3,23,26
run55,20260123_153945,2,3,23,26
run55,20260123_153945,3,2,23,25
run55,20260123_153945,4,2,23,25
run55,20260123_153945,5,1973,0,1973
run55,20260123_153945,6,2,0,2
run55,20260123_153945,7,0,0,0
run55,20260123_153945,8,0,0,0
run55,20260123_153945,9,0,0,0
run55,20260123_153945,10,2,0,2
run55,20260123_153945,11,1,0,1
run55,20260123_153945,12,0,0,0
run55,20260123_153945,13,2,0,2
run55,20260123_153945,14,0,0,0
run55,20260123_153945,15,0,0,0
run55,20260123_153945,16,3,19,22
run55,20260123_153945,17,0,13,13
run55,20260123_153945,18,0,0,0
run55,20260123_153945,19,0,0,0
run550,20260123_222524,0,1,0,1
run550,20260123_222524,1,332,1,333
run550,20260123_222524,2,0,0,0
run550,20260123_222524,3,1447,0,1447
run550,20260123_222524,4,1,0,1
run550,20260123_222524,5,2,1,3
run550,20260123_222524,6,1,1,2
run550,20260123_222524,7,0,1,1
run550,20260123_222524,8,0,0,0
run550,20260123_222524,9,0,1,1
run550,20260123_222524,10,0,1,1
run550,20260123_222524,11,0,2,2
run550,20260123_222524,12,0,1,1
run550,20260123_222524,13,1,1,2
run550,20260123_222524,14,0,1,1
run550,20260123_222524,15,1,0,1
run550,20260123_222524,16,1,0,1
run550,20260123_222524,17,40,0,40
run550,20260123_222524,18,0,0,0
run550,20260123_222524,19,0,0,0
run551,20260123_222616,0,1,0,1
run551,20260123_222616,1,5,0,5
run551,20260123_222616,2,2,0,2
run551,20260123_222616,3,2,0,2
run551,20260123_222616,4,1,0,1
run551,20260123_222616,5,2,0,2
run551,20260123_222616,6,1,0,1
run551,20260123_222616,7,2,0,2
run551,20260123_222616,8,0,0,0
run551,20260123_222616,9,0,0,0
run551,20260123_222616,10,0,0,0
run551,20260123_222616,11,634,0,634
run551,20260123_222616,12,636,0,636
run551,20260123_222616,13,0,0,0
run551,20260123_222616,14,2,0,2
run551,20260123_222616,15,2,0,2
run551,20260123_222616,16,214,0,214
run551,20260123_222616,17,273,0,273
run551,20260123_222616,18,0,0,0
run551,20260123_222616,19,0,0,0
run552,20260123_222708,0,1,0,1
run552,20260123_222708,1,1,0,1
run552,20260123_222708,2,1,0,1
run552,20260123_222708,3,1,0,1
run552,20260123_222708,4,1,0,1
run552,20260123_222708,5,1,0,1
run552,20260123_222708,6,1713,0,1713
run552,20260123_222708,7,0,0,0
run552,20260123_222708,8,0,0,0
run552,20260123_222708,9,0,0,0
run552,20260123_222708,10,1,0,1
run552,20260123_222708,11,1,0,1
run552,20260123_222708,12,1,0,1
run552,20260123_222708,13,1,0,1
run552,20260123_222708,14,0,0,0
run552,20260123_222708,15,2,0,2
run552,20260123_222708,16,4,0,4
run552,20260123_222708,17,2,0,2
run552,20260123_222708,18,0,0,0
run552,20260123_222708,19,0,0,0
run553,20260123_222756,0,1,1,2
run553,20260123_222756,1,2,1,3
run553,20260123_222756,2,0,1,1
run553,20260123_222756,3,2,1,3
run553,20260123_222756,4,3,1,4
run553,20260123_222756,5,2,0,2
run553,20260123_222756,6,2,0,2
run553,20260123_222756,7,0,0,0
run553,20260123_222756,8,0,0,0
run553,20260123_222756,9,0,0,0
run553,20260123_222756,10,0,0,0
run553,20260123_222756,11,2,0,2
run553,20260123_222756,12,1,0,1
run553,20260123_222756,13,2,0,2
run553,20260123_222756,14,0,0,0
run553,20260123_222756,15,1,0,1
run553,20260123_222756,16,1,0,1
run553,20260123_222756,17,0,1,1
run553,20260123_222756,18,0,0,0
run553,20260123_222756,19,0,0,0
run554,20260123_222844,0,1,0,1
run554,20260123_222844,1,0,0,0
run554,20260123_222844,2,0,0,0
run554,20260123_222844,3,3,0,3
run554,20260123_222844,4,2,0,2
run554,20260123_222844,5,0,0,0
run554,20260123_222844,6,1711,0,1711
run554,20260123_222844,7,0,0,0
run554,20260123_222844,8,0,0,0
run554,20260123_222844,9,0,0,0
run554,20260123_222844,10,0,0,0
run554,20260123_222844,11,1,0,1
run554,20260123_222844,12,1,0,1
run554,20260123_222844,13,2,0,2
run554,20260123_222844,14,3,0,3
run554,20260123_222844,15,1,0,1
run554,20260123_222844,16,6,0,6
run554,20260123_222844,17,0,0,0
run554,20260123_222844,18,0,0,0
run554,20260123_222844,19,0,0,0
run555,20260123_222932,0,1,0,1
run555,20260123_222932,1,3,0,3
run555,20260123_222932,2,2,0,2
run555,20260123_222932,3,1,0,1
run555,20260123_222932,4,1,0,1
run555,20260123_222932,5,4,0,4
run555,20260123_222932,6,1704,0,1704
run555,20260123_222932,7,1,0,1
run555,20260123_222932,8,0,0,0
run555,20260123_222932,9,0,0,0
run555,20260123_222932,10,0,0,0
run555,20260123_222932,11,1,0,1
run555,20260123_222932,12,1,0,1
run555,20260123_222932,13,0,0,0
run555,20260123_222932,14,0,0,0
run555,20260123_222932,15,1,0,1
run555,20260123_222932,16,3,0,3
run555,20260123_222932,17,0,0,0
run555,20260123_222932,18,0,0,0
run555,20260123_222932,19,0,0,0
run556,20260123_223020,0,20,0,20
run556,20260123_223020,1,0,0,0
run556,20260123_223020,2,2000,0,2000
run556,20260123_223020,3,0,0,0
run556,20260123_223020,4,1,0,1
run556,20260123_223020,5,2,0,2
run556,20260123_223020,6,1,0,1
run556,20260123_223020,7,2,0,2
run556,20260123_223020,8,0,0,0
run556,20260123_223020,9,0,0,0
run556,20260123_223020,10,3,0,3
run556,20260123_223020,11,0,0,0
run556,20260123_223020,12,1,0,1
run556,20260123_223020,13,1,0,1
run556,20260123_223020,14,1,0,1
run556,20260123_223020,15,0,0,0
run556,20260123_223020,16,1,0,1
run556,20260123_223020,17,0,0,0
run556,20260123_223020,18,0,0,0
run556,20260123_223020,19,0,0,0
run557,20260123_223108,0,0,1,1
run557,20260123_223108,1,1,1,2
run557,20260123_223108,2,4,0,4
run557,20260123_223108,3,1,0,1
run557,20260123_223108,4,2,0,2
run557,20260123_223108,5,1,0,1
run557,20260123_223108,6,1,0,1
run557,20260123_223108,7,0,0,0
run557,20260123_223108,8,0,0,0
run557,20260123_223108,9,0,0,0
run557,20260123_223108,10,1,0,1
run557,20260123_223108,11,1,0,1
run557,20260123_223108,12,1999,0,1999
run557,20260123_223108,13,1,0,1
run557,20260123_223108,14,1,0,1
run557,20260123_223108,15,1,0,1
run557,20260123_223108,16,2,1,3
run557,20260123_223108,17,1,1,2
run557,20260123_223108,18,0,0,0
run557,20260123_223108,19,0,0,0
run558,20260123_223156,0,0,0,0
run558,20260123_223156,1,0,0,0
run558,20260123_223156,2,2,0,2
run558,20260123_223156,3,374,0,374
run558,20260123_223156,4,1626,0,1626
run558,20260123_223156,5,2,0,2
run558,20260123_223156,6,0,0,0
run558,20260123_223156,7,1,0,1
run558,20260123_223156,8,0,0,0
run558,20260123_223156,9,0,0,0
run558,20260123_223156,10,0,0,0
run558,20260123_223156,11,1,0,1
run558,20260123_223156,12,1,0,1
run558,20260123_223156,13,2,0,2
run558,20260123_223156,14,0,0,0
run558,20260123_223156,15,0,0,0
run558,20260123_223156,16,2,0,2
run558,20260123_223156,17,0,0,0
run558,20260123_223156,18,0,0,0
run558,20260123_223156,19,0,0,0
run559,20260123_223248,0,4,0,4
run559,20260123_223248,1,3,0,3
run559,20260123_223248,2,38,0,38
run559,20260123_223248,3,880,0,880
run559,20260123_223248,4,1,0,1
run559,20260123_223248,5,2,0,2
run559,20260123_223248,6,2,0,2
run559,20260123_223248,7,787,0,787
run559,20260123_223248,8,0,1,1
run559,20260123_223248,9,0,0,0
run559,20260123_223248,10,3,0,3
run559,20260123_223248,11,1,0,1
run559,20260123_223248,12,1,0,1
run559,20260123_223248,13,1,0,1
run559,20260123_223248,14,1,0,1
run559,20260123_223248,15,342,0,342
run559,20260123_223248,16,2,0,2
run559,20260123_223248,17,0,0,0
run559,20260123_223248,18,0,0,0
run559,20260123_223248,19,0,0,0
run559,20260123_223249,0,4,0,4
run559,20260123_223249,1,3,0,3
run559,20260123_223249,2,38,0,38
run559,20260123_223249,3,880,0,880
run559,20260123_223249,4,1,0,1
run559,20260123_223249,5,2,0,2
run559,20260123_223249,6,2,0,2
run559,20260123_223249,7,787,0,787
run559,20260123_223249,8,0,1,1
run559,20260123_223249,9,0,0,0
run559,20260123_223249,10,3,0,3
run559,20260123_223249,11,1,0,1
run559,20260123_223249,12,1,0,1
run559,20260123_223249,13,1,0,1
run559,20260123_223249,14,1,0,1
run559,20260123_223249,15,342,0,342
run559,20260123_223249,16,2,0,2
run559,20260123_223249,17,0,0,0
run559,20260123_223249,18,0,0,0
run559,20260123_223249,19,0,0,0
run56,20260123_154033,0,0,0,0
run56,20260123_154033,1,3,0,3
run56,20260123_154033,2,4,0,4
run56,20260123_154033,3,1,0,1
run56,20260123_154033,4,3,0,3
run56,20260123_154033,5,793,0,793
run56,20260123_154033,6,1023,0,1023
run56,20260123_154033,7,0,0,0
run56,20260123_154033,8,0,0,0
run56,20260123_154033,9,0,0,0
run56,20260123_154033,10,1,0,1
run56,20260123_154033,11,1,0,1
run56,20260123_154033,12,2,0,2
run56,20260123_154033,13,1,0,1
run56,20260123_154033,14,3,0,3
run56,20260123_154033,15,2,0,2
run56,20260123_154033,16,1,0,1
run56,20260123_154033,17,0,0,0
run56,20260123_154033,18,0,0,0
run56,20260123_154033,19,0,0,0
run560,20260123_223336,0,2,1,3
run560,20260123_223336,1,1,1,2
run560,20260123_223336,2,4,1,5
run560,20260123_223336,3,1,0,1
run560,20260123_223336,4,0,0,0
run560,20260123_223336,5,4,0,4
run560,20260123_223336,6,0,0,0
run560,20260123_223336,7,0,0,0
run560,20260123_223336,8,0,0,0
run560,20260123_223336,9,0,0,0
run560,20260123_223336,10,1,0,1
run560,20260123_223336,11,1,0,1
run560,20260123_223336,12,2,0,2
run560,20260123_223336,13,1989,0,1989
run560,20260123_223336,14,1,0,1
run560,20260123_223336,15,1,0,1
run560,20260123_223336,16,0,0,0
run560,20260123_223336,17,0,1,1
run560,20260123_223336,18,0,0,0
run560,20260123_223336,19,0,0,0
run561,20260123_223428,0,2,0,2
run561,20260123_223428,1,0,0,0
run561,20260123_223428,2,1,0,1
run561,20260123_223428,3,0,0,0
run561,20260123_223428,4,1,0,1
run561,20260123_223428,5,3,0,3
run561,20260123_223428,6,0,0,0
run561,20260123_223428,7,0,0,0
run561,20260123_223428,8,0,0,0
run561,20260123_223428,9,0,0,0
run561,20260123_223428,10,1,0,1
run561,20260123_223428,11,0,0,0
run561,20260123_223428,12,1,0,1
run561,20260123_223428,13,0,0,0
run561,20260123_223428,14,1,0,1
run561,20260123_223428,15,1,0,1
run561,20260123_223428,16,2,0,2
run561,20260123_223428,17,1,0,1
run561,20260123_223428,18,0,0,0
run561,20260123_223428,19,0,0,0
run562,20260123_223520,0,1,0,1
run562,20260123_223520,1,0,0,0
run562,20260123_223520,2,1,0,1
run562,20260123_223520,3,2,0,2
run562,20260123_223520,4,0,0,0
run562,20260123_223520,5,0,0,0
run562,20260123_223520,6,1,1,2
run562,20260123_223520,7,1,1,2
run562,20260123_223520,8,0,0,0
run562,20260123_223520,9,0,0,0
run562,20260123_223520,10,3,1,4
run562,20260123_223520,11,0,1,1
run562,20260123_223520,12,3,1,4
run562,20260123_223520,13,1648,1,1649
run562,20260123_223520,14,1,1,2
run562,20260123_223520,15,351,0,351
run562,20260123_223520,16,1,0,1
run562,20260123_223520,17,0,0,0
run562,20260123_223520,18,0,0,0
run562,20260123_223520,19,0,0,0
run563,20260123_223609,0,2,0,2
run563,20260123_223609,1,0,0,0
run563,20260123_223609,2,1999,0,1999
run563,20260123_223609,3,1,0,1
run563,20260123_223609,4,1,0,1
run563,20260123_223609,5,2,0,2
run563,20260123_223609,6,1,1,2
run563,20260123_223609,7,1,1,2
run563,20260123_223609,8,0,0,0
run563,20260123_223609,9,0,0,0
run563,20260123_223609,10,0,1,1
run563,20260123_223609,11,0,1,1
run563,20260123_223609,12,1,1,2
run563,20260123_223609,13,2,1,3
run563,20260123_223609,14,0,1,1
run563,20260123_223609,15,2,0,2
run563,20260123_223609,16,0,0,0
run563,20260123_223609,17,0,0,0
run563,20260123_223609,18,0,0,0
run563,20260123_223609,19,0,0,0
run564,20260123_223701,0,0,0,0
run564,20260123_223701,1,1,0,1
run564,20260123_223701,2,0,0,0
run564,20260123_223701,3,0,0,0
run564,20260123_223701,4,1,0,1
run564,20260123_223701,5,0,0,0
run564,20260123_223701,6,2,0,2
run564,20260123_223701,7,2,0,2
run564,20260123_223701,8,0,0,0
run564,20260123_223701,9,0,0,0
run564,20260123_223701,10,0,0,0
run564,20260123_223701,11,1,0,1
run564,20260123_223701,12,3,0,3
run564,20260123_223701,13,1,0,1
run564,20260123_223701,14,0,0,0
run564,20260123_223701,15,2,0,2
run564,20260123_223701,16,1829,0,1829
run564,20260123_223701,17,1,0,1
run564,20260123_223701,18,0,0,0
run564,20260123_223701,19,0,0,0
run565,20260123_223749,0,0,0,0
run565,20260123_223749,1,2,0,2
run565,20260123_223749,2,1,0,1
run565,20260123_223749,3,1,0,1
run565,20260123_223749,4,0,0,0
run565,20260123_223749,5,1,0,1
run565,20260123_223749,6,1,0,1
run565,20260123_223749,7,1,0,1
run565,20260123_223749,8,0,0,0
run565,20260123_223749,9,0,0,0
run565,20260123_223749,10,0,0,0
run565,20260123_223749,11,1,0,1
run565,20260123_223749,12,4,0,4
run565,20260123_223749,13,2,0,2
run565,20260123_223749,14,1374,0,1374
run565,20260123_223749,15,626,0,626
run565,20260123_223749,16,2,0,2
run565,20260123_223749,17,0,0,0
run565,20260123_223749,18,0,0,0
run565,20260123_223749,19,0,0,0
run566,20260123_223837,0,0,0,0
run566,20260123_223837,1,4,0,4
run566,20260123_223837,2,0,0,0
run566,20260123_223837,3,1,0,1
run566,20260123_223837,4,2,0,2
run566,20260123_223837,5,1,0,1
run566,20260123_223837,6,0,0,0
run566,20260123_223837,7,0,0,0
run566,20260123_223837,8,0,0,0
run566,20260123_223837,9,0,0,0
run566,20260123_223837,10,0,0,0
run566,20260123_223837,11,1,0,1
run566,20260123_223837,12,1,0,1
run566,20260123_223837,13,2,0,2
run566,20260123_223837,14,1,0,1
run566,20260123_223837,15,2,0,2
run566,20260123_223837,16,4,0,4
run566,20260123_223837,17,0,0,0
run566,20260123_223837,18,0,0,0
run566,20260123_223837,19,0,0,0
run567,20260123_223925,0,1,0,1
run567,20260123_223925,1,0,0,0
run567,20260123_223925,2,3,0,3
run567,20260123_223925,3,1,0,1
run567,20260123_223925,4,1,0,1
run567,20260123_223925,5,0,0,0
run567,20260123_223925,6,0,0,0
run567,20260123_223925,7,2,0,2
run567,20260123_223925,8,0,0,0
run567,20260123_223925,9,0,0,0
run567,20260123_223925,10,1,0,1
run567,20260123_223925,11,2000,0,2000
run567,20260123_223925,12,1,0,1
run567,20260123_223925,13,0,0,0
run567,20260123_223925,14,0,0,0
run567,20260123_223925,15,0,0,0
run567,20260123_223925,16,0,0,0
run567,20260123_223925,17,0,0,0
run567,20260123_223925,18,0,0,0
run567,20260123_223925,19,0,0,0
run568,20260123_224013,0,0,0,0
run568,20260123_224013,1,0,0,0
run568,20260123_224013,2,0,0,0
run568,20260123_224013,3,2000,0,2000
run568,20260123_224013,4,0,0,0
run568,20260123_224013,5,2,0,2
run568,20260123_224013,6,2,0,2
run568,20260123_224013,7,1,0,1
run568,20260123_224013,8,0,0,0
run568,20260123_224013,9,0,0,0
run568,20260123_224013,10,0,0,0
run568,20260123_224013,11,0,0,0
run568,20260123_224013,12,1,0,1
run568,20260123_224013,13,1,0,1
run568,20260123_224013,14,0,0,0
run568,20260123_224013,15,0,0,0
run568,20260123_224013,16,3,0,3
run568,20260123_224013,17,1,0,1
run568,20260123_224013,18,0,0,0
run568,20260123_224013,19,0,0,0
run569,20260123_224101,0,1,0,1
run569,20260123_224101,1,1,0,1
run569,20260123_224101,2,1457,0,1457
run569,20260123_224101,3,0,0,0
run569,20260123_224101,4,1,0,1
run569,20260123_224101,5,2,1,3
run569,20260123_224101,6,0,1,1
run569,20260123_224101,7,1,1,2
run569,20260123_224101,8,0,0,0
run569,20260123_224101,9,0,0,0
run569,20260123_224101,10,0,1,1
run569,20260123_224101,11,0,1,1
run569,20260123_224101,12,2,1,3
run569,20260123_224101,13,0,1,1
run569,20260123_224101,14,4,1,5
run569,20260123_224101,15,3,0,3
run569,20260123_224101,16,497,0,497
run569,20260123_224101,17,0,0,0
run569,20260123_224101,18,0,0,0
run569,20260123_224101,19,0,0,0
run57,20260123_154121,0,0,0,0
run57,20260123_154121,1,2,0,2
run57,20260123_154121,2,0,0,0
run57,20260123_154121,3,0,0,0
run57,20260123_154121,4,1,0,1
run57,20260123_154121,5,3,0,3
run57,20260123_154121,6,0,0,0
run57,20260123_154121,7,0,0,0
run57,20260123_154121,8,0,0,0
run57,20260123_154121,9,0,0,0
run57,20260123_154121,10,1,0,1
run57,20260123_154121,11,0,0,0
run57,20260123_154121,12,2001,0,2001
run57,20260123_154121,13,0,0,0
run57,20260123_154121,14,1,0,1
run57,20260123_154121,15,2,0,2
run57,20260123_154121,16,1,0,1
run57,20260123_154121,17,1,0,1
run57,20260123_154121,18,0,0,0
run57,20260123_154121,19,0,0,0
run570,20260123_224153,0,1,0,1
run570,20260123_224153,1,0,0,0
run570,20260123_224153,2,3,0,3
run570,20260123_224153,3,1,0,1
run570,20260123_224153,4,1,0,1
run570,20260123_224153,5,1,0,1
run570,20260123_224153,6,3,0,3
run570,20260123_224153,7,0,1,1
run570,20260123_224153,8,0,0,0
run570,20260123_224153,9,0,0,0
run570,20260123_224153,10,2,1,3
run570,20260123_224153,11,2,1,3
run570,20260123_224153,12,24,1,25
run570,20260123_224153,13,1,1,2
run570,20260123_224153,14,0,1,1
run570,20260123_224153,15,1,0,1
run570,20260123_224153,16,3,0,3
run570,20260123_224153,17,513,0,513
run570,20260123_224153,18,0,0,0
run570,20260123_224153,19,0,0,0
run571,20260123_224245,0,1,0,1
run571,20260123_224245,1,1,0,1
run571,20260123_224245,2,2,0,2
run571,20260123_224245,3,0,0,0
run571,20260123_224245,4,2,0,2
run571,20260123_224245,5,2,0,2
run571,20260123_224245,6,0,0,0
run571,20260123_224245,7,2,0,2
run571,20260123_224245,8,0,0,0
run571,20260123_224245,9,0,0,0
run571,20260123_224245,10,2,0,2
run571,20260123_224245,11,1,0,1
run571,20260123_224245,12,1,0,1
run571,20260123_224245,13,2000,0,2000
run571,20260123_224245,14,2,0,2
run571,20260123_224245,15,1,0,1
run571,20260123_224245,16,0,0,0
run571,20260123_224245,17,1,0,1
run571,20260123_224245,18,0,0,0
run571,20260123_224245,19,0,0,0
run572,20260123_224333,0,2,0,2
run572,20260123_224333,1,1,0,1
run572,20260123_224333,2,0,0,0
run572,20260123_224333,3,1,0,1
run572,20260123_224333,4,2,0,2
run572,20260123_224333,5,2,0,2
run572,20260123_224333,6,0,0,0
run572,20260123_224333,7,0,0,0
run572,20260123_224333,8,0,0,0
run572,20260123_224333,9,0,0,0
run572,20260123_224333,10,2,0,2
run572,20260123_224333,11,1,0,1
run572,20260123_224333,12,3,0,3
run572,20260123_224333,13,1,0,1
run572,20260123_224333,14,1,0,1
run572,20260123_224333,15,2,0,2
run572,20260123_224333,16,2,0,2
run572,20260123_224333,17,0,0,0
run572,20260123_224333,18,0,0,0
run572,20260123_224333,19,0,0,0
run573,20260123_224421,0,0,0,0
run573,20260123_224421,1,1,0,1
run573,20260123_224421,2,0,0,0
run573,20260123_224421,3,2,0,2
run573,20260123_224421,4,0,0,0
run573,20260123_224421,5,1,0,1
run573,20260123_224421,6,1694,0,1694
run573,20260123_224421,7,0,0,0
run573,20260123_224421,8,0,0,0
run573,20260123_224421,9,0,0,0
run573,20260123_224421,10,1,0,1
run573,20260123_224421,11,1,0,1
run573,20260123_224421,12,1,0,1
run573,20260123_224421,13,0,0,0
run573,20260123_224421,14,1,0,1
run573,20260123_224421,15,1,0,1
run573,20260123_224421,16,2,0,2
run573,20260123_224421,17,0,0,0
run573,20260123_224421,18,0,0,0
run573,20260123_224421,19,0,0,0
run574,20260123_224509,0,3,0,3
run574,20260123_224509,1,2,0,2
run574,20260123_224509,2,2,0,2
run574,20260123_224509,3,1,0,1
run574,20260123_224509,4,2,0,2
run574,20260123_224509,5,191,0,191
run574,20260123_224509,6,0,0,0
run574,20260123_224509,7,1809,0,1809
run574,20260123_224509,8,0,0,0
run574,20260123_224509,9,0,0,0
run574,20260123_224509,10,0,0,0
run574,20260123_224509,11,1,0,1
run574,20260123_224509,12,1,0,1
run574,20260123_224509,13,3,0,3
run574,20260123_224509,14,0,0,0
run574,20260123_224509,15,1,0,1
run574,20260123_224509,16,5,0,5
run574,20260123_224509,17,0,0,0
run574,20260123_224509,18,0,0,0
run574,20260123_224509,19,0,0,0
run575,20260123_224601,0,0,0,0
run575,20260123_224601,1,2,0,2
run575,20260123_224601,2,3,0,3
run575,20260123_224601,3,0,0,0
run575,20260123_224601,4,0,0,0
run575,20260123_224601,5,1,0,1
run575,20260123_224601,6,0,0,0
run575,20260123_224601,7,0,0,0
run575,20260123_224601,8,0,0,0
run575,20260123_224601,9,0,0,0
run575,20260123_224601,10,2,0,2
run575,20260123_224601,11,1,0,1
run575,20260123_224601,12,3,0,3
run575,20260123_224601,13,1,0,1
run575,20260123_224601,14,1,0,1
run575,20260123_224601,15,1,0,1
run575,20260123_224601,16,0,0,0
run575,20260123_224601,17,0,0,0
run575,20260123_224601,18,0,0,0
run575,20260123_224601,19,0,0,0
run576,20260123_224653,0,0,0,0
run576,20260123_224653,1,1,1,2
run576,20260123_224653,2,2,0,2
run576,20260123_224653,3,1,0,1
run576,20260123_224653,4,0,0,0
run576,20260123_224653,5,3,17,20
run576,20260123_224653,6,0,0,0
run576,20260123_224653,7,1,0,1
run576,20260123_224653,8,0,0,0
run576,20260123_224653,9,0,3,3
run576,20260123_224653,10,1830,0,1830
run576,20260123_224653,11,2,1,3
run576,20260123_224653,12,1,0,1
run576,20260123_224653,13,4,0,4
run576,20260123_224653,14,2,0,2
run576,20260123_224653,15,0,0,0
run576,20260123_224653,16,1,0,1
run576,20260123_224653,17,1,0,1
run576,20260123_224653,18,0,1,1
run576,20260123_224653,19,0,0,0
run577,20260123_224741,0,1,0,1
run577,20260123_224741,1,2,0,2
run577,20260123_224741,2,2,0,2
run577,20260123_224741,3,2,0,2
run577,20260123_224741,4,0,0,0
run577,20260123_224741,5,1,0,1
run577,20260123_224741,6,2,0,2
run577,20260123_224741,7,0,0,0
run577,20260123_224741,8,0,0,0
run577,20260123_224741,9,0,0,0
run577,20260123_224741,10,0,0,0
run577,20260123_224741,11,0,0,0
run577,20260123_224741,12,1,0,1
run577,20260123_224741,13,0,0,0
run577,20260123_224741,14,1,0,1
run577,20260123_224741,15,2,0,2
run577,20260123_224741,16,3,0,3
run577,20260123_224741,17,1,0,1
run577,20260123_224741,18,0,0,0
run577,20260123_224741,19,0,0,0
run578,20260123_224829,0,2,0,2
run578,20260123_224829,1,1,0,1
run578,20260123_224829,2,0,0,0
run578,20260123_224829,3,1,0,1
run578,20260123_224829,4,0,0,0
run578,20260123_224829,5,1,0,1
run578,20260123_224829,6,3,0,3
run578,20260123_224829,7,2,0,2
run578,20260123_224829,8,0,0,0
run578,20260123_224829,9,0,0,0
run578,20260123_224829,10,668,0,668
run578,20260123_224829,11,2,0,2
run578,20260123_224829,12,2,0,2
run578,20260123_224829,13,1,0,1
run578,20260123_224829,14,0,0,0
run578,20260123_224829,15,1333,0,1333
run578,20260123_224829,16,2,0,2
run578,20260123_224829,17,1,0,1
run578,20260123_224829,18,0,0,0
run578,20260123_224829,19,0,0,0
run579,20260123_224917,0,0,0,0
run579,20260123_224917,1,2,0,2
run579,20260123_224917,2,0,0,0
run579,20260123_224917,3,1,0,1
run579,20260123_224917,4,3,0,3
run579,20260123_224917,5,3,0,3
run579,20260123_224917,6,0,0,0
run579,20260123_224917,7,2,0,2
run579,20260123_224917,8,0,0,0
run579,20260123_224917,9,0,0,0
run579,20260123_224917,10,1,0,1
run579,20260123_224917,11,2002,0,2002
run579,20260123_224917,12,1,0,1
run579,20260123_224917,13,0,0,0
run579,20260123_224917,14,1,0,1
run579,20260123_224917,15,0,0,0
run579,20260123_224917,16,2,0,2
run579,20260123_224917,17,0,0,0
run579,20260123_224917,18,0,0,0
run579,20260123_224917,19,0,0,0
run58,20260123_154209,0,1,0,1
run58,20260123_154209,1,2,0,2
run58,20260123_154209,2,2,0,2
run58,20260123_154209,3,0,0,0
run58,20260123_154209,4,0,0,0
run58,20260123_154209,5,0,0,0
run58,20260123_154209,6,766,0,766
run58,20260123_154209,7,1,0,1
run58,20260123_154209,8,0,0,0
run58,20260123_154209,9,0,0,0
run58,20260123_154209,10,0,0,0
run58,20260123_154209,11,1113,0,1113
run58,20260123_154209,12,0,0,0
run58,20260123_154209,13,2,0,2
run58,20260123_154209,14,1,0,1
run58,20260123_154209,15,3,0,3
run58,20260123_154209,16,2,0,2
run58,20260123_154209,17,0,0,0
run58,20260123_154209,18,0,0,0
run58,20260123_154209,19,0,0,0
run580,20260123_225009,0,1934,26,1960
run580,20260123_225009,1,6,36,42
run580,20260123_225009,2,2,35,37
run580,20260123_225009,3,2,34,36
run580,20260123_225009,4,4,34,38
run580,20260123_225009,5,10,17,27
run580,20260123_225009,6,2,33,35
run580,20260123_225009,7,6,18,24
run580,20260123_225009,8,0,0,0
run580,20260123_225009,9,0,0,0
run580,20260123_225009,10,21,33,54
run580,20260123_225009,11,2,34,36
run580,20260123_225009,12,3,32,35
run580,20260123_225009,13,5,32,37
run580,20260123_225009,14,3,32,35
run580,20260123_225009,15,15,10,25
run580,20260123_225009,16,9,24,33
run580,20260123_225009,17,10,6,16
run580,20260123_225009,18,0,0,0
run580,20260123_225009,19,0,0,0
run581,20260123_225057,0,0,0,0
run581,20260123_225057,1,0,0,0
run581,20260123_225057,2,2,0,2
run581,20260123_225057,3,0,0,0
run581,20260123_225057,4,1,0,1
run581,20260123_225057,5,2000,0,2000
run581,20260123_225057,6,3,0,3
run581,20260123_225057,7,2,0,2
run581,20260123_225057,8,0,0,0
run581,20260123_225057,9,0,0,0
run581,20260123_225057,10,0,0,0
run581,20260123_225057,11,1,0,1
run581,20260123_225057,12,0,0,0
run581,20260123_225057,13,1,0,1
run581,20260123_225057,14,2,0,2
run581,20260123_225057,15,2,0,2
run581,20260123_225057,16,1,0,1
run581,20260123_225057,17,0,0,0
run581,20260123_225057,18,0,0,0
run581,20260123_225057,19,0,0,0
run582,20260123_225145,0,1,0,1
run582,20260123_225145,1,1,0,1
run582,20260123_225145,2,1,0,1
run582,20260123_225145,3,0,0,0
run582,20260123_225145,4,0,0,0
run582,20260123_225145,5,0,0,0
run582,20260123_225145,6,1,0,1
run582,20260123_225145,7,0,0,0
run582,20260123_225145,8,0,0,0
run582,20260123_225145,9,0,0,0
run582,20260123_225145,10,1,0,1
run582,20260123_225145,11,2,0,2
run582,20260123_225145,12,2000,0,2000
run582,20260123_225145,13,2,0,2
run582,20260123_225145,14,1,0,1
run582,20260123_225145,15,0,0,0
run582,20260123_225145,16,2,0,2
run582,20260123_225145,17,0,0,0
run582,20260123_225145,18,0,0,0
run582,20260123_225145,19,0,0,0
run583,20260123_225237,0,2,0,2
run583,20260123_225237,1,2,0,2
run583,20260123_225237,2,0,0,0
run583,20260123_225237,3,1,0,1
run583,20260123_225237,4,2,0,2
run583,20260123_225237,5,1,0,1
run583,20260123_225237,6,2,0,2
run583,20260123_225237,7,2,0,2
run583,20260123_225237,8,0,1,1
run583,20260123_225237,9,0,0,0
run583,20260123_225237,10,1,0,1
run583,20260123_225237,11,1,0,1
run583,20260123_225237,12,0,0,0
run583,20260123_225237,13,1999,0,1999
run583,20260123_225237,14,0,0,0
run583,20260123_225237,15,2,0,2
run583,20260123_225237,16,2,0,2
run583,20260123_225237,17,0,0,0
run583,20260123_225237,18,0,0,0
run583,20260123_225237,19,0,0,0
run584,20260123_225325,0,2,0,2
run584,20260123_225325,1,1,0,1
run584,20260123_225325,2,1,0,1
run584,20260123_225325,3,2,0,2
run584,20260123_225325,4,3,0,3
run584,20260123_225325,5,0,0,0
run584,20260123_225325,6,0,0,0
run584,20260123_225325,7,1,0,1
run584,20260123_225325,8,0,0,0
run584,20260123_225325,9,0,0,0
run584,20260123_225325,10,3,0,3
run584,20260123_225325,11,1,0,1
run584,20260123_225325,12,0,0,0
run584,20260123_225325,13,2000,0,2000
run584,20260123_225325,14,13,0,13
run584,20260123_225325,15,0,0,0
run584,20260123_225325,16,1,0,1
run584,20260123_225325,17,0,0,0
run584,20260123_225325,18,0,0,0
run584,20260123_225325,19,0,0,0
run585,20260123_225413,0,0,0,0
run585,20260123_225413,1,0,0,0
run585,20260123_225413,2,0,0,0
run585,20260123_225413,3,1,0,1
run585,20260123_225413,4,1,0,1
run585,20260123_225413,5,0,0,0
run585,20260123_225413,6,1,0,1
run585,20260123_225413,7,1,0,1
run585,20260123_225413,8,0,0,0
run585,20260123_225413,9,0,0,0
run585,20260123_225413,10,0,0,0
run585,20260123_225413,11,1,0,1
run585,20260123_225413,12,1,0,1
run585,20260123_225413,13,2000,0,2000
run585,20260123_225413,14,0,0,0
run585,20260123_225413,15,1,0,1
run585,20260123_225413,16,0,0,0
run585,20260123_225413,17,0,0,0
run585,20260123_225413,18,0,0,0
run585,20260123_225413,19,0,0,0
run586,20260123_225501,0,3,0,3
run586,20260123_225501,1,0,0,0
run586,20260123_225501,2,3,0,3
run586,20260123_225501,3,2000,0,2000
run586,20260123_225501,4,3,0,3
run586,20260123_225501,5,3,0,3
run586,20260123_225501,6,2,0,2
run586,20260123_225501,7,0,0,0
run586,20260123_225501,8,0,0,0
run586,20260123_225501,9,0,0,0
run586,20260123_225501,10,2,0,2
run586,20260123_225501,11,0,0,0
run586,20260123_225501,12,2,0,2
run586,20260123_225501,13,1,0,1
run586,20260123_225501,14,2,0,2
run586,20260123_225501,15,1,0,1
run586,20260123_225501,16,0,0,0
run586,20260123_225501,17,0,0,0
run586,20260123_225501,18,0,0,0
run586,20260123_225501,19,0,0,0
run587,20260123_225549,0,1,0,1
run587,20260123_225549,1,0,0,0
run587,20260123_225549,2,3,0,3
run587,20260123_225549,3,0,0,0
run587,20260123_225549,4,2,0,2
run587,20260123_225549,5,5,0,5
run587,20260123_225549,6,0,0,0
run587,20260123_225549,7,1,0,1
run587,20260123_225549,8,0,0,0
run587,20260123_225549,9,0,0,0
run587,20260123_225549,10,0,0,0
run587,20260123_225549,11,0,0,0
run587,20260123_225549,12,1,0,1
run587,20260123_225549,13,1,0,1
run587,20260123_225549,14,2001,0,2001
run587,20260123_225549,15,1,0,1
run587,20260123_225549,16,1,0,1
run587,20260123_225549,17,0,0,0
run587,20260123_225549,18,0,0,0
run587,20260123_225549,19,0,0,0
run588,20260123_225637,0,0,0,0
run588,20260123_225637,1,2,0,2
run588,20260123_225637,2,0,0,0
run588,20260123_225637,3,0,0,0
run588,20260123_225637,4,2000,0,2000
run588,20260123_225637,5,2,0,2
run588,20260123_225637,6,1,0,1
run588,20260123_225637,7,1,0,1
run588,20260123_225637,8,0,0,0
run588,20260123_225637,9,0,0,0
run588,20260123_225637,10,0,0,0
run588,20260123_225637,11,0,0,0
run588,20260123_225637,12,0,0,0
run588,20260123_225637,13,1,0,1
run588,20260123_225637,14,3,0,3
run588,20260123_225637,15,0,0,0
run588,20260123_225637,16,1,0,1
run588,20260123_225637,17,0,0,0
run588,20260123_225637,18,0,0,0
run588,20260123_225637,19,0,0,0
run589,20260123_225725,0,0,0,0
run589,20260123_225725,1,1,0,1
run589,20260123_225725,2,3,0,3
run589,20260123_225725,3,1,0,1
run589,20260123_225725,4,2001,0,2001
run589,20260123_225725,5,1,0,1
run589,20260123_225725,6,2,1,3
run589,20260123_225725,7,0,1,1
run589,20260123_225725,8,0,0,0
run589,20260123_225725,9,0,2,2
run589,20260123_225725,10,1,1,2
run589,20260123_225725,11,1,1,2
run589,20260123_225725,12,0,1,1
run589,20260123_225725,13,1,1,2
run589,20260123_225725,14,1,1,2
run589,20260123_225725,15,0,0,0
run589,20260123_225725,16,1,0,1
run589,20260123_225725,17,0,0,0
run589,20260123_225725,18,0,0,0
run589,20260123_225725,19,0,0,0
run59,20260123_154257,0,0,0,0
run59,20260123_154257,1,1,0,1
run59,20260123_154257,2,2,0,2
run59,20260123_154257,3,1,0,1
run59,20260123_154257,4,1,0,1
run59,20260123_154257,5,1,0,1
run59,20260123_154257,6,1,0,1
run59,20260123_154257,7,3,0,3
run59,20260123_154257,8,0,0,0
run59,20260123_154257,9,0,0,0
run59,20260123_154257,10,1,0,1
run59,20260123_154257,11,0,0,0
run59,20260123_154257,12,2,0,2
run59,20260123_154257,13,2,0,2
run59,20260123_154257,14,4,0,4
run59,20260123_154257,15,2000,0,2000
run59,20260123_154257,16,2,0,2
run59,20260123_154257,17,2,0,2
run59,20260123_154257,18,0,0,0
run59,20260123_154257,19,0,0,0
run590,20260123_225813,0,1,0,1
run590,20260123_225813,1,723,0,723
run590,20260123_225813,2,761,0,761
run590,20260123_225813,3,652,0,652
run590,20260123_225813,4,3,0,3
run590,20260123_225813,5,0,0,0
run590,20260123_225813,6,1,0,1
run590,20260123_225813,7,0,0,0
run590,20260123_225813,8,0,0,0
run590,20260123_225813,9,0,0,0
run590,20260123_225813,10,0,0,0
run590,20260123_225813,11,2,0,2
run590,20260123_225813,12,3,0,3
run590,20260123_225813,13,2,0,2
run590,20260123_225813,14,2,0,2
run590,20260123_225813,15,1,0,1
run590,20260123_225813,16,4,0,4
run590,20260123_225813,17,0,0,0
run590,20260123_225813,18,0,0,0
run590,20260123_225813,19,0,0,0
run590,20260123_225812,0,1,0,1
run590,20260123_225812,1,723,0,723
run590,20260123_225812,2,761,0,761
run590,20260123_225812,3,652,0,652
run590,20260123_225812,4,3,0,3
run590,20260123_225812,5,0,0,0
run590,20260123_225812,6,1,0,1
run590,20260123_225812,7,0,0,0
run590,20260123_225812,8,0,0,0
run590,20260123_225812,9,0,0,0
run590,20260123_225812,10,0,0,0
run590,20260123_225812,11,2,0,2
run590,20260123_225812,12,3,0,3
run590,20260123_225812,13,2,0,2
run590,20260123_225812,14,2,0,2
run590,20260123_225812,15,1,0,1
run590,20260123_225812,16,4,0,4
run590,20260123_225812,17,0,0,0
run590,20260123_225812,18,0,0,0
run590,20260123_225812,19,0,0,0
run591,20260123_225900,0,0,0,0
run591,20260123_225900,1,2,0,2
run591,20260123_225900,2,0,0,0
run591,20260123_225900,3,0,0,0
run591,20260123_225900,4,4,0,4
run591,20260123_225900,5,3,0,3
run591,20260123_225900,6,4,0,4
run591,20260123_225900,7,1,0,1
run591,20260123_225900,8,0,0,0
run591,20260123_225900,9,0,0,0
run591,20260123_225900,10,1,0,1
run591,20260123_225900,11,0,0,0
run591,20260123_225900,12,0,0,0
run591,20260123_225900,13,0,0,0
run591,20260123_225900,14,2001,0,2001
run591,20260123_225900,15,0,0,0
run591,20260123_225900,16,1,0,1
run591,20260123_225900,17,0,0,0
run591,20260123_225900,18,0,0,0
run591,20260123_225900,19,0,0,0
run592,20260123_225952,0,1,0,1
run592,20260123_225952,1,2002,0,2002
run592,20260123_225952,2,1,0,1
run592,20260123_225952,3,1,0,1
run592,20260123_225952,4,4,0,4
run592,20260123_225952,5,1,0,1
run592,20260123_225952,6,0,0,0
run592,20260123_225952,7,1,0,1
run592,20260123_225952,8,0,0,0
run592,20260123_225952,9,0,0,0
run592,20260123_225952,10,1,0,1
run592,20260123_225952,11,1,0,1
run592,20260123_225952,12,0,0,0
run592,20260123_225952,13,0,0,0
run592,20260123_225952,14,2,0,2
run592,20260123_225952,15,2,0,2
run592,20260123_225952,16,3,0,3
run592,20260123_225952,17,0,0,0
run592,20260123_225952,18,0,0,0
run592,20260123_225952,19,0,0,0
run593,20260123_230040,0,0,0,0
run593,20260123_230040,1,2,0,2
run593,20260123_230040,2,2,0,2
run593,20260123_230040,3,1,0,1
run593,20260123_230040,4,0,0,0
run593,20260123_230040,5,2,0,2
run593,20260123_230040,6,2,0,2
run593,20260123_230040,7,0,0,0
run593,20260123_230040,8,0,0,0
run593,20260123_230040,9,0,0,0
run593,20260123_230040,10,0,0,0
run593,20260123_230040,11,3,0,3
run593,20260123_230040,12,0,0,0
run593,20260123_230040,13,2,0,2
run593,20260123_230040,14,1,0,1
run593,20260123_230040,15,2,0,2
run593,20260123_230040,16,3,0,3
run593,20260123_230040,17,206,0,206
run593,20260123_230040,18,0,0,0
run593,20260123_230040,19,0,0,0
run594,20260123_230128,0,0,0,0
run594,20260123_230128,1,0,0,0
run594,20260123_230128,2,1,0,1
run594,20260123_230128,3,917,0,917
run594,20260123_230128,4,2,0,2
run594,20260123_230128,5,1,0,1
run594,20260123_230128,6,2,0,2
run594,20260123_230128,7,1,0,1
run594,20260123_230128,8,0,0,0
run594,20260123_230128,9,0,0,0
run594,20260123_230128,10,1086,0,1086
run594,20260123_230128,11,1,0,1
run594,20260123_230128,12,1,0,1
run594,20260123_230128,13,1,0,1
run594,20260123_230128,14,1,0,1
run594,20260123_230128,15,0,0,0
run594,20260123_230128,16,0,0,0
run594,20260123_230128,17,0,0,0
run594,20260123_230128,18,0,0,0
run594,20260123_230128,19,0,0,0
run595,20260123_230216,0,3,0,3
run595,20260123_230216,1,1,0,1
run595,20260123_230216,2,6,0,6
run595,20260123_230216,3,4,0,4
run595,20260123_230216,4,3,0,3
run595,20260123_230216,5,1,0,1
run595,20260123_230216,6,0,0,0
run595,20260123_230216,7,1,0,1
run595,20260123_230216,8,0,0,0
run595,20260123_230216,9,0,0,0
run595,20260123_230216,10,1,0,1
run595,20260123_230216,11,2,0,2
run595,20260123_230216,12,1,0,1
run595,20260123_230216,13,1,0,1
run595,20260123_230216,14,2,0,2
run595,20260123_230216,15,0,0,0
run595,20260123_230216,16,1,0,1
run595,20260123_230216,17,502,0,502
run595,20260123_230216,18,0,0,0
run595,20260123_230216,19,0,0,0
run596,20260123_230308,0,0,0,0
run596,20260123_230308,1,1,0,1
run596,20260123_230308,2,4,0,4
run596,20260123_230308,3,0,0,0
run596,20260123_230308,4,2,0,2
run596,20260123_230308,5,4,0,4
run596,20260123_230308,6,1,0,1
run596,20260123_230308,7,2,0,2
run596,20260123_230308,8,0,0,0
run596,20260123_230308,9,0,0,0
run596,20260123_230308,10,3,0,3
run596,20260123_230308,11,1314,0,1314
run596,20260123_230308,12,687,0,687
run596,20260123_230308,13,0,0,0
run596,20260123_230308,14,0,0,0
run596,20260123_230308,15,4,0,4
run596,20260123_230308,16,3,0,3
run596,20260123_230308,17,0,0,0
run596,20260123_230308,18,0,0,0
run596,20260123_230308,19,0,0,0
run597,20260123_230356,0,1,0,1
run597,20260123_230356,1,4,0,4
run597,20260123_230356,2,1,0,1
run597,20260123_230356,3,3,0,3
run597,20260123_230356,4,1,0,1
run597,20260123_230356,5,0,0,0
run597,20260123_230356,6,0,0,0
run597,20260123_230356,7,2,0,2
run597,20260123_230356,8,0,0,0
run597,20260123_230356,9,0,0,0
run597,20260123_230356,10,2,0,2
run597,20260123_230356,11,2,0,2
run597,20260123_230356,12,3,0,3
run597,20260123_230356,13,2,0,2
run597,20260123_230356,14,0,0,0
run597,20260123_230356,15,1,0,1
run597,20260123_230356,16,3,0,3
run597,20260123_230356,17,1,0,1
run597,20260123_230356,18,0,0,0
run597,20260123_230356,19,0,0,0
run598,20260123_230448,0,1,0,1
run598,20260123_230448,1,1998,0,1998
run598,20260123_230448,2,1,0,1
run598,20260123_230448,3,1,0,1
run598,20260123_230448,4,1,0,1
run598,20260123_230448,5,2,0,2
run598,20260123_230448,6,0,0,0
run598,20260123_230448,7,0,0,0
run598,20260123_230448,8,0,0,0
run598,20260123_230448,9,0,0,0
run598,20260123_230448,10,0,0,0
run598,20260123_230448,11,1,0,1
run598,20260123_230448,12,1,0,1
run598,20260123_230448,13,2,0,2
run598,20260123_230448,14,2,0,2
run598,20260123_230448,15,0,0,0
run598,20260123_230448,16,2,0,2
run598,20260123_230448,17,0,0,0
run598,20260123_230448,18,0,0,0
run598,20260123_230448,19,0,0,0
run599,20260123_230536,0,1,0,1
run599,20260123_230536,1,2,0,2
run599,20260123_230536,2,1,0,1
run599,20260123_230536,3,0,0,0
run599,20260123_230536,4,1,0,1
run599,20260123_230536,5,0,0,0
run599,20260123_230536,6,2,0,2
run599,20260123_230536,7,0,0,0
run599,20260123_230536,8,0,0,0
run599,20260123_230536,9,0,0,0
run599,20260123_230536,10,1,0,1
run599,20260123_230536,11,2,0,2
run599,20260123_230536,12,1,0,1
run599,20260123_230536,13,0,0,0
run599,20260123_230536,14,2,0,2
run599,20260123_230536,15,3,0,3
run599,20260123_230536,16,1,0,1
run599,20260123_230536,17,0,0,0
run599,20260123_230536,18,0,0,0
run599,20260123_230536,19,0,0,0
run6,20260123_145921,0,1,0,1
run6,20260123_145921,1,3,0,3
run6,20260123_145921,2,1,0,1
run6,20260123_145921,3,2,0,2
run6,20260123_145921,4,1,0,1
run6,20260123_145921,5,1,0,1
run6,20260123_145921,6,1,0,1
run6,20260123_145921,7,1,0,1
run6,20260123_145921,8,0,0,0
run6,20260123_145921,9,0,0,0
run6,20260123_145921,10,1707,0,1707
run6,20260123_145921,11,1,0,1
run6,20260123_145921,12,0,0,0
run6,20260123_145921,13,0,0,0
run6,20260123_145921,14,0,0,0
run6,20260123_145921,15,0,0,0
run6,20260123_145921,16,5,0,5
run6,20260123_145921,17,1,0,1
run6,20260123_145921,18,0,0,0
run6,20260123_145921,19,0,0,0
run60,20260123_154345,0,1,0,1
run60,20260123_154345,1,0,0,0
run60,20260123_154345,2,0,0,0
run60,20260123_154345,3,1,0,1
run60,20260123_154345,4,1,0,1
run60,20260123_154345,5,1,0,1
run60,20260123_154345,6,1,0,1
run60,20260123_154345,7,2,0,2
run60,20260123_154345,8,0,0,0
run60,20260123_154345,9,0,0,0
run60,20260123_154345,10,1,0,1
run60,20260123_154345,11,2,0,2
run60,20260123_154345,12,0,0,0
run60,20260123_154345,13,1,0,1
run60,20260123_154345,14,2,0,2
run60,20260123_154345,15,0,0,0
run60,20260123_154345,16,2,0,2
run60,20260123_154345,17,0,0,0
run60,20260123_154345,18,0,0,0
run60,20260123_154345,19,0,0,0
run600,20260123_230624,0,1,0,1
run600,20260123_230624,1,1,0,1
run600,20260123_230624,2,4,0,4
run600,20260123_230624,3,1,0,1
run600,20260123_230624,4,1,0,1
run600,20260123_230624,5,1,1,2
run600,20260123_230624,6,2,0,2
run600,20260123_230624,7,0,0,0
run600,20260123_230624,8,0,0,0
run600,20260123_230624,9,0,0,0
run600,20260123_230624,10,1,0,1
run600,20260123_230624,11,1,0,1
run600,20260123_230624,12,1,0,1
run600,20260123_230624,13,0,0,0
run600,20260123_230624,14,2,0,2
run600,20260123_230624,15,0,0,0
run600,20260123_230624,16,0,0,0
run600,20260123_230624,17,0,0,0
run600,20260123_230624,18,0,0,0
run600,20260123_230624,19,0,0,0
run601,20260123_230712,0,2,0,2
run601,20260123_230712,1,4,0,4
run601,20260123_230712,2,1,0,1
run601,20260123_230712,3,0,0,0
run601,20260123_230712,4,0,0,0
run601,20260123_230712,5,0,0,0
run601,20260123_230712,6,2,0,2
run601,20260123_230712,7,2,0,2
run601,20260123_230712,8,0,0,0
run601,20260123_230712,9,0,0,0
run601,20260123_230712,10,0,0,0
run601,20260123_230712,11,1,0,1
run601,20260123_230712,12,0,0,0
run601,20260123_230712,13,0,0,0
run601,20260123_230712,14,3,0,3
run601,20260123_230712,15,2,0,2
run601,20260123_230712,16,6,0,6
run601,20260123_230712,17,0,0,0
run601,20260123_230712,18,0,0,0
run601,20260123_230712,19,0,0,0
run602,20260123_230805,0,0,0,0
run602,20260123_230805,1,2,0,2
run602,20260123_230805,2,0,0,0
run602,20260123_230805,3,0,0,0
run602,20260123_230805,4,1,0,1
run602,20260123_230805,5,2,0,2
run602,20260123_230805,6,0,0,0
run602,20260123_230805,7,0,0,0
run602,20260123_230805,8,0,0,0
run602,20260123_230805,9,0,0,0
run602,20260123_230805,10,2,0,2
run602,20260123_230805,11,0,0,0
run602,20260123_230805,12,1,0,1
run602,20260123_230805,13,1,0,1
run602,20260123_230805,14,2001,0,2001
run602,20260123_230805,15,1,0,1
run602,20260123_230805,16,4,0,4
run602,20260123_230805,17,0,0,0
run602,20260123_230805,18,0,0,0
run602,20260123_230805,19,0,0,0
run603,20260123_230852,0,1,0,1
run603,20260123_230852,1,0,0,0
run603,20260123_230852,2,2,0,2
run603,20260123_230852,3,0,0,0
run603,20260123_230852,4,1,0,1
run603,20260123_230852,5,1,0,1
run603,20260123_230852,6,1,0,1
run603,20260123_230852,7,2,0,2
run603,20260123_230852,8,0,2,2
run603,20260123_230852,9,0,0,0
run603,20260123_230852,10,1,0,1
run603,20260123_230852,11,1013,0,1013
run603,20260123_230852,12,980,0,980
run603,20260123_230852,13,993,0,993
run603,20260123_230852,14,0,0,0
run603,20260123_230852,15,1,0,1
run603,20260123_230852,16,0,0,0
run603,20260123_230852,17,0,0,0
run603,20260123_230852,18,0,0,0
run603,20260123_230852,19,0,0,0
run604,20260123_230944,0,1,0,1
run604,20260123_230944,1,3,0,3
run604,20260123_230944,2,3,0,3
run604,20260123_230944,3,2,0,2
run604,20260123_230944,4,2000,0,2000
run604,20260123_230944,5,1926,68,1994
run604,20260123_230944,6,3,0,3
run604,20260123_230944,7,1,0,1
run604,20260123_230944,8,0,0,0
run604,20260123_230944,9,0,0,0
run604,20260123_230944,10,1,0,1
run604,20260123_230944,11,2,0,2
run604,20260123_230944,12,0,0,0
run604,20260123_230944,13,2,0,2
run604,20260123_230944,14,0,0,0
run604,20260123_230944,15,1,0,1
run604,20260123_230944,16,3,0,3
run604,20260123_230944,17,1,0,1
run604,20260123_230944,18,0,0,0
run604,20260123_230944,19,0,0,0
run605,20260123_231032,0,3,0,3
run605,20260123_231032,1,4,0,4
run605,20260123_231032,2,2,0,2
run605,20260123_231032,3,2001,0,2001
run605,20260123_231032,4,1,0,1
run605,20260123_231032,5,1,0,1
run605,20260123_231032,6,3,0,3
run605,20260123_231032,7,0,0,0
run605,20260123_231032,8,0,0,0
run605,20260123_231032,9,0,0,0
run605,20260123_231032,10,3,0,3
run605,20260123_231032,11,1,0,1
run605,20260123_231032,12,0,0,0
run605,20260123_231032,13,1,0,1
run605,20260123_231032,14,1,0,1
run605,20260123_231032,15,0,0,0
run605,20260123_231032,16,2,0,2
run605,20260123_231032,17,1,0,1
run605,20260123_231032,18,0,0,0
run605,20260123_231032,19,0,0,0
run606,20260123_231124,0,1,24,25
run606,20260123_231124,1,3,25,28
run606,20260123_231124,2,3,24,27
run606,20260123_231124,3,2,24,26
run606,20260123_231124,4,1,24,25
run606,20260123_231124,5,13,6,19
run606,20260123_231124,6,0,21,21
run606,20260123_231124,7,0,12,12
run606,20260123_231124,8,0,0,0
run606,20260123_231124,9,0,1,1
run606,20260123_231124,10,1967,25,1992
run606,20260123_231124,11,0,26,26
run606,20260123_231124,12,0,25,25
run606,20260123_231124,13,0,25,25
run606,20260123_231124,14,0,25,25
run606,20260123_231124,15,9,5,14
run606,20260123_231124,16,2,20,22
run606,20260123_231124,17,0,13,13
run606,20260123_231124,18,0,0,0
run606,20260123_231124,19,0,0,0
run607,20260123_231212,0,1935,30,1965
run607,20260123_231212,1,2,35,37
run607,20260123_231212,2,4,35,39
run607,20260123_231212,3,1,34,35
run607,20260123_231212,4,3,34,37
run607,20260123_231212,5,12,13,25
run607,20260123_231212,6,3,31,34
run607,20260123_231212,7,0,19,19
run607,20260123_231212,8,0,0,0
run607,20260123_231212,9,0,0,0
run607,20260123_231212,10,29,33,62
run607,20260123_231212,11,5,33,38
run607,20260123_231212,12,0,32,32
run607,20260123_231212,13,1,32,33
run607,20260123_231212,14,1,32,33
run607,20260123_231212,15,14,10,24
run607,20260123_231212,16,5,27,32
run607,20260123_231212,17,1,9,10
run607,20260123_231212,18,0,6,6
run607,20260123_231212,19,0,0,0
run608,20260123_231305,0,1,0,1
run608,20260123_231305,1,1,0,1
run608,20260123_231305,2,3,0,3
run608,20260123_231305,3,1,0,1
run608,20260123_231305,4,1,0,1
run608,20260123_231305,5,2,0,2
run608,20260123_231305,6,1,0,1
run608,20260123_231305,7,0,0,0
run608,20260123_231305,8,0,0,0
run608,20260123_231305,9,0,0,0
run608,20260123_231305,10,3,0,3
run608,20260123_231305,11,1,0,1
run608,20260123_231305,12,0,0,0
run608,20260123_231305,13,0,0,0
run608,20260123_231305,14,0,0,0
run608,20260123_231305,15,1,0,1
run608,20260123_231305,16,1,0,1
run608,20260123_231305,17,1,0,1
run608,20260123_231305,18,0,0,0
run608,20260123_231305,19,0,0,0
run608,20260123_231304,0,1,0,1
run608,20260123_231304,1,1,0,1
run608,20260123_231304,2,3,0,3
run608,20260123_231304,3,1,0,1
run608,20260123_231304,4,1,0,1
run608,20260123_231304,5,2,0,2
run608,20260123_231304,6,1,0,1
run608,20260123_231304,7,0,0,0
run608,20260123_231304,8,0,0,0
run608,20260123_231304,9,0,0,0
run608,20260123_231304,10,3,0,3
run608,20260123_231304,11,1,0,1
run608,20260123_231304,12,0,0,0
run608,20260123_231304,13,0,0,0
run608,20260123_231304,14,0,0,0
run608,20260123_231304,15,1,0,1
run608,20260123_231304,16,1,0,1
run608,20260123_231304,17,1,0,1
run608,20260123_231304,18,0,0,0
run608,20260123_231304,19,0,0,0
run609,20260123_231356,0,0,0,0
run609,20260123_231356,1,4,0,4
run609,20260123_231356,2,2,0,2
run609,20260123_231356,3,1873,0,1873
run609,20260123_231356,4,1,0,1
run609,20260123_231356,5,0,0,0
run609,20260123_231356,6,0,0,0
run609,20260123_231356,7,0,0,0
run609,20260123_231356,8,0,0,0
run609,20260123_231356,9,0,0,0
run609,20260123_231356,10,0,0,0
run609,20260123_231356,11,2,0,2
run609,20260123_231356,12,3,0,3
run609,20260123_231356,13,1,0,1
run609,20260123_231356,14,1,0,1
run609,20260123_231356,15,2,0,2
run609,20260123_231356,16,2,0,2
run609,20260123_231356,17,30,0,30
run609,20260123_231356,18,0,0,0
run609,20260123_231356,19,0,0,0
run609,20260123_231357,0,0,0,0
run609,20260123_231357,1,4,0,4
run609,20260123_231357,2,2,0,2
run609,20260123_231357,3,1873,0,1873
run609,20260123_231357,4,1,0,1
run609,20260123_231357,5,0,0,0
run609,20260123_231357,6,0,0,0
run609,20260123_231357,7,0,0,0
run609,20260123_231357,8,0,0,0
run609,20260123_231357,9,0,0,0
run609,20260123_231357,10,0,0,0
run609,20260123_231357,11,2,0,2
run609,20260123_231357,12,3,0,3
run609,20260123_231357,13,1,0,1
run609,20260123_231357,14,1,0,1
run609,20260123_231357,15,2,0,2
run609,20260123_231357,16,2,0,2
run609,20260123_231357,17,30,0,30
run609,20260123_231357,18,0,0,0
run609,20260123_231357,19,0,0,0
run61,20260123_154433,0,0,0,0
run61,20260123_154433,1,0,0,0
run61,20260123_154433,2,0,0,0
run61,20260123_154433,3,3,0,3
run61,20260123_154433,4,0,0,0
run61,20260123_154433,5,2,0,2
run61,20260123_154433,6,1,0,1
run61,20260123_154433,7,1,0,1
run61,20260123_154433,8,0,0,0
run61,20260123_154433,9,0,0,0
run61,20260123_154433,10,1091,0,1091
run61,20260123_154433,11,1,0,1
run61,20260123_154433,12,1,0,1
run61,20260123_154433,13,909,0,909
run61,20260123_154433,14,1,0,1
run61,20260123_154433,15,4,0,4
run61,20260123_154433,16,1,0,1
run61,20260123_154433,17,0,0,0
run61,20260123_154433,18,0,0,0
run61,20260123_154433,19,0,0,0
run610,20260123_231444,0,1,0,1
run610,20260123_231444,1,0,0,0
run610,20260123_231444,2,0,0,0
run610,20260123_231444,3,1,0,1
run610,20260123_231444,4,1,0,1
run610,20260123_231444,5,2,0,2
run610,20260123_231444,6,265,0,265
run610,20260123_231444,7,1689,0,1689
run610,20260123_231444,8,0,0,0
run610,20260123_231444,9,0,0,0
run610,20260123_231444,10,1,0,1
run610,20260123_231444,11,2,0,2
run610,20260123_231444,12,1,0,1
run610,20260123_231444,13,3,0,3
run610,20260123_231444,14,1,0,1
run610,20260123_231444,15,1,0,1
run610,20260123_231444,16,3,0,3
run610,20260123_231444,17,1,0,1
run610,20260123_231444,18,0,0,0
run610,20260123_231444,19,0,0,0
run611,20260123_231534,0,0,0,0
run611,20260123_231534,1,3,0,3
run611,20260123_231534,2,2,0,2
run611,20260123_231534,3,0,0,0
run611,20260123_231534,4,1,0,1
run611,20260123_231534,5,0,0,0
run611,20260123_231534,6,0,0,0
run611,20260123_231534,7,0,0,0
run611,20260123_231534,8,0,0,0
run611,20260123_231534,9,0,0,0
run611,20260123_231534,10,5,0,5
run611,20260123_231534,11,0,0,0
run611,20260123_231534,12,2001,0,2001
run611,20260123_231534,13,2,0,2
run611,20260123_231534,14,2,0,2
run611,20260123_231534,15,2,0,2
run611,20260123_231534,16,3,0,3
run611,20260123_231534,17,1,0,1
run611,20260123_231534,18,0,0,0
run611,20260123_231534,19,0,0,0
run612,20260123_231622,0,1,0,1
run612,20260123_231622,1,2,0,2
run612,20260123_231622,2,2000,0,2000
run612,20260123_231622,3,0,0,0
run612,20260123_231622,4,0,0,0
run612,20260123_231622,5,2,0,2
run612,20260123_231622,6,1,0,1
run612,20260123_231622,7,0,0,0
run612,20260123_231622,8,0,0,0
run612,20260123_231622,9,0,0,0
run612,20260123_231622,10,0,1,1
run612,20260123_231622,11,1,1,2
run612,20260123_231622,12,0,0,0
run612,20260123_231622,13,0,0,0
run612,20260123_231622,14,1,0,1
run612,20260123_231622,15,0,0,0
run612,20260123_231622,16,0,0,0
run612,20260123_231622,17,0,0,0
run612,20260123_231622,18,0,0,0
run612,20260123_231622,19,0,0,0
run613,20260123_231710,0,1,0,1
run613,20260123_231710,1,0,0,0
run613,20260123_231710,2,1,0,1
run613,20260123_231710,3,874,0,874
run613,20260123_231710,4,1126,0,1126
run613,20260123_231710,5,2,0,2
run613,20260123_231710,6,1,0,1
run613,20260123_231710,7,1,0,1
run613,20260123_231710,8,0,0,0
run613,20260123_231710,9,0,0,0
run613,20260123_231710,10,0,0,0
run613,20260123_231710,11,1,0,1
run613,20260123_231710,12,2,0,2
run613,20260123_231710,13,1,0,1
run613,20260123_231710,14,2,0,2
run613,20260123_231710,15,2,0,2
run613,20260123_231710,16,2,0,2
run613,20260123_231710,17,0,0,0
run613,20260123_231710,18,0,0,0
run613,20260123_231710,19,0,0,0
run614,20260123_231803,0,0,0,0
run614,20260123_231803,1,1319,0,1319
run614,20260123_231803,2,2,0,2
run614,20260123_231803,3,2,0,2
run614,20260123_231803,4,1,0,1
run614,20260123_231803,5,1,0,1
run614,20260123_231803,6,1,0,1
run614,20260123_231803,7,2,0,2
run614,20260123_231803,8,0,0,0
run614,20260123_231803,9,0,0,0
run614,20260123_231803,10,1,0,1
run614,20260123_231803,11,0,0,0
run614,20260123_231803,12,1,0,1
run614,20260123_231803,13,2,0,2
run614,20260123_231803,14,0,0,0
run614,20260123_231803,15,0,0,0
run614,20260123_231803,16,1,0,1
run614,20260123_231803,17,0,0,0
run614,20260123_231803,18,0,0,0
run614,20260123_231803,19,0,0,0
run615,20260123_231851,0,1,0,1
run615,20260123_231851,1,1,0,1
run615,20260123_231851,2,4,0,4
run615,20260123_231851,3,3,0,3
run615,20260123_231851,4,1,0,1
run615,20260123_231851,5,2001,0,2001
run615,20260123_231851,6,2,0,2
run615,20260123_231851,7,0,0,0
run615,20260123_231851,8,0,0,0
run615,20260123_231851,9,0,0,0
run615,20260123_231851,10,0,0,0
run615,20260123_231851,11,0,0,0
run615,20260123_231851,12,2,0,2
run615,20260123_231851,13,1,0,1
run615,20260123_231851,14,3,0,3
run615,20260123_231851,15,1,0,1
run615,20260123_231851,16,1,0,1
run615,20260123_231851,17,0,0,0
run615,20260123_231851,18,0,0,0
run615,20260123_231851,19,0,0,0
run616,20260123_231939,0,1,0,1
run616,20260123_231939,1,2,0,2
run616,20260123_231939,2,1,0,1
run616,20260123_231939,3,2,0,2
run616,20260123_231939,4,1,0,1
run616,20260123_231939,5,1,0,1
run616,20260123_231939,6,1,0,1
run616,20260123_231939,7,1,0,1
run616,20260123_231939,8,0,0,0
run616,20260123_231939,9,0,0,0
run616,20260123_231939,10,2,0,2
run616,20260123_231939,11,0,0,0
run616,20260123_231939,12,2,0,2
run616,20260123_231939,13,1,0,1
run616,20260123_231939,14,0,0,0
run616,20260123_231939,15,2001,0,2001
run616,20260123_231939,16,3,0,3
run616,20260123_231939,17,1,0,1
run616,20260123_231939,18,0,0,0
run616,20260123_231939,19,0,0,0
run617,20260123_232027,0,0,0,0
run617,20260123_232027,1,1,0,1
run617,20260123_232027,2,3,0,3
run617,20260123_232027,3,2,0,2
run617,20260123_232027,4,2,0,2
run617,20260123_232027,5,0,0,0
run617,20260123_232027,6,2,0,2
run617,20260123_232027,7,0,0,0
run617,20260123_232027,8,0,0,0
run617,20260123_232027,9,0,0,0
run617,20260123_232027,10,2,0,2
run617,20260123_232027,11,1,0,1
run617,20260123_232027,12,2,0,2
run617,20260123_232027,13,4,0,4
run617,20260123_232027,14,1,0,1
run617,20260123_232027,15,0,0,0
run617,20260123_232027,16,0,0,0
run617,20260123_232027,17,0,0,0
run617,20260123_232027,18,0,0,0
run617,20260123_232027,19,0,0,0
run618,20260123_232119,0,0,0,0
run618,20260123_232119,1,5,0,5
run618,20260123_232119,2,0,0,0
run618,20260123_232119,3,0,0,0
run618,20260123_232119,4,2,0,2
run618,20260123_232119,5,2,0,2
run618,20260123_232119,6,0,0,0
run618,20260123_232119,7,3,0,3
run618,20260123_232119,8,0,0,0
run618,20260123_232119,9,0,0,0
run618,20260123_232119,10,1,0,1
run618,20260123_232119,11,3,0,3
run618,20260123_232119,12,0,0,0
run618,20260123_232119,13,2002,0,2002
run618,20260123_232119,14,1,0,1
run618,20260123_232119,15,0,0,0
run618,20260123_232119,16,2,0,2
run618,20260123_232119,17,1,0,1
run618,20260123_232119,18,0,0,0
run618,20260123_232119,19,0,0,0
run619,20260123_232207,0,1,0,1
run619,20260123_232207,1,1,0,1
run619,20260123_232207,2,2,0,2
run619,20260123_232207,3,0,0,0
run619,20260123_232207,4,3,0,3
run619,20260123_232207,5,1,0,1
run619,20260123_232207,6,0,0,0
run619,20260123_232207,7,0,0,0
run619,20260123_232207,8,0,0,0
run619,20260123_232207,9,0,0,0
run619,20260123_232207,10,0,0,0
run619,20260123_232207,11,1,0,1
run619,20260123_232207,12,0,0,0
run619,20260123_232207,13,0,0,0
run619,20260123_232207,14,1988,0,1988
run619,20260123_232207,15,0,0,0
run619,20260123_232207,16,3,0,3
run619,20260123_232207,17,1,0,1
run619,20260123_232207,18,0,0,0
run619,20260123_232207,19,0,0,0
run62,20260123_154521,0,0,0,0
run62,20260123_154521,1,0,0,0
run62,20260123_154521,2,1,0,1
run62,20260123_154521,3,1,0,1
run62,20260123_154521,4,0,0,0
run62,20260123_154521,5,1,0,1
run62,20260123_154521,6,1,0,1
run62,20260123_154521,7,1,0,1
run62,20260123_154521,8,0,0,0
run62,20260123_154521,9,0,0,0
run62,20260123_154521,10,2001,0,2001
run62,20260123_154521,11,0,0,0
run62,20260123_154521,12,1,0,1
run62,20260123_154521,13,1,0,1
run62,20260123_154521,14,2,0,2
run62,20260123_154521,15,0,0,0
run62,20260123_154521,16,0,0,0
run62,20260123_154521,17,0,0,0
run62,20260123_154521,18,0,0,0
run62,20260123_154521,19,0,0,0
run620,20260123_232256,0,0,0,0
run620,20260123_232256,1,0,0,0
run620,20260123_232256,2,1,0,1
run620,20260123_232256,3,0,0,0
run620,20260123_232256,4,1,0,1
run620,20260123_232256,5,1,0,1
run620,20260123_232256,6,2,0,2
run620,20260123_232256,7,2,0,2
run620,20260123_232256,8,0,0,0
run620,20260123_232256,9,0,0,0
run620,20260123_232256,10,1,0,1
run620,20260123_232256,11,0,0,0
run620,20260123_232256,12,1,0,1
run620,20260123_232256,13,1,0,1
run620,20260123_232256,14,0,0,0
run620,20260123_232256,15,2,0,2
run620,20260123_232256,16,2,0,2
run620,20260123_232256,17,1,0,1
run620,20260123_232256,18,0,0,0
run620,20260123_232256,19,0,0,0
run620,20260123_232257,0,0,0,0
run620,20260123_232257,1,0,0,0
run620,20260123_232257,2,1,0,1
run620,20260123_232257,3,0,0,0
run620,20260123_232257,4,1,0,1
run620,20260123_232257,5,1,0,1
run620,20260123_232257,6,2,0,2
run620,20260123_232257,7,2,0,2
run620,20260123_232257,8,0,0,0
run620,20260123_232257,9,0,0,0
run620,20260123_232257,10,1,0,1
run620,20260123_232257,11,0,0,0
run620,20260123_232257,12,1,0,1
run620,20260123_232257,13,1,0,1
run620,20260123_232257,14,0,0,0
run620,20260123_232257,15,2,0,2
run620,20260123_232257,16,2,0,2
run620,20260123_232257,17,1,0,1
run620,20260123_232257,18,0,0,0
run620,20260123_232257,19,0,0,0
run621,20260123_232345,0,2,0,2
run621,20260123_232345,1,0,0,0
run621,20260123_232345,2,2,0,2
run621,20260123_232345,3,2,0,2
run621,20260123_232345,4,1,0,1
run621,20260123_232345,5,2,2,4
run621,20260123_232345,6,0,0,0
run621,20260123_232345,7,1,0,1
run621,20260123_232345,8,0,0,0
run621,20260123_232345,9,0,0,0
run621,20260123_232345,10,2,0,2
run621,20260123_232345,11,1,0,1
run621,20260123_232345,12,1,0,1
run621,20260123_232345,13,2,0,2
run621,20260123_232345,14,0,0,0
run621,20260123_232345,15,1986,0,1986
run621,20260123_232345,16,2,0,2
run621,20260123_232345,17,0,0,0
run621,20260123_232345,18,0,0,0
run621,20260123_232345,19,0,0,0
run621,20260123_232344,0,2,0,2
run621,20260123_232344,1,0,0,0
run621,20260123_232344,2,2,0,2
run621,20260123_232344,3,2,0,2
run621,20260123_232344,4,1,0,1
run621,20260123_232344,5,2,2,4
run621,20260123_232344,6,0,0,0
run621,20260123_232344,7,1,0,1
run621,20260123_232344,8,0,0,0
run621,20260123_232344,9,0,0,0
run621,20260123_232344,10,2,0,2
run621,20260123_232344,11,1,0,1
run621,20260123_232344,12,1,0,1
run621,20260123_232344,13,2,0,2
run621,20260123_232344,14,0,0,0
run621,20260123_232344,15,1986,0,1986
run621,20260123_232344,16,2,0,2
run621,20260123_232344,17,0,0,0
run621,20260123_232344,18,0,0,0
run621,20260123_232344,19,0,0,0
run622,20260123_232432,0,1,0,1
run622,20260123_232432,1,0,0,0
run622,20260123_232432,2,1,0,1
run622,20260123_232432,3,0,0,0
run622,20260123_232432,4,1,0,1
run622,20260123_232432,5,0,0,0
run622,20260123_232432,6,2,0,2
run622,20260123_232432,7,1,0,1
run622,20260123_232432,8,0,0,0
run622,20260123_232432,9,0,0,0
run622,20260123_232432,10,0,0,0
run622,20260123_232432,11,0,0,0
run622,20260123_232432,12,0,0,0
run622,20260123_232432,13,1,0,1
run622,20260123_232432,14,1,0,1
run622,20260123_232432,15,2001,0,2001
run622,20260123_232432,16,1,0,1
run622,20260123_232432,17,0,0,0
run622,20260123_232432,18,0,0,0
run622,20260123_232432,19,0,0,0
run623,20260123_232524,0,1,0,1
run623,20260123_232524,1,2,0,2
run623,20260123_232524,2,1,0,1
run623,20260123_232524,3,4,0,4
run623,20260123_232524,4,1,0,1
run623,20260123_232524,5,2,14,16
run623,20260123_232524,6,1055,0,1055
run623,20260123_232524,7,1,0,1
run623,20260123_232524,8,0,0,0
run623,20260123_232524,9,0,0,0
run623,20260123_232524,10,3,0,3
run623,20260123_232524,11,1,0,1
run623,20260123_232524,12,2,0,2
run623,20260123_232524,13,0,0,0
run623,20260123_232524,14,1,0,1
run623,20260123_232524,15,0,0,0
run623,20260123_232524,16,1,0,1
run623,20260123_232524,17,0,0,0
run623,20260123_232524,18,0,0,0
run623,20260123_232524,19,0,0,0
run624,20260123_232612,0,1,0,1
run624,20260123_232612,1,0,0,0
run624,20260123_232612,2,2000,0,2000
run624,20260123_232612,3,2,0,2
run624,20260123_232612,4,0,0,0
run624,20260123_232612,5,0,0,0
run624,20260123_232612,6,0,0,0
run624,20260123_232612,7,0,0,0
run624,20260123_232612,8,0,0,0
run624,20260123_232612,9,0,0,0
run624,20260123_232612,10,0,0,0
run624,20260123_232612,11,3,0,3
run624,20260123_232612,12,0,0,0
run624,20260123_232612,13,0,0,0
run624,20260123_232612,14,0,0,0
run624,20260123_232612,15,1,0,1
run624,20260123_232612,16,3,0,3
run624,20260123_232612,17,1,0,1
run624,20260123_232612,18,0,0,0
run624,20260123_232612,19,0,0,0
run625,20260123_232704,0,0,0,0
run625,20260123_232704,1,0,0,0
run625,20260123_232704,2,2,0,2
run625,20260123_232704,3,1,0,1
run625,20260123_232704,4,0,0,0
run625,20260123_232704,5,2,0,2
run625,20260123_232704,6,904,0,904
run625,20260123_232704,7,922,0,922
run625,20260123_232704,8,0,0,0
run625,20260123_232704,9,0,0,0
run625,20260123_232704,10,2,0,2
run625,20260123_232704,11,1,0,1
run625,20260123_232704,12,0,0,0
run625,20260123_232704,13,1,0,1
run625,20260123_232704,14,1,0,1
run625,20260123_232704,15,1,0,1
run625,20260123_232704,16,4,0,4
run625,20260123_232704,17,0,0,0
run625,20260123_232704,18,0,0,0
run625,20260123_232704,19,0,0,0
run626,20260123_232752,0,0,0,0
run626,20260123_232752,1,0,0,0
run626,20260123_232752,2,1,0,1
run626,20260123_232752,3,0,0,0
run626,20260123_232752,4,1,0,1
run626,20260123_232752,5,4,0,4
run626,20260123_232752,6,0,0,0
run626,20260123_232752,7,2000,0,2000
run626,20260123_232752,8,0,0,0
run626,20260123_232752,9,0,0,0
run626,20260123_232752,10,3,0,3
run626,20260123_232752,11,1,0,1
run626,20260123_232752,12,1,0,1
run626,20260123_232752,13,1,0,1
run626,20260123_232752,14,1,0,1
run626,20260123_232752,15,2,0,2
run626,20260123_232752,16,2,0,2
run626,20260123_232752,17,0,0,0
run626,20260123_232752,18,0,0,0
run626,20260123_232752,19,0,0,0
run627,20260123_232844,0,1,0,1
run627,20260123_232844,1,2003,0,2003
run627,20260123_232844,2,0,0,0
run627,20260123_232844,3,0,0,0
run627,20260123_232844,4,3,0,3
run627,20260123_232844,5,0,0,0
run627,20260123_232844,6,1,0,1
run627,20260123_232844,7,1,0,1
run627,20260123_232844,8,0,0,0
run627,20260123_232844,9,0,0,0
run627,20260123_232844,10,3,0,3
run627,20260123_232844,11,1,0,1
run627,20260123_232844,12,0,0,0
run627,20260123_232844,13,1,0,1
run627,20260123_232844,14,3,0,3
run627,20260123_232844,15,2,0,2
run627,20260123_232844,16,2,0,2
run627,20260123_232844,17,0,0,0
run627,20260123_232844,18,0,0,0
run627,20260123_232844,19,0,0,0
run628,20260123_232936,0,1,0,1
run628,20260123_232936,1,1,0,1
run628,20260123_232936,2,2001,0,2001
run628,20260123_232936,3,1,0,1
run628,20260123_232936,4,1,0,1
run628,20260123_232936,5,2,0,2
run628,20260123_232936,6,0,0,0
run628,20260123_232936,7,2,0,2
run628,20260123_232936,8,0,0,0
run628,20260123_232936,9,0,0,0
run628,20260123_232936,10,1,0,1
run628,20260123_232936,11,0,0,0
run628,20260123_232936,12,1,0,1
run628,20260123_232936,13,0,0,0
run628,20260123_232936,14,1,0,1
run628,20260123_232936,15,1,0,1
run628,20260123_232936,16,0,0,0
run628,20260123_232936,17,0,0,0
run628,20260123_232936,18,0,0,0
run628,20260123_232936,19,0,0,0
run629,20260123_233024,0,2,114,116
run629,20260123_233024,1,2,113,115
run629,20260123_233024,2,2,113,115
run629,20260123_233024,3,1,113,114
run629,20260123_233024,4,2,113,115
run629,20260123_233024,5,2,0,2
run629,20260123_233024,6,0,0,0
run629,20260123_233024,7,1,0,1
run629,20260123_233024,8,0,0,0
run629,20260123_233024,9,0,0,0
run629,20260123_233024,10,8,0,8
run629,20260123_233024,11,4,0,4
run629,20260123_233024,12,1547,0,1547
run629,20260123_233024,13,1,0,1
run629,20260123_233024,14,1,0,1
run629,20260123_233024,15,2,0,2
run629,20260123_233024,16,2,99,101
run629,20260123_233024,17,1,57,58
run629,20260123_233024,18,0,0,0
run629,20260123_233024,19,0,0,0
run63,20260123_154609,0,0,0,0
run63,20260123_154609,1,1,0,1
run63,20260123_154609,2,3,0,3
run63,20260123_154609,3,0,0,0
run63,20260123_154609,4,2001,0,2001
run63,20260123_154609,5,1,0,1
run63,20260123_154609,6,2,0,2
run63,20260123_154609,7,3,0,3
run63,20260123_154609,8,0,0,0
run63,20260123_154609,9,0,0,0
run63,20260123_154609,10,1,0,1
run63,20260123_154609,11,1,0,1
run63,20260123_154609,12,0,0,0
run63,20260123_154609,13,3,0,3
run63,20260123_154609,14,3,0,3
run63,20260123_154609,15,0,0,0
run63,20260123_154609,16,0,0,0
run63,20260123_154609,17,0,0,0
run63,20260123_154609,18,0,0,0
run63,20260123_154609,19,0,0,0
run630,20260123_233116,0,0,0,0
run630,20260123_233116,1,0,0,0
run630,20260123_233116,2,0,0,0
run630,20260123_233116,3,1,0,1
run630,20260123_233116,4,3,0,3
run630,20260123_233116,5,1,0,1
run630,20260123_233116,6,0,0,0
run630,20260123_233116,7,0,0,0
run630,20260123_233116,8,0,0,0
run630,20260123_233116,9,0,0,0
run630,20260123_233116,10,1,0,1
run630,20260123_233116,11,2,0,2
run630,20260123_233116,12,0,0,0
run630,20260123_233116,13,1,0,1
run630,20260123_233116,14,1,0,1
run630,20260123_233116,15,1,0,1
run630,20260123_233116,16,2,0,2
run630,20260123_233116,17,0,0,0
run630,20260123_233116,18,0,0,0
run630,20260123_233116,19,0,0,0
run631,20260123_233204,0,701,1,702
run631,20260123_233204,1,3,1,4
run631,20260123_233204,2,3,1,4
run631,20260123_233204,3,2,1,3
run631,20260123_233204,4,1,1,2
run631,20260123_233204,5,2,0,2
run631,20260123_233204,6,1,0,1
run631,20260123_233204,7,0,0,0
run631,20260123_233204,8,0,0,0
run631,20260123_233204,9,0,0,0
run631,20260123_233204,10,0,0,0
run631,20260123_233204,11,0,0,0
run631,20260123_233204,12,651,0,651
run631,20260123_233204,13,0,0,0
run631,20260123_233204,14,0,0,0
run631,20260123_233204,15,2,0,2
run631,20260123_233204,16,4,0,4
run631,20260123_233204,17,0,1,1
run631,20260123_233204,18,0,0,0
run631,20260123_233204,19,0,0,0
run632,20260123_233256,0,0,0,0
run632,20260123_233256,1,3,0,3
run632,20260123_233256,2,2,0,2
run632,20260123_233256,3,3,0,3
run632,20260123_233256,4,2,0,2
run632,20260123_233256,5,2,0,2
run632,20260123_233256,6,2,0,2
run632,20260123_233256,7,3,0,3
run632,20260123_233256,8,0,0,0
run632,20260123_233256,9,0,0,0
run632,20260123_233256,10,1,0,1
run632,20260123_233256,11,3,0,3
run632,20260123_233256,12,2,0,2
run632,20260123_233256,13,3,0,3
run632,20260123_233256,14,3,0,3
run632,20260123_233256,15,1,0,1
run632,20260123_233256,16,3,0,3
run632,20260123_233256,17,0,0,0
run632,20260123_233256,18,0,0,0
run632,20260123_233256,19,0,0,0
run633,20260123_233344,0,1947,24,1971
run633,20260123_233344,1,2,29,31
run633,20260123_233344,2,3,28,31
run633,20260123_233344,3,3,28,31
run633,20260123_233344,4,2,28,30
run633,20260123_233344,5,10,16,26
run633,20260123_233344,6,1,25,26
run633,20260123_233344,7,6,18,24
run633,20260123_233344,8,0,0,0
run633,20260123_233344,9,0,1,1
run633,20260123_233344,10,25,28,53
run633,20260123_233344,11,3,29,32
run633,20260123_233344,12,2,28,30
run633,20260123_233344,13,0,29,29
run633,20260123_233344,14,4,27,31
run633,20260123_233344,15,7,11,18
run633,20260123_233344,16,2,21,23
run633,20260123_233344,17,5,7,12
run633,20260123_233344,18,0,0,0
run633,20260123_233344,19,0,0,0
run634,20260123_233432,0,2,0,2
run634,20260123_233432,1,1999,0,1999
run634,20260123_233432,2,5,0,5
run634,20260123_233432,3,0,0,0
run634,20260123_233432,4,2,0,2
run634,20260123_233432,5,1,0,1
run634,20260123_233432,6,1,0,1
run634,20260123_233432,7,0,0,0
run634,20260123_233432,8,0,0,0
run634,20260123_233432,9,0,0,0
run634,20260123_233432,10,1,0,1
run634,20260123_233432,11,0,0,0
run634,20260123_233432,12,0,0,0
run634,20260123_233432,13,0,0,0
run634,20260123_233432,14,1,0,1
run634,20260123_233432,15,0,0,0
run634,20260123_233432,16,2,0,2
run634,20260123_233432,17,1,0,1
run634,20260123_233432,18,0,0,0
run634,20260123_233432,19,0,0,0
run635,20260123_233520,0,1,0,1
run635,20260123_233520,1,2,0,2
run635,20260123_233520,2,1,0,1
run635,20260123_233520,3,0,0,0
run635,20260123_233520,4,1,0,1
run635,20260123_233520,5,2,0,2
run635,20260123_233520,6,1,1,2
run635,20260123_233520,7,1,1,2
run635,20260123_233520,8,0,0,0
run635,20260123_233520,9,0,0,0
run635,20260123_233520,10,3,0,3
run635,20260123_233520,11,3,0,3
run635,20260123_233520,12,2,0,2
run635,20260123_233520,13,1,0,1
run635,20260123_233520,14,1999,0,1999
run635,20260123_233520,15,0,0,0
run635,20260123_233520,16,3,0,3
run635,20260123_233520,17,0,0,0
run635,20260123_233520,18,0,0,0
run635,20260123_233520,19,0,0,0
run635,20260123_233519,0,1,0,1
run635,20260123_233519,1,2,0,2
run635,20260123_233519,2,1,0,1
run635,20260123_233519,3,0,0,0
run635,20260123_233519,4,1,0,1
run635,20260123_233519,5,2,0,2
run635,20260123_233519,6,1,1,2
run635,20260123_233519,7,1,1,2
run635,20260123_233519,8,0,0,0
run635,20260123_233519,9,0,0,0
run635,20260123_233519,10,3,0,3
run635,20260123_233519,11,3,0,3
run635,20260123_233519,12,2,0,2
run635,20260123_233519,13,1,0,1
run635,20260123_233519,14,1999,0,1999
run635,20260123_233519,15,0,0,0
run635,20260123_233519,16,3,0,3
run635,20260123_233519,17,0,0,0
run635,20260123_233519,18,0,0,0
run635,20260123_233519,19,0,0,0
run636,20260123_233612,0,1,1,2
run636,20260123_233612,1,0,1,1
run636,20260123_233612,2,4,1,5
run636,20260123_233612,3,2,1,3
run636,20260123_233612,4,2,1,3
run636,20260123_233612,5,0,0,0
run636,20260123_233612,6,0,0,0
run636,20260123_233612,7,1,0,1
run636,20260123_233612,8,0,0,0
run636,20260123_233612,9,0,0,0
run636,20260123_233612,10,1,0,1
run636,20260123_233612,11,3,0,3
run636,20260123_233612,12,0,0,0
run636,20260123_233612,13,1988,0,1988
run636,20260123_233612,14,0,0,0
run636,20260123_233612,15,2,0,2
run636,20260123_233612,16,4,0,4
run636,20260123_233612,17,1,1,2
run636,20260123_233612,18,0,0,0
run636,20260123_233612,19,0,0,0
run636,20260123_233611,0,1,1,2
run636,20260123_233611,1,0,1,1
run636,20260123_233611,2,4,1,5
run636,20260123_233611,3,2,1,3
run636,20260123_233611,4,2,1,3
run636,20260123_233611,5,0,0,0
run636,20260123_233611,6,0,0,0
run636,20260123_233611,7,1,0,1
run636,20260123_233611,8,0,0,0
run636,20260123_233611,9,0,0,0
run636,20260123_233611,10,1,0,1
run636,20260123_233611,11,3,0,3
run636,20260123_233611,12,0,0,0
run636,20260123_233611,13,1988,0,1988
run636,20260123_233611,14,0,0,0
run636,20260123_233611,15,2,0,2
run636,20260123_233611,16,4,0,4
run636,20260123_233611,17,1,1,2
run636,20260123_233611,18,0,0,0
run636,20260123_233611,19,0,0,0
run637,20260123_233659,0,9,1,10
run637,20260123_233659,1,3,1,4
run637,20260123_233659,2,27,1,28
run637,20260123_233659,3,3,0,3
run637,20260123_233659,4,0,0,0
run637,20260123_233659,5,0,0,0
run637,20260123_233659,6,419,0,419
run637,20260123_233659,7,1509,0,1509
run637,20260123_233659,8,0,0,0
run637,20260123_233659,9,0,0,0
run637,20260123_233659,10,1,0,1
run637,20260123_233659,11,1,0,1
run637,20260123_233659,12,0,0,0
run637,20260123_233659,13,1,0,1
run637,20260123_233659,14,3,0,3
run637,20260123_233659,15,1,0,1
run637,20260123_233659,16,2,0,2
run637,20260123_233659,17,0,1,1
run637,20260123_233659,18,0,0,0
run637,20260123_233659,19,0,0,0
run638,20260123_233747,0,2,0,2
run638,20260123_233747,1,2,0,2
run638,20260123_233747,2,3,0,3
run638,20260123_233747,3,0,0,0
run638,20260123_233747,4,1,0,1
run638,20260123_233747,5,0,0,0
run638,20260123_233747,6,0,0,0
run638,20260123_233747,7,1,0,1
run638,20260123_233747,8,0,0,0
run638,20260123_233747,9,0,0,0
run638,20260123_233747,10,0,0,0
run638,20260123_233747,11,260,0,260
run638,20260123_233747,12,1,0,1
run638,20260123_233747,13,1,0,1
run638,20260123_233747,14,1,0,1
run638,20260123_233747,15,3,0,3
run638,20260123_233747,16,2,0,2
run638,20260123_233747,17,0,0,0
run638,20260123_233747,18,0,0,0
run638,20260123_233747,19,0,0,0
run639,20260123_233835,0,0,0,0
run639,20260123_233835,1,1,1,2
run639,20260123_233835,2,2,1,3
run639,20260123_233835,3,1,0,1
run639,20260123_233835,4,0,0,0
run639,20260123_233835,5,2,0,2
run639,20260123_233835,6,4,580,584
run639,20260123_233835,7,0,600,600
run639,20260123_233835,8,0,1,1
run639,20260123_233835,9,0,4,4
run639,20260123_233835,10,2,600,602
run639,20260123_233835,11,2,601,603
run639,20260123_233835,12,3,600,603
run639,20260123_233835,13,0,600,600
run639,20260123_233835,14,3,600,603
run639,20260123_233835,15,1,0,1
run639,20260123_233835,16,0,0,0
run639,20260123_233835,17,0,0,0
run639,20260123_233835,18,0,1,1
run639,20260123_233835,19,0,0,0
run64,20260123_154657,0,2,0,2
run64,20260123_154657,1,3,0,3
run64,20260123_154657,2,3,0,3
run64,20260123_154657,3,1,0,1
run64,20260123_154657,4,2000,0,2000
run64,20260123_154657,5,1,0,1
run64,20260123_154657,6,0,0,0
run64,20260123_154657,7,0,0,0
run64,20260123_154657,8,0,0,0
run64,20260123_154657,9,0,0,0
run64,20260123_154657,10,0,0,0
run64,20260123_154657,11,0,0,0
run64,20260123_154657,12,0,0,0
run64,20260123_154657,13,0,0,0
run64,20260123_154657,14,0,0,0
run64,20260123_154657,15,2,0,2
run64,20260123_154657,16,1,0,1
run64,20260123_154657,17,1,0,1
run64,20260123_154657,18,0,0,0
run64,20260123_154657,19,0,0,0
run640,20260123_233923,0,11,0,11
run640,20260123_233923,1,3,0,3
run640,20260123_233923,2,2001,0,2001
run640,20260123_233923,3,0,0,0
run640,20260123_233923,4,3,0,3
run640,20260123_233923,5,0,0,0
run640,20260123_233923,6,0,0,0
run640,20260123_233923,7,1,0,1
run640,20260123_233923,8,0,0,0
run640,20260123_233923,9,0,0,0
run640,20260123_233923,10,1,0,1
run640,20260123_233923,11,0,0,0
run640,20260123_233923,12,3,0,3
run640,20260123_233923,13,0,0,0
run640,20260123_233923,14,0,0,0
run640,20260123_233923,15,1,0,1
run640,20260123_233923,16,4,0,4
run640,20260123_233923,17,0,0,0
run640,20260123_233923,18,0,0,0
run640,20260123_233923,19,0,0,0
run641,20260123_234011,0,0,0,0
run641,20260123_234011,1,1,0,1
run641,20260123_234011,2,2001,0,2001
run641,20260123_234011,3,0,0,0
run641,20260123_234011,4,3,0,3
run641,20260123_234011,5,2,0,2
run641,20260123_234011,6,0,0,0
run641,20260123_234011,7,1,0,1
run641,20260123_234011,8,0,0,0
run641,20260123_234011,9,0,0,0
run641,20260123_234011,10,2,0,2
run641,20260123_234011,11,3,0,3
run641,20260123_234011,12,4,0,4
run641,20260123_234011,13,0,0,0
run641,20260123_234011,14,1,0,1
run641,20260123_234011,15,0,0,0
run641,20260123_234011,16,1,0,1
run641,20260123_234011,17,0,0,0
run641,20260123_234011,18,0,0,0
run641,20260123_234011,19,0,0,0
run642,20260123_234059,0,31,0,31
run642,20260123_234059,1,30,2,32
run642,20260123_234059,2,16,1,17
run642,20260123_234059,3,13,0,13
run642,20260123_234059,4,13,0,13
run642,20260123_234059,5,27,0,27
run642,20260123_234059,6,21,0,21
run642,20260123_234059,7,20,0,20
run642,20260123_234059,8,0,1,1
run642,20260123_234059,9,0,2,2
run642,20260123_234059,10,26,0,26
run642,20260123_234059,11,26,1,27
run642,20260123_234059,12,27,0,27
run642,20260123_234059,13,29,0,29
run642,20260123_234059,14,29,0,29
run642,20260123_234059,15,28,1,29
run642,20260123_234059,16,21,0,21
run642,20260123_234059,17,16,0,16
run642,20260123_234059,18,0,1,1
run642,20260123_234059,19,0,0,0
run643,20260123_234151,0,1,0,1
run643,20260123_234151,1,4,0,4
run643,20260123_234151,2,4,0,4
run643,20260123_234151,3,1,0,1
run643,20260123_234151,4,2,0,2
run643,20260123_234151,5,2,0,2
run643,20260123_234151,6,0,0,0
run643,20260123_234151,7,0,0,0
run643,20260123_234151,8,0,0,0
run643,20260123_234151,9,0,0,0
run643,20260123_234151,10,0,0,0
run643,20260123_234151,11,2000,0,2000
run643,20260123_234151,12,1,0,1
run643,20260123_234151,13,2,0,2
run643,20260123_234151,14,2,0,2
run643,20260123_234151,15,2,0,2
run643,20260123_234151,16,0,0,0
run643,20260123_234151,17,0,0,0
run643,20260123_234151,18,0,0,0
run643,20260123_234151,19,0,0,0
run644,20260123_234239,0,0,0,0
run644,20260123_234239,1,2,0,2
run644,20260123_234239,2,3,0,3
run644,20260123_234239,3,2,0,2
run644,20260123_234239,4,4,0,4
run644,20260123_234239,5,2,1,3
run644,20260123_234239,6,1,0,1
run644,20260123_234239,7,1999,0,1999
run644,20260123_234239,8,0,0,0
run644,20260123_234239,9,0,0,0
run644,20260123_234239,10,1,0,1
run644,20260123_234239,11,0,0,0
run644,20260123_234239,12,2,0,2
run644,20260123_234239,13,0,0,0
run644,20260123_234239,14,1,0,1
run644,20260123_234239,15,0,0,0
run644,20260123_234239,16,0,0,0
run644,20260123_234239,17,0,0,0
run644,20260123_234239,18,0,0,0
run644,20260123_234239,19,0,0,0
run645,20260123_234327,0,2,1,3
run645,20260123_234327,1,0,1,1
run645,20260123_234327,2,2,1,3
run645,20260123_234327,3,1,1,2
run645,20260123_234327,4,1,1,2
run645,20260123_234327,5,2,0,2
run645,20260123_234327,6,0,0,0
run645,20260123_234327,7,0,0,0
run645,20260123_234327,8,0,0,0
run645,20260123_234327,9,0,0,0
run645,20260123_234327,10,2,0,2
run645,20260123_234327,11,1,0,1
run645,20260123_234327,12,3,0,3
run645,20260123_234327,13,1410,0,1410
run645,20260123_234327,14,1,0,1
run645,20260123_234327,15,579,0,579
run645,20260123_234327,16,2,0,2
run645,20260123_234327,17,1,1,2
run645,20260123_234327,18,0,0,0
run645,20260123_234327,19,0,0,0
run646,20260123_234419,0,0,0,0
run646,20260123_234419,1,2,0,2
run646,20260123_234419,2,4,0,4
run646,20260123_234419,3,2,0,2
run646,20260123_234419,4,1,0,1
run646,20260123_234419,5,1999,0,1999
run646,20260123_234419,6,1,0,1
run646,20260123_234419,7,1,0,1
run646,20260123_234419,8,0,0,0
run646,20260123_234419,9,0,0,0
run646,20260123_234419,10,0,0,0
run646,20260123_234419,11,0,0,0
run646,20260123_234419,12,1,0,1
run646,20260123_234419,13,2,0,2
run646,20260123_234419,14,1,0,1
run646,20260123_234419,15,1,0,1
run646,20260123_234419,16,0,0,0
run646,20260123_234419,17,0,0,0
run646,20260123_234419,18,0,0,0
run646,20260123_234419,19,0,0,0
run647,20260123_234511,0,1,0,1
run647,20260123_234511,1,1,0,1
run647,20260123_234511,2,1,0,1
run647,20260123_234511,3,1,0,1
run647,20260123_234511,4,3,0,3
run647,20260123_234511,5,1,0,1
run647,20260123_234511,6,2,0,2
run647,20260123_234511,7,0,0,0
run647,20260123_234511,8,0,0,0
run647,20260123_234511,9,0,0,0
run647,20260123_234511,10,2,0,2
run647,20260123_234511,11,1,0,1
run647,20260123_234511,12,1,0,1
run647,20260123_234511,13,0,0,0
run647,20260123_234511,14,2,0,2
run647,20260123_234511,15,2000,0,2000
run647,20260123_234511,16,1,0,1
run647,20260123_234511,17,0,0,0
run647,20260123_234511,18,0,0,0
run647,20260123_234511,19,0,0,0
run648,20260123_234559,0,0,0,0
run648,20260123_234559,1,1,0,1
run648,20260123_234559,2,2,0,2
run648,20260123_234559,3,0,0,0
run648,20260123_234559,4,2,0,2
run648,20260123_234559,5,1,0,1
run648,20260123_234559,6,0,0,0
run648,20260123_234559,7,0,0,0
run648,20260123_234559,8,0,0,0
run648,20260123_234559,9,0,0,0
run648,20260123_234559,10,1,0,1
run648,20260123_234559,11,0,0,0
run648,20260123_234559,12,1,0,1
run648,20260123_234559,13,2000,0,2000
run648,20260123_234559,14,1,0,1
run648,20260123_234559,15,0,0,0
run648,20260123_234559,16,3,0,3
run648,20260123_234559,17,0,0,0
run648,20260123_234559,18,0,0,0
run648,20260123_234559,19,0,0,0
run649,20260123_234651,0,1,0,1
run649,20260123_234651,1,0,0,0
run649,20260123_234651,2,2,0,2
run649,20260123_234651,3,2,0,2
run649,20260123_234651,4,0,0,0
run649,20260123_234651,5,1,0,1
run649,20260123_234651,6,1,0,1
run649,20260123_234651,7,0,0,0
run649,20260123_234651,8,0,0,0
run649,20260123_234651,9,0,0,0
run649,20260123_234651,10,0,0,0
run649,20260123_234651,11,2,0,2
run649,20260123_234651,12,2,0,2
run649,20260123_234651,13,0,0,0
run649,20260123_234651,14,2,0,2
run649,20260123_234651,15,2,0,2
run649,20260123_234651,16,3,0,3
run649,20260123_234651,17,126,0,126
run649,20260123_234651,18,0,0,0
run649,20260123_234651,19,0,0,0
run65,20260123_154745,0,1,0,1
run65,20260123_154745,1,5,0,5
run65,20260123_154745,2,2,0,2
run65,20260123_154745,3,1,0,1
run65,20260123_154745,4,3,0,3
run65,20260123_154745,5,2,0,2
run65,20260123_154745,6,0,0,0
run65,20260123_154745,7,0,0,0
run65,20260123_154745,8,0,0,0
run65,20260123_154745,9,0,0,0
run65,20260123_154745,10,0,0,0
run65,20260123_154745,11,1,0,1
run65,20260123_154745,12,1,0,1
run65,20260123_154745,13,1,0,1
run65,20260123_154745,14,1,0,1
run65,20260123_154745,15,1,0,1
run65,20260123_154745,16,0,0,0
run65,20260123_154745,17,0,0,0
run65,20260123_154745,18,0,0,0
run65,20260123_154745,19,0,0,0
run650,20260123_234739,0,2,6,8
run650,20260123_234739,1,2,6,8
run650,20260123_234739,2,0,6,6
run650,20260123_234739,3,2,6,8
run650,20260123_234739,4,1,6,7
run650,20260123_234739,5,3,0,3
run650,20260123_234739,6,1,0,1
run650,20260123_234739,7,1,0,1
run650,20260123_234739,8,0,0,0
run650,20260123_234739,9,0,0,0
run650,20260123_234739,10,1,0,1
run650,20260123_234739,11,2,0,2
run650,20260123_234739,12,1,0,1
run650,20260123_234739,13,1,0,1
run650,20260123_234739,14,1,0,1
run650,20260123_234739,15,0,0,0
run650,20260123_234739,16,2,4,6
run650,20260123_234739,17,1,4,5
run650,20260123_234739,18,0,0,0
run650,20260123_234739,19,0,0,0
run651,20260123_234827,0,0,0,0
run651,20260123_234827,1,4,0,4
run651,20260123_234827,2,3,0,3
run651,20260123_234827,3,0,0,0
run651,20260123_234827,4,1,0,1
run651,20260123_234827,5,2,0,2
run651,20260123_234827,6,0,0,0
run651,20260123_234827,7,0,0,0
run651,20260123_234827,8,0,0,0
run651,20260123_234827,9,0,0,0
run651,20260123_234827,10,1,0,1
run651,20260123_234827,11,1,0,1
run651,20260123_234827,12,0,0,0
run651,20260123_234827,13,2,0,2
run651,20260123_234827,14,0,0,0
run651,20260123_234827,15,2000,0,2000
run651,20260123_234827,16,1,0,1
run651,20260123_234827,17,0,0,0
run651,20260123_234827,18,0,0,0
run651,20260123_234827,19,0,0,0
run652,20260123_234915,0,1,0,1
run652,20260123_234915,1,0,0,0
run652,20260123_234915,2,0,0,0
run652,20260123_234915,3,1472,0,1472
run652,20260123_234915,4,5,0,5
run652,20260123_234915,5,0,0,0
run652,20260123_234915,6,0,0,0
run652,20260123_234915,7,2,0,2
run652,20260123_234915,8,0,1,1
run652,20260123_234915,9,0,0,0
run652,20260123_234915,10,1,0,1
run652,20260123_234915,11,0,0,0
run652,20260123_234915,12,529,0,529
run652,20260123_234915,13,0,0,0
run652,20260123_234915,14,1,0,1
run652,20260123_234915,15,1,0,1
run652,20260123_234915,16,2,0,2
run652,20260123_234915,17,0,0,0
run652,20260123_234915,18,0,0,0
run652,20260123_234915,19,0,0,0
run653,20260123_235003,0,1,0,1
run653,20260123_235003,1,2,0,2
run653,20260123_235003,2,5,0,5
run653,20260123_235003,3,1,0,1
run653,20260123_235003,4,1,0,1
run653,20260123_235003,5,0,0,0
run653,20260123_235003,6,0,0,0
run653,20260123_235003,7,2,0,2
run653,20260123_235003,8,0,0,0
run653,20260123_235003,9,0,0,0
run653,20260123_235003,10,4,0,4
run653,20260123_235003,11,2000,0,2000
run653,20260123_235003,12,1,0,1
run653,20260123_235003,13,2,0,2
run653,20260123_235003,14,1,0,1
run653,20260123_235003,15,2,0,2
run653,20260123_235003,16,1,0,1
run653,20260123_235003,17,0,0,0
run653,20260123_235003,18,0,0,0
run653,20260123_235003,19,0,0,0
run654,20260123_235055,0,2,0,2
run654,20260123_235055,1,1,0,1
run654,20260123_235055,2,2,0,2
run654,20260123_235055,3,1999,0,1999
run654,20260123_235055,4,1,0,1
run654,20260123_235055,5,2,0,2
run654,20260123_235055,6,1,0,1
run654,20260123_235055,7,0,0,0
run654,20260123_235055,8,0,0,0
run654,20260123_235055,9,0,0,0
run654,20260123_235055,10,3,0,3
run654,20260123_235055,11,0,0,0
run654,20260123_235055,12,1,0,1
run654,20260123_235055,13,3,0,3
run654,20260123_235055,14,2,0,2
run654,20260123_235055,15,2,0,2
run654,20260123_235055,16,1,0,1
run654,20260123_235055,17,1,0,1
run654,20260123_235055,18,0,0,0
run654,20260123_235055,19,0,0,0
run655,20260123_235143,0,0,0,0
run655,20260123_235143,1,0,0,0
run655,20260123_235143,2,2,0,2
run655,20260123_235143,3,1,0,1
run655,20260123_235143,4,0,0,0
run655,20260123_235143,5,3,0,3
run655,20260123_235143,6,0,0,0
run655,20260123_235143,7,1,0,1
run655,20260123_235143,8,0,0,0
run655,20260123_235143,9,0,0,0
run655,20260123_235143,10,0,0,0
run655,20260123_235143,11,0,0,0
run655,20260123_235143,12,1,0,1
run655,20260123_235143,13,0,0,0
run655,20260123_235143,14,0,0,0
run655,20260123_235143,15,1,0,1
run655,20260123_235143,16,2,0,2
run655,20260123_235143,17,0,0,0
run655,20260123_235143,18,0,0,0
run655,20260123_235143,19,0,0,0
run656,20260123_235231,0,1,0,1
run656,20260123_235231,1,3,0,3
run656,20260123_235231,2,4,0,4
run656,20260123_235231,3,0,0,0
run656,20260123_235231,4,1,0,1
run656,20260123_235231,5,2,0,2
run656,20260123_235231,6,1693,0,1693
run656,20260123_235231,7,0,0,0
run656,20260123_235231,8,0,0,0
run656,20260123_235231,9,0,0,0
run656,20260123_235231,10,1,0,1
run656,20260123_235231,11,1,0,1
run656,20260123_235231,12,0,0,0
run656,20260123_235231,13,0,0,0
run656,20260123_235231,14,0,0,0
run656,20260123_235231,15,1,0,1
run656,20260123_235231,16,2,0,2
run656,20260123_235231,17,0,0,0
run656,20260123_235231,18,0,0,0
run656,20260123_235231,19,0,0,0
run657,20260123_235323,0,0,0,0
run657,20260123_235323,1,0,0,0
run657,20260123_235323,2,1452,0,1452
run657,20260123_235323,3,1,0,1
run657,20260123_235323,4,0,0,0
run657,20260123_235323,5,549,0,549
run657,20260123_235323,6,2,0,2
run657,20260123_235323,7,0,0,0
run657,20260123_235323,8,0,0,0
run657,20260123_235323,9,0,0,0
run657,20260123_235323,10,0,0,0
run657,20260123_235323,11,1,0,1
run657,20260123_235323,12,1,0,1
run657,20260123_235323,13,1,0,1
run657,20260123_235323,14,2,0,2
run657,20260123_235323,15,0,0,0
run657,20260123_235323,16,5,0,5
run657,20260123_235323,17,0,0,0
run657,20260123_235323,18,0,0,0
run657,20260123_235323,19,0,0,0
run658,20260123_235411,0,3,6,9
run658,20260123_235411,1,0,6,6
run658,20260123_235411,2,1,6,7
run658,20260123_235411,3,1,6,7
run658,20260123_235411,4,0,6,6
run658,20260123_235411,5,2,0,2
run658,20260123_235411,6,0,0,0
run658,20260123_235411,7,3,0,3
run658,20260123_235411,8,0,0,0
run658,20260123_235411,9,0,0,0
run658,20260123_235411,10,1,0,1
run658,20260123_235411,11,1,0,1
run658,20260123_235411,12,0,0,0
run658,20260123_235411,13,2,0,2
run658,20260123_235411,14,2,0,2
run658,20260123_235411,15,1829,0,1829
run658,20260123_235411,16,4,4,8
run658,20260123_235411,17,0,3,3
run658,20260123_235411,18,0,0,0
run658,20260123_235411,19,0,0,0
run659,20260123_235459,0,1948,21,1969
run659,20260123_235459,1,2,26,28
run659,20260123_235459,2,8,25,33
run659,20260123_235459,3,1,25,26
run659,20260123_235459,4,0,25,25
run659,20260123_235459,5,8,11,19
run659,20260123_235459,6,2,22,24
run659,20260123_235459,7,0,16,16
run659,20260123_235459,8,0,0,0
run659,20260123_235459,9,0,0,0
run659,20260123_235459,10,12,24,36
run659,20260123_235459,11,3,24,27
run659,20260123_235459,12,1,24,25
run659,20260123_235459,13,0,25,25
run659,20260123_235459,14,0,25,25
run659,20260123_235459,15,7,11,18
run659,20260123_235459,16,3,21,24
run659,20260123_235459,17,0,6,6
run659,20260123_235459,18,0,0,0
run659,20260123_235459,19,0,0,0
run66,20260123_154833,0,1,0,1
run66,20260123_154833,1,0,0,0
run66,20260123_154833,2,1,0,1
run66,20260123_154833,3,1,0,1
run66,20260123_154833,4,0,0,0
run66,20260123_154833,5,3,0,3
run66,20260123_154833,6,0,0,0
run66,20260123_154833,7,0,0,0
run66,20260123_154833,8,0,0,0
run66,20260123_154833,9,0,0,0
run66,20260123_154833,10,3,0,3
run66,20260123_154833,11,0,0,0
run66,20260123_154833,12,2,0,2
run66,20260123_154833,13,2000,0,2000
run66,20260123_154833,14,1,0,1
run66,20260123_154833,15,0,0,0
run66,20260123_154833,16,1,0,1
run66,20260123_154833,17,0,0,0
run66,20260123_154833,18,0,0,0
run66,20260123_154833,19,0,0,0
run660,20260123_235547,0,1936,26,1962
run660,20260123_235547,1,5,28,33
run660,20260123_235547,2,1,26,27
run660,20260123_235547,3,0,26,26
run660,20260123_235547,4,1,26,27
run660,20260123_235547,5,14,6,20
run660,20260123_235547,6,1,22,23
run660,20260123_235547,7,0,17,17
run660,20260123_235547,8,0,0,0
run660,20260123_235547,9,0,0,0
run660,20260123_235547,10,10,26,36
run660,20260123_235547,11,3,26,29
run660,20260123_235547,12,1,26,27
run660,20260123_235547,13,0,26,26
run660,20260123_235547,14,2,27,29
run660,20260123_235547,15,16,7,23
run660,20260123_235547,16,1,22,23
run660,20260123_235547,17,2,11,13
run660,20260123_235547,18,0,0,0
run660,20260123_235547,19,0,0,0
run661,20260123_235635,0,0,0,0
run661,20260123_235635,1,1,0,1
run661,20260123_235635,2,2000,0,2000
run661,20260123_235635,3,1,0,1
run661,20260123_235635,4,1,0,1
run661,20260123_235635,5,0,0,0
run661,20260123_235635,6,1,0,1
run661,20260123_235635,7,1,0,1
run661,20260123_235635,8,0,0,0
run661,20260123_235635,9,0,0,0
run661,20260123_235635,10,0,0,0
run661,20260123_235635,11,0,0,0
run661,20260123_235635,12,1,0,1
run661,20260123_235635,13,0,0,0
run661,20260123_235635,14,1,0,1
run661,20260123_235635,15,1,0,1
run661,20260123_235635,16,2,0,2
run661,20260123_235635,17,0,0,0
run661,20260123_235635,18,0,0,0
run661,20260123_235635,19,0,0,0
run662,20260123_235726,0,4,0,4
run662,20260123_235726,1,0,0,0
run662,20260123_235726,2,2,0,2
run662,20260123_235726,3,1,0,1
run662,20260123_235726,4,1,0,1
run662,20260123_235726,5,0,0,0
run662,20260123_235726,6,1,0,1
run662,20260123_235726,7,0,0,0
run662,20260123_235726,8,0,0,0
run662,20260123_235726,9,0,0,0
run662,20260123_235726,10,7,0,7
run662,20260123_235726,11,2,0,2
run662,20260123_235726,12,207,0,207
run662,20260123_235726,13,1,0,1
run662,20260123_235726,14,2,0,2
run662,20260123_235726,15,2,0,2
run662,20260123_235726,16,1826,0,1826
run662,20260123_235726,17,0,0,0
run662,20260123_235726,18,0,0,0
run662,20260123_235726,19,0,0,0
run663,20260123_235814,0,0,0,0
run663,20260123_235814,1,2,0,2
run663,20260123_235814,2,2,0,2
run663,20260123_235814,3,2,0,2
run663,20260123_235814,4,1,0,1
run663,20260123_235814,5,0,0,0
run663,20260123_235814,6,1,0,1
run663,20260123_235814,7,0,0,0
run663,20260123_235814,8,0,0,0
run663,20260123_235814,9,0,0,0
run663,20260123_235814,10,2,0,2
run663,20260123_235814,11,2,0,2
run663,20260123_235814,12,2000,0,2000
run663,20260123_235814,13,0,0,0
run663,20260123_235814,14,2,0,2
run663,20260123_235814,15,2,0,2
run663,20260123_235814,16,1,0,1
run663,20260123_235814,17,1,0,1
run663,20260123_235814,18,0,0,0
run663,20260123_235814,19,0,0,0
run664,20260123_235902,0,2,1,3
run664,20260123_235902,1,2,1,3
run664,20260123_235902,2,2,1,3
run664,20260123_235902,3,1,1,2
run664,20260123_235902,4,1,1,2
run664,20260123_235902,5,2,0,2
run664,20260123_235902,6,1,1,2
run664,20260123_235902,7,1,1,2
run664,20260123_235902,8,0,0,0
run664,20260123_235902,9,0,0,0
run664,20260123_235902,10,2,1,3
run664,20260123_235902,11,1998,1,1999
run664,20260123_235902,12,1,1,2
run664,20260123_235902,13,1,1,2
run664,20260123_235902,14,1,1,2
run664,20260123_235902,15,0,0,0
run664,20260123_235902,16,0,0,0
run664,20260123_235902,17,1,1,2
run664,20260123_235902,18,0,0,0
run664,20260123_235902,19,0,0,0
run665,20260123_235954,0,3,6,9
run665,20260123_235954,1,0,6,6
run665,20260123_235954,2,3,6,9
run665,20260123_235954,3,1,6,7
run665,20260123_235954,4,1,6,7
run665,20260123_235954,5,1,2,3
run665,20260123_235954,6,0,201,201
run665,20260123_235954,7,0,241,241
run665,20260123_235954,8,0,0,0
run665,20260123_235954,9,0,0,0
run665,20260123_235954,10,0,276,276
run665,20260123_235954,11,0,276,276
run665,20260123_235954,12,3,276,279
run665,20260123_235954,13,0,275,275
run665,20260123_235954,14,1,275,276
run665,20260123_235954,15,3,0,3
run665,20260123_235954,16,0,5,5
run665,20260123_235954,17,0,2,2
run665,20260123_235954,18,0,0,0
run665,20260123_235954,19,0,0,0
run666,20260124_000042,0,0,0,0
run666,20260124_000042,1,6,0,6
run666,20260124_000042,2,31,0,31
run666,20260124_000042,3,29,0,29
run666,20260124_000042,4,1972,0,1972
run666,20260124_000042,5,1,0,1
run666,20260124_000042,6,0,0,0
run666,20260124_000042,7,0,0,0
run666,20260124_000042,8,0,0,0
run666,20260124_000042,9,0,0,0
run666,20260124_000042,10,2,0,2
run666,20260124_000042,11,1,0,1
run666,20260124_000042,12,0,0,0
run666,20260124_000042,13,0,0,0
run666,20260124_000042,14,1,0,1
run666,20260124_000042,15,2,0,2
run666,20260124_000042,16,3,0,3
run666,20260124_000042,17,0,0,0
run666,20260124_000042,18,0,0,0
run666,20260124_000042,19,0,0,0
run667,20260124_000130,0,0,1,1
run667,20260124_000130,1,2,1,3
run667,20260124_000130,2,4,1,5
run667,20260124_000130,3,1,1,2
run667,20260124_000130,4,1,1,2
run667,20260124_000130,5,0,0,0
run667,20260124_000130,6,0,0,0
run667,20260124_000130,7,2,0,2
run667,20260124_000130,8,0,0,0
run667,20260124_000130,9,0,0,0
run667,20260124_000130,10,1,0,1
run667,20260124_000130,11,0,0,0
run667,20260124_000130,12,0,0,0
run667,20260124_000130,13,2,0,2
run667,20260124_000130,14,1,0,1
run667,20260124_000130,15,1,0,1
run667,20260124_000130,16,4,0,4
run667,20260124_000130,17,0,0,0
run667,20260124_000130,18,0,0,0
run667,20260124_000130,19,0,0,0
run668,20260124_000218,0,0,0,0
run668,20260124_000218,1,4,0,4
run668,20260124_000218,2,2,0,2
run668,20260124_000218,3,1,0,1
run668,20260124_000218,4,0,0,0
run668,20260124_000218,5,0,0,0
run668,20260124_000218,6,0,0,0
run668,20260124_000218,7,0,0,0
run668,20260124_000218,8,0,0,0
run668,20260124_000218,9,0,0,0
run668,20260124_000218,10,1,0,1
run668,20260124_000218,11,3,0,3
run668,20260124_000218,12,1,0,1
run668,20260124_000218,13,0,0,0
run668,20260124_000218,14,1,0,1
run668,20260124_000218,15,1,0,1
run668,20260124_000218,16,1816,0,1816
run668,20260124_000218,17,0,0,0
run668,20260124_000218,18,0,0,0
run668,20260124_000218,19,0,0,0
run669,20260124_000306,0,1768,24,1792
run669,20260124_000306,1,3,26,29
run669,20260124_000306,2,2,25,27
run669,20260124_000306,3,0,24,24
run669,20260124_000306,4,2,24,26
run669,20260124_000306,5,9,5,14
run669,20260124_000306,6,0,22,22
run669,20260124_000306,7,1,14,15
run669,20260124_000306,8,0,0,0
run669,20260124_000306,9,0,0,0
run669,20260124_000306,10,1,24,25
run669,20260124_000306,11,0,25,25
run669,20260124_000306,12,1,23,24
run669,20260124_000306,13,0,23,23
run669,20260124_000306,14,3,23,26
run669,20260124_000306,15,11,5,16
run669,20260124_000306,16,2,21,23
run669,20260124_000306,17,0,9,9
run669,20260124_000306,18,0,0,0
run669,20260124_000306,19,0,0,0
run67,20260123_154921,0,2,0,2
run67,20260123_154921,1,1999,0,1999
run67,20260123_154921,2,1,0,1
run67,20260123_154921,3,1,0,1
run67,20260123_154921,4,0,0,0
run67,20260123_154921,5,1,0,1
run67,20260123_154921,6,1,0,1
run67,20260123_154921,7,0,0,0
run67,20260123_154921,8,0,0,0
run67,20260123_154921,9,0,0,0
run67,20260123_154921,10,2,0,2
run67,20260123_154921,11,1,0,1
run67,20260123_154921,12,0,0,0
run67,20260123_154921,13,0,0,0
run67,20260123_154921,14,1,0,1
run67,20260123_154921,15,1,0,1
run67,20260123_154921,16,2,0,2
run67,20260123_154921,17,0,0,0
run67,20260123_154921,18,0,0,0
run67,20260123_154921,19,0,0,0
run670,20260124_000358,0,2,0,2
run670,20260124_000358,1,3,0,3
run670,20260124_000358,2,1,0,1
run670,20260124_000358,3,0,0,0
run670,20260124_000358,4,0,0,0
run670,20260124_000358,5,1,0,1
run670,20260124_000358,6,2,0,2
run670,20260124_000358,7,1,0,1
run670,20260124_000358,8,0,0,0
run670,20260124_000358,9,0,0,0
run670,20260124_000358,10,4,0,4
run670,20260124_000358,11,2,0,2
run670,20260124_000358,12,2,0,2
run670,20260124_000358,13,0,0,0
run670,20260124_000358,14,1,0,1
run670,20260124_000358,15,0,0,0
run670,20260124_000358,16,0,0,0
run670,20260124_000358,17,0,0,0
run670,20260124_000358,18,0,0,0
run670,20260124_000358,19,0,0,0
run671,20260124_000446,0,112,30,142
run671,20260124_000446,1,1,37,38
run671,20260124_000446,2,0,37,37
run671,20260124_000446,3,1831,35,1866
run671,20260124_000446,4,2,35,37
run671,20260124_000446,5,10,14,24
run671,20260124_000446,6,0,34,34
run671,20260124_000446,7,0,19,19
run671,20260124_000446,8,0,0,0
run671,20260124_000446,9,0,0,0
run671,20260124_000446,10,8,34,42
run671,20260124_000446,11,2,35,37
run671,20260124_000446,12,0,34,34
run671,20260124_000446,13,0,34,34
run671,20260124_000446,14,2,35,37
run671,20260124_000446,15,14,10,24
run671,20260124_000446,16,4,29,33
run671,20260124_000446,17,1,7,8
run671,20260124_000446,18,0,2,2
run671,20260124_000446,19,0,0,0
run672,20260124_000536,0,0,0,0
run672,20260124_000536,1,1,0,1
run672,20260124_000536,2,1,0,1
run672,20260124_000536,3,2,0,2
run672,20260124_000536,4,4,0,4
run672,20260124_000536,5,200,0,200
run672,20260124_000536,6,0,0,0
run672,20260124_000536,7,2,0,2
run672,20260124_000536,8,0,0,0
run672,20260124_000536,9,0,0,0
run672,20260124_000536,10,1,0,1
run672,20260124_000536,11,2,0,2
run672,20260124_000536,12,1,0,1
run672,20260124_000536,13,3,0,3
run672,20260124_000536,14,1,0,1
run672,20260124_000536,15,1,0,1
run672,20260124_000536,16,3,0,3
run672,20260124_000536,17,0,0,0
run672,20260124_000536,18,0,0,0
run672,20260124_000536,19,0,0,0
run673,20260124_000625,0,0,0,0
run673,20260124_000625,1,1,0,1
run673,20260124_000625,2,4,0,4
run673,20260124_000625,3,1,0,1
run673,20260124_000625,4,3,0,3
run673,20260124_000625,5,1,0,1
run673,20260124_000625,6,3,0,3
run673,20260124_000625,7,1,0,1
run673,20260124_000625,8,0,0,0
run673,20260124_000625,9,0,0,0
run673,20260124_000625,10,703,0,703
run673,20260124_000625,11,1,0,1
run673,20260124_000625,12,651,0,651
run673,20260124_000625,13,1,0,1
run673,20260124_000625,14,3,0,3
run673,20260124_000625,15,647,0,647
run673,20260124_000625,16,2,0,2
run673,20260124_000625,17,0,0,0
run673,20260124_000625,18,0,0,0
run673,20260124_000625,19,0,0,0
run673,20260124_000624,0,0,0,0
run673,20260124_000624,1,1,0,1
run673,20260124_000624,2,4,0,4
run673,20260124_000624,3,1,0,1
run673,20260124_000624,4,3,0,3
run673,20260124_000624,5,1,0,1
run673,20260124_000624,6,3,0,3
run673,20260124_000624,7,1,0,1
run673,20260124_000624,8,0,0,0
run673,20260124_000624,9,0,0,0
run673,20260124_000624,10,703,0,703
run673,20260124_000624,11,1,0,1
run673,20260124_000624,12,651,0,651
run673,20260124_000624,13,1,0,1
run673,20260124_000624,14,3,0,3
run673,20260124_000624,15,647,0,647
run673,20260124_000624,16,2,0,2
run673,20260124_000624,17,0,0,0
run673,20260124_000624,18,0,0,0
run673,20260124_000624,19,0,0,0
run674,20260124_000712,0,2,212,214
run674,20260124_000712,1,2,212,214
run674,20260124_000712,2,1,211,212
run674,20260124_000712,3,1,208,209
run674,20260124_000712,4,1,206,207
run674,20260124_000712,5,4,0,4
run674,20260124_000712,6,0,0,0
run674,20260124_000712,7,1,0,1
run674,20260124_000712,8,0,0,0
run674,20260124_000712,9,0,0,0
run674,20260124_000712,10,0,0,0
run674,20260124_000712,11,1,0,1
run674,20260124_000712,12,1454,0,1454
run674,20260124_000712,13,1,0,1
run674,20260124_000712,14,1,0,1
run674,20260124_000712,15,0,0,0
run674,20260124_000712,16,2,154,156
run674,20260124_000712,17,1,96,97
run674,20260124_000712,18,0,0,0
run674,20260124_000712,19,0,0,0
run675,20260124_000800,0,1,0,1
run675,20260124_000800,1,2,0,2
run675,20260124_000800,2,0,0,0
run675,20260124_000800,3,0,0,0
run675,20260124_000800,4,0,0,0
run675,20260124_000800,5,3,0,3
run675,20260124_000800,6,1,0,1
run675,20260124_000800,7,1,0,1
run675,20260124_000800,8,0,0,0
run675,20260124_000800,9,0,0,0
run675,20260124_000800,10,2,0,2
run675,20260124_000800,11,0,0,0
run675,20260124_000800,12,0,0,0
run675,20260124_000800,13,0,0,0
run675,20260124_000800,14,2,0,2
run675,20260124_000800,15,2,0,2
run675,20260124_000800,16,0,0,0
run675,20260124_000800,17,0,0,0
run675,20260124_000800,18,0,0,0
run675,20260124_000800,19,0,0,0
run676,20260124_000850,0,7,0,7
run676,20260124_000850,1,2,0,2
run676,20260124_000850,2,2001,0,2001
run676,20260124_000850,3,0,0,0
run676,20260124_000850,4,1,0,1
run676,20260124_000850,5,1,0,1
run676,20260124_000850,6,0,0,0
run676,20260124_000850,7,0,0,0
run676,20260124_000850,8,0,0,0
run676,20260124_000850,9,0,0,0
run676,20260124_000850,10,1,0,1
run676,20260124_000850,11,0,0,0
run676,20260124_000850,12,1,0,1
run676,20260124_000850,13,0,0,0
run676,20260124_000850,14,3,0,3
run676,20260124_000850,15,1,0,1
run676,20260124_000850,16,3,0,3
run676,20260124_000850,17,0,0,0
run676,20260124_000850,18,0,0,0
run676,20260124_000850,19,0,0,0
run677,20260124_000938,0,1,0,1
run677,20260124_000938,1,2,0,2
run677,20260124_000938,2,2,0,2
run677,20260124_000938,3,2,0,2
run677,20260124_000938,4,2,0,2
run677,20260124_000938,5,0,0,0
run677,20260124_000938,6,1,0,1
run677,20260124_000938,7,0,0,0
run677,20260124_000938,8,0,0,0
run677,20260124_000938,9,0,0,0
run677,20260124_000938,10,0,0,0
run677,20260124_000938,11,2,0,2
run677,20260124_000938,12,1,0,1
run677,20260124_000938,13,2000,0,2000
run677,20260124_000938,14,4,0,4
run677,20260124_000938,15,2,0,2
run677,20260124_000938,16,2,0,2
run677,20260124_000938,17,0,0,0
run677,20260124_000938,18,0,0,0
run677,20260124_000938,19,0,0,0
run678,20260124_001026,0,1,0,1
run678,20260124_001026,1,1,0,1
run678,20260124_001026,2,1,0,1
run678,20260124_001026,3,0,0,0
run678,20260124_001026,4,1,0,1
run678,20260124_001026,5,0,0,0
run678,20260124_001026,6,2,0,2
run678,20260124_001026,7,1,0,1
run678,20260124_001026,8,0,0,0
run678,20260124_001026,9,0,0,0
run678,20260124_001026,10,1,0,1
run678,20260124_001026,11,1,0,1
run678,20260124_001026,12,2,0,2
run678,20260124_001026,13,2001,0,2001
run678,20260124_001026,14,1,0,1
run678,20260124_001026,15,1,0,1
run678,20260124_001026,16,0,0,0
run678,20260124_001026,17,0,0,0
run678,20260124_001026,18,0,0,0
run678,20260124_001026,19,0,0,0
run679,20260124_001117,0,1,0,1
run679,20260124_001117,1,1,0,1
run679,20260124_001117,2,1,0,1
run679,20260124_001117,3,0,0,0
run679,20260124_001117,4,1,0,1
run679,20260124_001117,5,1,0,1
run679,20260124_001117,6,0,0,0
run679,20260124_001117,7,0,0,0
run679,20260124_001117,8,0,0,0
run679,20260124_001117,9,0,0,0
run679,20260124_001117,10,1,0,1
run679,20260124_001117,11,2,0,2
run679,20260124_001117,12,34,0,34
run679,20260124_001117,13,2,0,2
run679,20260124_001117,14,0,0,0
run679,20260124_001117,15,0,0,0
run679,20260124_001117,16,3,0,3
run679,20260124_001117,17,318,0,318
run679,20260124_001117,18,0,0,0
run679,20260124_001117,19,0,0,0
run679,20260124_001116,0,1,0,1
run679,20260124_001116,1,1,0,1
run679,20260124_001116,2,1,0,1
run679,20260124_001116,3,0,0,0
run679,20260124_001116,4,1,0,1
run679,20260124_001116,5,1,0,1
run679,20260124_001116,6,0,0,0
run679,20260124_001116,7,0,0,0
run679,20260124_001116,8,0,0,0
run679,20260124_001116,9,0,0,0
run679,20260124_001116,10,1,0,1
run679,20260124_001116,11,2,0,2
run679,20260124_001116,12,34,0,34
run679,20260124_001116,13,2,0,2
run679,20260124_001116,14,0,0,0
run679,20260124_001116,15,0,0,0
run679,20260124_001116,16,3,0,3
run679,20260124_001116,17,318,0,318
run679,20260124_001116,18,0,0,0
run679,20260124_001116,19,0,0,0
run68,20260123_155013,0,1,0,1
run68,20260123_155013,1,2,0,2
run68,20260123_155013,2,1,0,1
run68,20260123_155013,3,1,0,1
run68,20260123_155013,4,0,0,0
run68,20260123_155013,5,0,0,0
run68,20260123_155013,6,1723,0,1723
run68,20260123_155013,7,1,0,1
run68,20260123_155013,8,0,0,0
run68,20260123_155013,9,0,0,0
run68,20260123_155013,10,1,0,1
run68,20260123_155013,11,2,0,2
run68,20260123_155013,12,2,0,2
run68,20260123_155013,13,1,0,1
run68,20260123_155013,14,0,0,0
run68,20260123_155013,15,2,0,2
run68,20260123_155013,16,3,0,3
run68,20260123_155013,17,0,0,0
run68,20260123_155013,18,0,0,0
run68,20260123_155013,19,0,0,0
run680,20260124_001204,0,2,0,2
run680,20260124_001204,1,5,0,5
run680,20260124_001204,2,2,0,2
run680,20260124_001204,3,1,0,1
run680,20260124_001204,4,1755,0,1755
run680,20260124_001204,5,1,0,1
run680,20260124_001204,6,3,0,3
run680,20260124_001204,7,0,0,0
run680,20260124_001204,8,0,0,0
run680,20260124_001204,9,0,0,0
run680,20260124_001204,10,1,0,1
run680,20260124_001204,11,1,0,1
run680,20260124_001204,12,0,0,0
run680,20260124_001204,13,0,0,0
run680,20260124_001204,14,0,0,0
run680,20260124_001204,15,1,0,1
run680,20260124_001204,16,1,0,1
run680,20260124_001204,17,0,0,0
run680,20260124_001204,18,0,0,0
run680,20260124_001204,19,0,0,0
run681,20260124_001252,0,330,23,353
run681,20260124_001252,1,1607,26,1633
run681,20260124_001252,2,2,25,27
run681,20260124_001252,3,2,24,26
run681,20260124_001252,4,2,24,26
run681,20260124_001252,5,6,7,13
run681,20260124_001252,6,1,21,22
run681,20260124_001252,7,0,13,13
run681,20260124_001252,8,0,0,0
run681,20260124_001252,9,0,0,0
run681,20260124_001252,10,23,23,46
run681,20260124_001252,11,2,24,26
run681,20260124_001252,12,1,23,24
run681,20260124_001252,13,0,23,23
run681,20260124_001252,14,0,23,23
run681,20260124_001252,15,8,6,14
run681,20260124_001252,16,0,22,22
run681,20260124_001252,17,1,8,9
run681,20260124_001252,18,0,0,0
run681,20260124_001252,19,0,0,0
run682,20260124_001342,0,0,0,0
run682,20260124_001342,1,1,0,1
run682,20260124_001342,2,3,0,3
run682,20260124_001342,3,0,0,0
run682,20260124_001342,4,1,0,1
run682,20260124_001342,5,0,0,0
run682,20260124_001342,6,0,0,0
run682,20260124_001342,7,0,0,0
run682,20260124_001342,8,0,0,0
run682,20260124_001342,9,0,0,0
run682,20260124_001342,10,1,0,1
run682,20260124_001342,11,3,0,3
run682,20260124_001342,12,3,0,3
run682,20260124_001342,13,2,0,2
run682,20260124_001342,14,3,0,3
run682,20260124_001342,15,2000,0,2000
run682,20260124_001342,16,0,0,0
run682,20260124_001342,17,0,0,0
run682,20260124_001342,18,0,0,0
run682,20260124_001342,19,0,0,0
run683,20260124_001430,0,0,0,0
run683,20260124_001430,1,2,0,2
run683,20260124_001430,2,5,0,5
run683,20260124_001430,3,1,0,1
run683,20260124_001430,4,1,0,1
run683,20260124_001430,5,0,0,0
run683,20260124_001430,6,1,0,1
run683,20260124_001430,7,0,0,0
run683,20260124_001430,8,0,0,0
run683,20260124_001430,9,0,0,0
run683,20260124_001430,10,0,0,0
run683,20260124_001430,11,1,0,1
run683,20260124_001430,12,0,0,0
run683,20260124_001430,13,0,0,0
run683,20260124_001430,14,2,0,2
run683,20260124_001430,15,3,0,3
run683,20260124_001430,16,1,0,1
run683,20260124_001430,17,469,0,469
run683,20260124_001430,18,0,0,0
run683,20260124_001430,19,0,0,0
run684,20260124_001522,0,1,1,2
run684,20260124_001522,1,0,1,1
run684,20260124_001522,2,4,1,5
run684,20260124_001522,3,1,1,2
run684,20260124_001522,4,1,0,1
run684,20260124_001522,5,1992,0,1992
run684,20260124_001522,6,0,0,0
run684,20260124_001522,7,0,0,0
run684,20260124_001522,8,0,0,0
run684,20260124_001522,9,0,0,0
run684,20260124_001522,10,0,0,0
run684,20260124_001522,11,0,0,0
run684,20260124_001522,12,1,0,1
run684,20260124_001522,13,0,0,0
run684,20260124_001522,14,2,0,2
run684,20260124_001522,15,1,0,1
run684,20260124_001522,16,3,1,4
run684,20260124_001522,17,0,1,1
run684,20260124_001522,18,0,0,0
run684,20260124_001522,19,0,0,0
run685,20260124_001610,0,4,1,5
run685,20260124_001610,1,1998,1,1999
run685,20260124_001610,2,0,1,1
run685,20260124_001610,3,1,1,2
run685,20260124_001610,4,1,1,2
run685,20260124_001610,5,2,0,2
run685,20260124_001610,6,2,0,2
run685,20260124_001610,7,1,0,1
run685,20260124_001610,8,0,0,0
run685,20260124_001610,9,0,0,0
run685,20260124_001610,10,1,0,1
run685,20260124_001610,11,0,0,0
run685,20260124_001610,12,0,0,0
run685,20260124_001610,13,2,0,2
run685,20260124_001610,14,1,0,1
run685,20260124_001610,15,2,0,2
run685,20260124_001610,16,1,0,1
run685,20260124_001610,17,0,1,1
run685,20260124_001610,18,0,0,0
run685,20260124_001610,19,0,0,0
run686,20260124_001658,0,0,0,0
run686,20260124_001658,1,2,0,2
run686,20260124_001658,2,1,0,1
run686,20260124_001658,3,1,0,1
run686,20260124_001658,4,1,0,1
run686,20260124_001658,5,2,0,2
run686,20260124_001658,6,1,0,1
run686,20260124_001658,7,1,0,1
run686,20260124_001658,8,0,0,0
run686,20260124_001658,9,0,0,0
run686,20260124_001658,10,0,0,0
run686,20260124_001658,11,902,0,902
run686,20260124_001658,12,0,0,0
run686,20260124_001658,13,0,0,0
run686,20260124_001658,14,0,0,0
run686,20260124_001658,15,1,0,1
run686,20260124_001658,16,2,0,2
run686,20260124_001658,17,0,0,0
run686,20260124_001658,18,0,0,0
run686,20260124_001658,19,0,0,0
run687,20260124_001750,0,0,0,0
run687,20260124_001750,1,4,0,4
run687,20260124_001750,2,1,0,1
run687,20260124_001750,3,3,0,3
run687,20260124_001750,4,3,0,3
run687,20260124_001750,5,4,0,4
run687,20260124_001750,6,1,0,1
run687,20260124_001750,7,1,0,1
run687,20260124_001750,8,0,1,1
run687,20260124_001750,9,0,0,0
run687,20260124_001750,10,0,0,0
run687,20260124_001750,11,2,0,2
run687,20260124_001750,12,3,0,3
run687,20260124_001750,13,1,0,1
run687,20260124_001750,14,3,0,3
run687,20260124_001750,15,3,0,3
run687,20260124_001750,16,2,0,2
run687,20260124_001750,17,1,0,1
run687,20260124_001750,18,0,0,0
run687,20260124_001750,19,0,0,0
run688,20260124_001842,0,1,0,1
run688,20260124_001842,1,2002,0,2002
run688,20260124_001842,2,1,0,1
run688,20260124_001842,3,0,0,0
run688,20260124_001842,4,1,0,1
run688,20260124_001842,5,2,0,2
run688,20260124_001842,6,1,0,1
run688,20260124_001842,7,1,0,1
run688,20260124_001842,8,0,0,0
run688,20260124_001842,9,0,0,0
run688,20260124_001842,10,3,0,3
run688,20260124_001842,11,2,0,2
run688,20260124_001842,12,1,0,1
run688,20260124_001842,13,1,0,1
run688,20260124_001842,14,1,0,1
run688,20260124_001842,15,2,0,2
run688,20260124_001842,16,0,0,0
run688,20260124_001842,17,0,0,0
run688,20260124_001842,18,0,0,0
run688,20260124_001842,19,0,0,0
run689,20260124_001930,0,1,1,2
run689,20260124_001930,1,0,1,1
run689,20260124_001930,2,2,0,2
run689,20260124_001930,3,1,0,1
run689,20260124_001930,4,1,0,1
run689,20260124_001930,5,0,0,0
run689,20260124_001930,6,2,0,2
run689,20260124_001930,7,0,0,0
run689,20260124_001930,8,0,0,0
run689,20260124_001930,9,0,0,0
run689,20260124_001930,10,2,0,2
run689,20260124_001930,11,4,0,4
run689,20260124_001930,12,232,0,232
run689,20260124_001930,13,0,0,0
run689,20260124_001930,14,5,0,5
run689,20260124_001930,15,2,0,2
run689,20260124_001930,16,1819,1,1820
run689,20260124_001930,17,1,1,2
run689,20260124_001930,18,0,0,0
run689,20260124_001930,19,0,0,0
run69,20260123_155101,0,2,0,2
run69,20260123_155101,1,1,0,1
run69,20260123_155101,2,1,0,1
run69,20260123_155101,3,0,0,0
run69,20260123_155101,4,642,0,642
run69,20260123_155101,5,0,0,0
run69,20260123_155101,6,2,0,2
run69,20260123_155101,7,1360,0,1360
run69,20260123_155101,8,0,0,0
run69,20260123_155101,9,0,0,0
run69,20260123_155101,10,0,0,0
run69,20260123_155101,11,1,0,1
run69,20260123_155101,12,1,0,1
run69,20260123_155101,13,0,0,0
run69,20260123_155101,14,1,0,1
run69,20260123_155101,15,3,0,3
run69,20260123_155101,16,3,0,3
run69,20260123_155101,17,1,0,1
run69,20260123_155101,18,0,0,0
run69,20260123_155101,19,0,0,0
run690,20260124_002022,0,2,0,2
run690,20260124_002022,1,0,0,0
run690,20260124_002022,2,4,0,4
run690,20260124_002022,3,0,0,0
run690,20260124_002022,4,2,0,2
run690,20260124_002022,5,1,0,1
run690,20260124_002022,6,1,0,1
run690,20260124_002022,7,2000,0,2000
run690,20260124_002022,8,0,0,0
run690,20260124_002022,9,0,0,0
run690,20260124_002022,10,0,0,0
run690,20260124_002022,11,0,0,0
run690,20260124_002022,12,0,0,0
run690,20260124_002022,13,2,0,2
run690,20260124_002022,14,1,0,1
run690,20260124_002022,15,0,0,0
run690,20260124_002022,16,3,0,3
run690,20260124_002022,17,0,0,0
run690,20260124_002022,18,0,0,0
run690,20260124_002022,19,0,0,0
run691,20260124_002110,0,2,0,2
run691,20260124_002110,1,4,0,4
run691,20260124_002110,2,1,0,1
run691,20260124_002110,3,2000,0,2000
run691,20260124_002110,4,2,0,2
run691,20260124_002110,5,2,0,2
run691,20260124_002110,6,1,0,1
run691,20260124_002110,7,2,0,2
run691,20260124_002110,8,0,0,0
run691,20260124_002110,9,0,0,0
run691,20260124_002110,10,2,0,2
run691,20260124_002110,11,0,0,0
run691,20260124_002110,12,1,0,1
run691,20260124_002110,13,1,0,1
run691,20260124_002110,14,0,0,0
run691,20260124_002110,15,3,0,3
run691,20260124_002110,16,2,0,2
run691,20260124_002110,17,1,0,1
run691,20260124_002110,18,0,0,0
run691,20260124_002110,19,0,0,0
run692,20260124_002158,0,2,1,3
run692,20260124_002158,1,2,1,3
run692,20260124_002158,2,1,1,2
run692,20260124_002158,3,0,0,0
run692,20260124_002158,4,1,0,1
run692,20260124_002158,5,2,0,2
run692,20260124_002158,6,1704,0,1704
run692,20260124_002158,7,0,0,0
run692,20260124_002158,8,0,0,0
run692,20260124_002158,9,0,0,0
run692,20260124_002158,10,0,0,0
run692,20260124_002158,11,2,0,2
run692,20260124_002158,12,0,0,0
run692,20260124_002158,13,1,0,1
run692,20260124_002158,14,2,0,2
run692,20260124_002158,15,0,0,0
run692,20260124_002158,16,0,1,1
run692,20260124_002158,17,0,1,1
run692,20260124_002158,18,0,0,0
run692,20260124_002158,19,0,0,0
run693,20260124_002250,0,1,0,1
run693,20260124_002250,1,2,0,2
run693,20260124_002250,2,2,0,2
run693,20260124_002250,3,1,0,1
run693,20260124_002250,4,0,0,0
run693,20260124_002250,5,1,0,1
run693,20260124_002250,6,1,0,1
run693,20260124_002250,7,1,0,1
run693,20260124_002250,8,0,0,0
run693,20260124_002250,9,0,0,0
run693,20260124_002250,10,1,0,1
run693,20260124_002250,11,0,0,0
run693,20260124_002250,12,2,0,2
run693,20260124_002250,13,250,0,250
run693,20260124_002250,14,0,0,0
run693,20260124_002250,15,2,0,2
run693,20260124_002250,16,1617,0,1617
run693,20260124_002250,17,1,0,1
run693,20260124_002250,18,0,0,0
run693,20260124_002250,19,0,0,0
run694,20260124_002338,0,9,0,9
run694,20260124_002338,1,1,0,1
run694,20260124_002338,2,52,0,52
run694,20260124_002338,3,9,0,9
run694,20260124_002338,4,2,0,2
run694,20260124_002338,5,6,0,6
run694,20260124_002338,6,1043,0,1043
run694,20260124_002338,7,786,0,786
run694,20260124_002338,8,0,0,0
run694,20260124_002338,9,0,0,0
run694,20260124_002338,10,1,0,1
run694,20260124_002338,11,1,0,1
run694,20260124_002338,12,2,0,2
run694,20260124_002338,13,1,0,1
run694,20260124_002338,14,2,0,2
run694,20260124_002338,15,3,0,3
run694,20260124_002338,16,5,0,5
run694,20260124_002338,17,0,0,0
run694,20260124_002338,18,0,0,0
run694,20260124_002338,19,0,0,0
run695,20260124_002426,0,0,0,0
run695,20260124_002426,1,2,0,2
run695,20260124_002426,2,3,0,3
run695,20260124_002426,3,0,0,0
run695,20260124_002426,4,2,0,2
run695,20260124_002426,5,0,0,0
run695,20260124_002426,6,1,0,1
run695,20260124_002426,7,0,0,0
run695,20260124_002426,8,0,0,0
run695,20260124_002426,9,0,0,0
run695,20260124_002426,10,1,0,1
run695,20260124_002426,11,3,0,3
run695,20260124_002426,12,0,0,0
run695,20260124_002426,13,1,0,1
run695,20260124_002426,14,0,0,0
run695,20260124_002426,15,1,0,1
run695,20260124_002426,16,4,0,4
run695,20260124_002426,17,1,0,1
run695,20260124_002426,18,0,0,0
run695,20260124_002426,19,0,0,0
run696,20260124_002514,0,2,2,4
run696,20260124_002514,1,1997,2,1999
run696,20260124_002514,2,1,2,3
run696,20260124_002514,3,1,2,3
run696,20260124_002514,4,0,2,2
run696,20260124_002514,5,0,1,1
run696,20260124_002514,6,0,0,0
run696,20260124_002514,7,0,0,0
run696,20260124_002514,8,0,0,0
run696,20260124_002514,9,0,0,0
run696,20260124_002514,10,1,0,1
run696,20260124_002514,11,2,0,2
run696,20260124_002514,12,0,0,0
run696,20260124_002514,13,1,0,1
run696,20260124_002514,14,1,0,1
run696,20260124_002514,15,0,0,0
run696,20260124_002514,16,0,2,2
run696,20260124_002514,17,0,1,1
run696,20260124_002514,18,0,0,0
run696,20260124_002514,19,0,0,0
run697,20260124_002602,0,1,0,1
run697,20260124_002602,1,5,0,5
run697,20260124_002602,2,1,0,1
run697,20260124_002602,3,0,0,0
run697,20260124_002602,4,0,0,0
run697,20260124_002602,5,3,0,3
run697,20260124_002602,6,1,3,4
run697,20260124_002602,7,1,3,4
run697,20260124_002602,8,0,0,0
run697,20260124_002602,9,0,0,0
run697,20260124_002602,10,1,4,5
run697,20260124_002602,11,1,4,5
run697,20260124_002602,12,20,4,24
run697,20260124_002602,13,4,4,8
run697,20260124_002602,14,1,4,5
run697,20260124_002602,15,5,0,5
run697,20260124_002602,16,1,0,1
run697,20260124_002602,17,470,0,470
run697,20260124_002602,18,0,0,0
run697,20260124_002602,19,0,0,0
run698,20260124_002654,0,1,0,1
run698,20260124_002654,1,1999,0,1999
run698,20260124_002654,2,25,0,25
run698,20260124_002654,3,1,0,1
run698,20260124_002654,4,0,0,0
run698,20260124_002654,5,0,0,0
run698,20260124_002654,6,0,0,0
run698,20260124_002654,7,0,0,0
run698,20260124_002654,8,0,0,0
run698,20260124_002654,9,0,0,0
run698,20260124_002654,10,0,0,0
run698,20260124_002654,11,1,0,1
run698,20260124_002654,12,1,0,1
run698,20260124_002654,13,0,0,0
run698,20260124_002654,14,0,0,0
run698,20260124_002654,15,0,0,0
run698,20260124_002654,16,1,0,1
run698,20260124_002654,17,0,0,0
run698,20260124_002654,18,0,0,0
run698,20260124_002654,19,0,0,0
run699,20260124_002742,0,1,0,1
run699,20260124_002742,1,5,0,5
run699,20260124_002742,2,1,0,1
run699,20260124_002742,3,1,0,1
run699,20260124_002742,4,3,0,3
run699,20260124_002742,5,0,1,1
run699,20260124_002742,6,1697,0,1697
run699,20260124_002742,7,0,0,0
run699,20260124_002742,8,0,0,0
run699,20260124_002742,9,0,0,0
run699,20260124_002742,10,1,0,1
run699,20260124_002742,11,0,0,0
run699,20260124_002742,12,0,0,0
run699,20260124_002742,13,1,0,1
run699,20260124_002742,14,4,0,4
run699,20260124_002742,15,0,0,0
run699,20260124_002742,16,2,0,2
run699,20260124_002742,17,0,0,0
run699,20260124_002742,18,0,0,0
run699,20260124_002742,19,0,0,0
run7,20260123_150009,0,1,0,1
run7,20260123_150009,1,0,0,0
run7,20260123_150009,2,4,0,4
run7,20260123_150009,3,2,0,2
run7,20260123_150009,4,2,0,2
run7,20260123_150009,5,2,0,2
run7,20260123_150009,6,0,0,0
run7,20260123_150009,7,4,0,4
run7,20260123_150009,8,0,0,0
run7,20260123_150009,9,0,0,0
run7,20260123_150009,10,2,0,2
run7,20260123_150009,11,1,0,1
run7,20260123_150009,12,2000,0,2000
run7,20260123_150009,13,2,0,2
run7,20260123_150009,14,0,0,0
run7,20260123_150009,15,2,0,2
run7,20260123_150009,16,1,0,1
run7,20260123_150009,17,0,0,0
run7,20260123_150009,18,0,0,0
run7,20260123_150009,19,0,0,0
run70,20260123_155149,0,1,0,1
run70,20260123_155149,1,0,0,0
run70,20260123_155149,2,0,0,0
run70,20260123_155149,3,0,0,0
run70,20260123_155149,4,1,0,1
run70,20260123_155149,5,1,0,1
run70,20260123_155149,6,0,0,0
run70,20260123_155149,7,0,0,0
run70,20260123_155149,8,0,0,0
run70,20260123_155149,9,0,0,0
run70,20260123_155149,10,1,0,1
run70,20260123_155149,11,2000,0,2000
run70,20260123_155149,12,1,0,1
run70,20260123_155149,13,0,0,0
run70,20260123_155149,14,0,0,0
run70,20260123_155149,15,0,0,0
run70,20260123_155149,16,1,0,1
run70,20260123_155149,17,1,0,1
run70,20260123_155149,18,0,0,0
run70,20260123_155149,19,0,0,0
run700,20260124_002832,0,10,504,514
run700,20260124_002832,1,8,504,512
run700,20260124_002832,2,0,504,504
run700,20260124_002832,3,1,503,504
run700,20260124_002832,4,3,502,505
run700,20260124_002832,5,6,0,6
run700,20260124_002832,6,5,0,5
run700,20260124_002832,7,2,0,2
run700,20260124_002832,8,0,0,0
run700,20260124_002832,9,0,0,0
run700,20260124_002832,10,1257,0,1257
run700,20260124_002832,11,1,0,1
run700,20260124_002832,12,3,0,3
run700,20260124_002832,13,0,0,0
run700,20260124_002832,14,1,0,1
run700,20260124_002832,15,2,0,2
run700,20260124_002832,16,2,400,402
run700,20260124_002832,17,16,256,272
run700,20260124_002832,18,0,0,0
run700,20260124_002832,19,0,0,0
run701,20260124_002919,0,1,0,1
run701,20260124_002919,1,0,0,0
run701,20260124_002919,2,0,0,0
run701,20260124_002919,3,2000,0,2000
run701,20260124_002919,4,0,0,0
run701,20260124_002919,5,0,0,0
run701,20260124_002919,6,2,0,2
run701,20260124_002919,7,1,0,1
run701,20260124_002919,8,0,0,0
run701,20260124_002919,9,0,0,0
run701,20260124_002919,10,1,0,1
run701,20260124_002919,11,0,0,0
run701,20260124_002919,12,3,0,3
run701,20260124_002919,13,0,0,0
run701,20260124_002919,14,1,0,1
run701,20260124_002919,15,0,0,0
run701,20260124_002919,16,0,0,0
run701,20260124_002919,17,0,0,0
run701,20260124_002919,18,0,0,0
run701,20260124_002919,19,0,0,0
run701,20260124_002920,0,1,0,1
run701,20260124_002920,1,0,0,0
run701,20260124_002920,2,0,0,0
run701,20260124_002920,3,2000,0,2000
run701,20260124_002920,4,0,0,0
run701,20260124_002920,5,0,0,0
run701,20260124_002920,6,2,0,2
run701,20260124_002920,7,1,0,1
run701,20260124_002920,8,0,0,0
run701,20260124_002920,9,0,0,0
run701,20260124_002920,10,1,0,1
run701,20260124_002920,11,0,0,0
run701,20260124_002920,12,3,0,3
run701,20260124_002920,13,0,0,0
run701,20260124_002920,14,1,0,1
run701,20260124_002920,15,0,0,0
run701,20260124_002920,16,0,0,0
run701,20260124_002920,17,0,0,0
run701,20260124_002920,18,0,0,0
run701,20260124_002920,19,0,0,0
run702,20260124_003012,0,3,0,3
run702,20260124_003012,1,3,0,3
run702,20260124_003012,2,0,0,0
run702,20260124_003012,3,0,0,0
run702,20260124_003012,4,2,0,2
run702,20260124_003012,5,1,0,1
run702,20260124_003012,6,0,0,0
run702,20260124_003012,7,2,0,2
run702,20260124_003012,8,0,1,1
run702,20260124_003012,9,0,0,0
run702,20260124_003012,10,1,0,1
run702,20260124_003012,11,0,0,0
run702,20260124_003012,12,3,0,3
run702,20260124_003012,13,2,0,2
run702,20260124_003012,14,0,0,0
run702,20260124_003012,15,1996,0,1996
run702,20260124_003012,16,3,0,3
run702,20260124_003012,17,1,0,1
run702,20260124_003012,18,0,0,0
run702,20260124_003012,19,0,0,0
run703,20260124_003101,0,2,6,8
run703,20260124_003101,1,219,6,225
run703,20260124_003101,2,1956,6,1962
run703,20260124_003101,3,1450,6,1456
run703,20260124_003101,4,1,6,7
run703,20260124_003101,5,0,0,0
run703,20260124_003101,6,0,1,1
run703,20260124_003101,7,1,0,1
run703,20260124_003101,8,0,0,0
run703,20260124_003101,9,0,0,0
run703,20260124_003101,10,1,0,1
run703,20260124_003101,11,0,0,0
run703,20260124_003101,12,1,0,1
run703,20260124_003101,13,0,0,0
run703,20260124_003101,14,0,0,0
run703,20260124_003101,15,1,0,1
run703,20260124_003101,16,3,5,8
run703,20260124_003101,17,0,3,3
run703,20260124_003101,18,0,0,0
run703,20260124_003101,19,0,0,0
run704,20260124_003153,0,0,0,0
run704,20260124_003153,1,0,0,0
run704,20260124_003153,2,2002,0,2002
run704,20260124_003153,3,2,0,2
run704,20260124_003153,4,4,0,4
run704,20260124_003153,5,0,0,0
run704,20260124_003153,6,3,0,3
run704,20260124_003153,7,1,0,1
run704,20260124_003153,8,0,0,0
run704,20260124_003153,9,0,0,0
run704,20260124_003153,10,3,0,3
run704,20260124_003153,11,3,0,3
run704,20260124_003153,12,0,0,0
run704,20260124_003153,13,1,0,1
run704,20260124_003153,14,2,0,2
run704,20260124_003153,15,0,0,0
run704,20260124_003153,16,1,0,1
run704,20260124_003153,17,0,0,0
run704,20260124_003153,18,0,0,0
run704,20260124_003153,19,0,0,0
run705,20260124_003241,0,1,0,1
run705,20260124_003241,1,2,0,2
run705,20260124_003241,2,3,0,3
run705,20260124_003241,3,2,0,2
run705,20260124_003241,4,1,0,1
run705,20260124_003241,5,3,0,3
run705,20260124_003241,6,0,0,0
run705,20260124_003241,7,1,0,1
run705,20260124_003241,8,0,0,0
run705,20260124_003241,9,0,0,0
run705,20260124_003241,10,0,0,0
run705,20260124_003241,11,0,0,0
run705,20260124_003241,12,0,0,0
run705,20260124_003241,13,0,0,0
run705,20260124_003241,14,1,0,1
run705,20260124_003241,15,1,0,1
run705,20260124_003241,16,1,0,1
run705,20260124_003241,17,451,0,451
run705,20260124_003241,18,0,0,0
run705,20260124_003241,19,0,0,0
run706,20260124_003331,0,0,0,0
run706,20260124_003331,1,2,0,2
run706,20260124_003331,2,1,0,1
run706,20260124_003331,3,0,0,0
run706,20260124_003331,4,2001,0,2001
run706,20260124_003331,5,1,0,1
run706,20260124_003331,6,2,0,2
run706,20260124_003331,7,2,0,2
run706,20260124_003331,8,0,0,0
run706,20260124_003331,9,0,0,0
run706,20260124_003331,10,2,0,2
run706,20260124_003331,11,2,0,2
run706,20260124_003331,12,1,0,1
run706,20260124_003331,13,2,0,2
run706,20260124_003331,14,1,0,1
run706,20260124_003331,15,1,0,1
run706,20260124_003331,16,4,0,4
run706,20260124_003331,17,1,0,1
run706,20260124_003331,18,0,0,0
run706,20260124_003331,19,0,0,0
run707,20260124_003421,0,2,0,2
run707,20260124_003421,1,1,0,1
run707,20260124_003421,2,3,0,3
run707,20260124_003421,3,0,0,0
run707,20260124_003421,4,1,0,1
run707,20260124_003421,5,4,0,4
run707,20260124_003421,6,1,0,1
run707,20260124_003421,7,1,0,1
run707,20260124_003421,8,0,0,0
run707,20260124_003421,9,0,0,0
run707,20260124_003421,10,1,0,1
run707,20260124_003421,11,0,0,0
run707,20260124_003421,12,0,0,0
run707,20260124_003421,13,1,0,1
run707,20260124_003421,14,1,0,1
run707,20260124_003421,15,1,0,1
run707,20260124_003421,16,1,0,1
run707,20260124_003421,17,0,0,0
run707,20260124_003421,18,0,0,0
run707,20260124_003421,19,0,0,0
run708,20260124_003509,0,1,42,43
run708,20260124_003509,1,2,42,44
run708,20260124_003509,2,1,42,43
run708,20260124_003509,3,356,42,398
run708,20260124_003509,4,1958,42,2000
run708,20260124_003509,5,3,0,3
run708,20260124_003509,6,0,0,0
run708,20260124_003509,7,0,0,0
run708,20260124_003509,8,0,0,0
run708,20260124_003509,9,0,0,0
run708,20260124_003509,10,2,0,2
run708,20260124_003509,11,1,0,1
run708,20260124_003509,12,1,0,1
run708,20260124_003509,13,1,0,1
run708,20260124_003509,14,0,0,0
run708,20260124_003509,15,1,0,1
run708,20260124_003509,16,4,40,44
run708,20260124_003509,17,1,13,14
run708,20260124_003509,18,0,0,0
run708,20260124_003509,19,0,0,0
run709,20260124_003557,0,0,0,0
run709,20260124_003557,1,2,0,2
run709,20260124_003557,2,0,0,0
run709,20260124_003557,3,0,0,0
run709,20260124_003557,4,2,0,2
run709,20260124_003557,5,1,0,1
run709,20260124_003557,6,2,0,2
run709,20260124_003557,7,1,0,1
run709,20260124_003557,8,0,0,0
run709,20260124_003557,9,0,0,0
run709,20260124_003557,10,0,0,0
run709,20260124_003557,11,3,0,3
run709,20260124_003557,12,1,0,1
run709,20260124_003557,13,2,0,2
run709,20260124_003557,14,2001,0,2001
run709,20260124_003557,15,0,0,0
run709,20260124_003557,16,5,0,5
run709,20260124_003557,17,0,0,0
run709,20260124_003557,18,0,0,0
run709,20260124_003557,19,0,0,0
run71,20260123_155238,0,0,0,0
run71,20260123_155238,1,0,0,0
run71,20260123_155238,2,1,0,1
run71,20260123_155238,3,2,0,2
run71,20260123_155238,4,1,0,1
run71,20260123_155238,5,1,0,1
run71,20260123_155238,6,0,0,0
run71,20260123_155238,7,1,0,1
run71,20260123_155238,8,0,0,0
run71,20260123_155238,9,0,0,0
run71,20260123_155238,10,1,0,1
run71,20260123_155238,11,0,0,0
run71,20260123_155238,12,1,0,1
run71,20260123_155238,13,3,0,3
run71,20260123_155238,14,1806,0,1806
run71,20260123_155238,15,2,0,2
run71,20260123_155238,16,184,0,184
run71,20260123_155238,17,0,0,0
run71,20260123_155238,18,0,0,0
run71,20260123_155238,19,0,0,0
run710,20260124_003645,0,589,43,632
run710,20260124_003645,1,1,52,53
run710,20260124_003645,2,1346,51,1397
run710,20260124_003645,3,1,50,51
run710,20260124_003645,4,1,50,51
run710,20260124_003645,5,12,18,30
run710,20260124_003645,6,1,45,46
run710,20260124_003645,7,0,24,24
run710,20260124_003645,8,0,0,0
run710,20260124_003645,9,0,0,0
run710,20260124_003645,10,5,47,52
run710,20260124_003645,11,1,49,50
run710,20260124_003645,12,0,47,47
run710,20260124_003645,13,1,47,48
run710,20260124_003645,14,3,47,50
run710,20260124_003645,15,19,10,29
run710,20260124_003645,16,6,38,44
run710,20260124_003645,17,2,15,17
run710,20260124_003645,18,0,0,0
run710,20260124_003645,19,0,0,0
run711,20260124_003733,0,0,0,0
run711,20260124_003733,1,1,0,1
run711,20260124_003733,2,1,0,1
run711,20260124_003733,3,1,0,1
run711,20260124_003733,4,0,0,0
run711,20260124_003733,5,0,0,0
run711,20260124_003733,6,0,0,0
run711,20260124_003733,7,0,0,0
run711,20260124_003733,8,0,0,0
run711,20260124_003733,9,0,0,0
run711,20260124_003733,10,3,0,3
run711,20260124_003733,11,1,0,1
run711,20260124_003733,12,0,0,0
run711,20260124_003733,13,0,0,0
run711,20260124_003733,14,2,0,2
run711,20260124_003733,15,2,0,2
run711,20260124_003733,16,1828,0,1828
run711,20260124_003733,17,0,0,0
run711,20260124_003733,18,0,0,0
run711,20260124_003733,19,0,0,0
run712,20260124_003821,0,1,1,2
run712,20260124_003821,1,0,0,0
run712,20260124_003821,2,3,0,3
run712,20260124_003821,3,0,0,0
run712,20260124_003821,4,1,0,1
run712,20260124_003821,5,0,0,0
run712,20260124_003821,6,1,0,1
run712,20260124_003821,7,1,0,1
run712,20260124_003821,8,0,0,0
run712,20260124_003821,9,0,0,0
run712,20260124_003821,10,2,0,2
run712,20260124_003821,11,2,0,2
run712,20260124_003821,12,0,0,0
run712,20260124_003821,13,1,0,1
run712,20260124_003821,14,0,0,0
run712,20260124_003821,15,1997,0,1997
run712,20260124_003821,16,1,0,1
run712,20260124_003821,17,0,0,0
run712,20260124_003821,18,0,0,0
run712,20260124_003821,19,0,0,0
run713,20260124_003909,0,1,0,1
run713,20260124_003909,1,0,0,0
run713,20260124_003909,2,1171,0,1171
run713,20260124_003909,3,0,0,0
run713,20260124_003909,4,2,0,2
run713,20260124_003909,5,3,0,3
run713,20260124_003909,6,1,0,1
run713,20260124_003909,7,3,0,3
run713,20260124_003909,8,0,0,0
run713,20260124_003909,9,0,0,0
run713,20260124_003909,10,1,0,1
run713,20260124_003909,11,0,0,0
run713,20260124_003909,12,2,0,2
run713,20260124_003909,13,1,0,1
run713,20260124_003909,14,830,0,830
run713,20260124_003909,15,1,0,1
run713,20260124_003909,16,1,0,1
run713,20260124_003909,17,1,0,1
run713,20260124_003909,18,0,0,0
run713,20260124_003909,19,0,0,0
run714,20260124_004001,0,0,0,0
run714,20260124_004001,1,2,0,2
run714,20260124_004001,2,0,0,0
run714,20260124_004001,3,2,0,2
run714,20260124_004001,4,1,0,1
run714,20260124_004001,5,0,0,0
run714,20260124_004001,6,0,0,0
run714,20260124_004001,7,0,0,0
run714,20260124_004001,8,0,0,0
run714,20260124_004001,9,0,0,0
run714,20260124_004001,10,1,0,1
run714,20260124_004001,11,0,0,0
run714,20260124_004001,12,0,0,0
run714,20260124_004001,13,0,0,0
run714,20260124_004001,14,1,0,1
run714,20260124_004001,15,2,0,2
run714,20260124_004001,16,5,0,5
run714,20260124_004001,17,271,0,271
run714,20260124_004001,18,0,0,0
run714,20260124_004001,19,0,0,0
run715,20260124_004049,0,1,0,1
run715,20260124_004049,1,1,0,1
run715,20260124_004049,2,3,0,3
run715,20260124_004049,3,0,0,0
run715,20260124_004049,4,1,0,1
run715,20260124_004049,5,0,0,0
run715,20260124_004049,6,1680,0,1680
run715,20260124_004049,7,2,0,2
run715,20260124_004049,8,0,0,0
run715,20260124_004049,9,0,0,0
run715,20260124_004049,10,1,0,1
run715,20260124_004049,11,0,0,0
run715,20260124_004049,12,0,0,0
run715,20260124_004049,13,0,0,0
run715,20260124_004049,14,1,0,1
run715,20260124_004049,15,1,0,1
run715,20260124_004049,16,0,0,0
run715,20260124_004049,17,0,0,0
run715,20260124_004049,18,0,0,0
run715,20260124_004049,19,0,0,0
run716,20260124_004137,0,2,0,2
run716,20260124_004137,1,2,0,2
run716,20260124_004137,2,1,0,1
run716,20260124_004137,3,0,0,0
run716,20260124_004137,4,2,0,2
run716,20260124_004137,5,2,0,2
run716,20260124_004137,6,1688,0,1688
run716,20260124_004137,7,0,0,0
run716,20260124_004137,8,0,2,2
run716,20260124_004137,9,0,0,0
run716,20260124_004137,10,1,0,1
run716,20260124_004137,11,1,0,1
run716,20260124_004137,12,1,0,1
run716,20260124_004137,13,1,0,1
run716,20260124_004137,14,2,0,2
run716,20260124_004137,15,1,0,1
run716,20260124_004137,16,1,0,1
run716,20260124_004137,17,0,0,0
run716,20260124_004137,18,0,0,0
run716,20260124_004137,19,0,0,0
run717,20260124_004225,0,1949,20,1969
run717,20260124_004225,1,0,27,27
run717,20260124_004225,2,1,26,27
run717,20260124_004225,3,1,25,26
run717,20260124_004225,4,2,25,27
run717,20260124_004225,5,9,13,22
run717,20260124_004225,6,3,23,26
run717,20260124_004225,7,0,17,17
run717,20260124_004225,8,0,0,0
run717,20260124_004225,9,0,2,2
run717,20260124_004225,10,26,25,51
run717,20260124_004225,11,3,24,27
run717,20260124_004225,12,3,24,27
run717,20260124_004225,13,1,24,25
run717,20260124_004225,14,2,24,26
run717,20260124_004225,15,6,12,18
run717,20260124_004225,16,7,18,25
run717,20260124_004225,17,1,5,6
run717,20260124_004225,18,0,0,0
run717,20260124_004225,19,0,0,0
run718,20260124_004313,0,1,0,1
run718,20260124_004313,1,1,0,1
run718,20260124_004313,2,2,0,2
run718,20260124_004313,3,0,0,0
run718,20260124_004313,4,1,0,1
run718,20260124_004313,5,1,0,1
run718,20260124_004313,6,2,0,2
run718,20260124_004313,7,1,0,1
run718,20260124_004313,8,0,0,0
run718,20260124_004313,9,0,0,0
run718,20260124_004313,10,1,0,1
run718,20260124_004313,11,654,0,654
run718,20260124_004313,12,373,0,373
run718,20260124_004313,13,0,0,0
run718,20260124_004313,14,0,0,0
run718,20260124_004313,15,975,0,975
run718,20260124_004313,16,0,0,0
run718,20260124_004313,17,0,0,0
run718,20260124_004313,18,0,0,0
run718,20260124_004313,19,0,0,0
run719,20260124_004405,0,0,0,0
run719,20260124_004405,1,0,0,0
run719,20260124_004405,2,1,0,1
run719,20260124_004405,3,1,0,1
run719,20260124_004405,4,1,0,1
run719,20260124_004405,5,2,0,2
run719,20260124_004405,6,0,0,0
run719,20260124_004405,7,0,0,0
run719,20260124_004405,8,0,0,0
run719,20260124_004405,9,0,0,0
run719,20260124_004405,10,3,0,3
run719,20260124_004405,11,0,0,0
run719,20260124_004405,12,1,0,1
run719,20260124_004405,13,1,0,1
run719,20260124_004405,14,0,0,0
run719,20260124_004405,15,1,0,1
run719,20260124_004405,16,2,0,2
run719,20260124_004405,17,1,0,1
run719,20260124_004405,18,0,0,0
run719,20260124_004405,19,0,0,0
run72,20260123_155326,0,0,40,40
run72,20260123_155326,1,2,40,42
run72,20260123_155326,2,1,39,40
run72,20260123_155326,3,1,39,40
run72,20260123_155326,4,1,39,40
run72,20260123_155326,5,9,4,13
run72,20260123_155326,6,2,18,20
run72,20260123_155326,7,3,11,14
run72,20260123_155326,8,0,0,0
run72,20260123_155326,9,0,0,0
run72,20260123_155326,10,473,20,493
run72,20260123_155326,11,2,20,22
run72,20260123_155326,12,1,21,22
run72,20260123_155326,13,780,21,801
run72,20260123_155326,14,0,20,20
run72,20260123_155326,15,8,5,13
run72,20260123_155326,16,0,38,38
run72,20260123_155326,17,0,9,9
run72,20260123_155326,18,0,0,0
run72,20260123_155326,19,0,0,0
run720,20260124_004457,0,4,0,4
run720,20260124_004457,1,3,0,3
run720,20260124_004457,2,4,0,4
run720,20260124_004457,3,1,0,1
run720,20260124_004457,4,2001,0,2001
run720,20260124_004457,5,2,0,2
run720,20260124_004457,6,2,0,2
run720,20260124_004457,7,1,0,1
run720,20260124_004457,8,0,0,0
run720,20260124_004457,9,0,0,0
run720,20260124_004457,10,1,0,1
run720,20260124_004457,11,0,0,0
run720,20260124_004457,12,2,0,2
run720,20260124_004457,13,1,0,1
run720,20260124_004457,14,0,0,0
run720,20260124_004457,15,1,0,1
run720,20260124_004457,16,2,0,2
run720,20260124_004457,17,0,0,0
run720,20260124_004457,18,0,0,0
run720,20260124_004457,19,0,0,0
run721,20260124_004545,0,3,1,4
run721,20260124_004545,1,2,1,3
run721,20260124_004545,2,2,1,3
run721,20260124_004545,3,2,1,3
run721,20260124_004545,4,3,1,4
run721,20260124_004545,5,3,0,3
run721,20260124_004545,6,1,0,1
run721,20260124_004545,7,2001,0,2001
run721,20260124_004545,8,0,0,0
run721,20260124_004545,9,0,0,0
run721,20260124_004545,10,0,0,0
run721,20260124_004545,11,0,0,0
run721,20260124_004545,12,0,0,0
run721,20260124_004545,13,2,0,2
run721,20260124_004545,14,1,0,1
run721,20260124_004545,15,1,0,1
run721,20260124_004545,16,1,1,2
run721,20260124_004545,17,0,0,0
run721,20260124_004545,18,0,0,0
run721,20260124_004545,19,0,0,0
run722,20260124_004633,0,0,0,0
run722,20260124_004633,1,0,0,0
run722,20260124_004633,2,231,0,231
run722,20260124_004633,3,1,0,1
run722,20260124_004633,4,1,0,1
run722,20260124_004633,5,560,0,560
run722,20260124_004633,6,1034,0,1034
run722,20260124_004633,7,0,0,0
run722,20260124_004633,8,0,0,0
run722,20260124_004633,9,0,0,0
run722,20260124_004633,10,0,0,0
run722,20260124_004633,11,1,0,1
run722,20260124_004633,12,2,0,2
run722,20260124_004633,13,0,0,0
run722,20260124_004633,14,0,0,0
run722,20260124_004633,15,2,0,2
run722,20260124_004633,16,2,0,2
run722,20260124_004633,17,0,0,0
run722,20260124_004633,18,0,0,0
run722,20260124_004633,19,0,0,0
run723,20260124_004723,0,0,0,0
run723,20260124_004723,1,1,0,1
run723,20260124_004723,2,0,0,0
run723,20260124_004723,3,2,0,2
run723,20260124_004723,4,0,0,0
run723,20260124_004723,5,3,0,3
run723,20260124_004723,6,3,0,3
run723,20260124_004723,7,0,0,0
run723,20260124_004723,8,0,0,0
run723,20260124_004723,9,0,0,0
run723,20260124_004723,10,2,0,2
run723,20260124_004723,11,0,0,0
run723,20260124_004723,12,13,0,13
run723,20260124_004723,13,0,0,0
run723,20260124_004723,14,2,0,2
run723,20260124_004723,15,11,0,11
run723,20260124_004723,16,1715,0,1715
run723,20260124_004723,17,454,0,454
run723,20260124_004723,18,0,0,0
run723,20260124_004723,19,0,0,0
run724,20260124_004815,0,0,0,0
run724,20260124_004815,1,1,0,1
run724,20260124_004815,2,2,0,2
run724,20260124_004815,3,0,0,0
run724,20260124_004815,4,2,0,2
run724,20260124_004815,5,0,0,0
run724,20260124_004815,6,1,1405,1406
run724,20260124_004815,7,0,1484,1484
run724,20260124_004815,8,0,1,1
run724,20260124_004815,9,0,0,0
run724,20260124_004815,10,0,1680,1680
run724,20260124_004815,11,1,1680,1681
run724,20260124_004815,12,0,1680,1680
run724,20260124_004815,13,2,1680,1682
run724,20260124_004815,14,1,1680,1681
run724,20260124_004815,15,3,0,3
run724,20260124_004815,16,2,0,2
run724,20260124_004815,17,1,0,1
run724,20260124_004815,18,0,0,0
run724,20260124_004815,19,0,0,0
run725,20260124_004903,0,3,0,3
run725,20260124_004903,1,0,0,0
run725,20260124_004903,2,2,0,2
run725,20260124_004903,3,0,0,0
run725,20260124_004903,4,2,0,2
run725,20260124_004903,5,0,0,0
run725,20260124_004903,6,1707,0,1707
run725,20260124_004903,7,1,0,1
run725,20260124_004903,8,0,1,1
run725,20260124_004903,9,0,0,0
run725,20260124_004903,10,0,0,0
run725,20260124_004903,11,1,0,1
run725,20260124_004903,12,1,0,1
run725,20260124_004903,13,3,0,3
run725,20260124_004903,14,1,0,1
run725,20260124_004903,15,0,0,0
run725,20260124_004903,16,2,0,2
run725,20260124_004903,17,0,0,0
run725,20260124_004903,18,0,0,0
run725,20260124_004903,19,0,0,0
run726,20260124_004953,0,0,0,0
run726,20260124_004953,1,0,0,0
run726,20260124_004953,2,5,0,5
run726,20260124_004953,3,0,0,0
run726,20260124_004953,4,0,0,0
run726,20260124_004953,5,2,0,2
run726,20260124_004953,6,0,0,0
run726,20260124_004953,7,0,0,0
run726,20260124_004953,8,0,0,0
run726,20260124_004953,9,0,0,0
run726,20260124_004953,10,0,0,0
run726,20260124_004953,11,3,0,3
run726,20260124_004953,12,1,0,1
run726,20260124_004953,13,2,0,2
run726,20260124_004953,14,2,0,2
run726,20260124_004953,15,2001,0,2001
run726,20260124_004953,16,2,0,2
run726,20260124_004953,17,1,0,1
run726,20260124_004953,18,0,0,0
run726,20260124_004953,19,0,0,0
run727,20260124_005041,0,1,0,1
run727,20260124_005041,1,2,0,2
run727,20260124_005041,2,1,0,1
run727,20260124_005041,3,0,0,0
run727,20260124_005041,4,2001,0,2001
run727,20260124_005041,5,1,0,1
run727,20260124_005041,6,2,0,2
run727,20260124_005041,7,0,0,0
run727,20260124_005041,8,0,1,1
run727,20260124_005041,9,0,0,0
run727,20260124_005041,10,1,0,1
run727,20260124_005041,11,3,0,3
run727,20260124_005041,12,0,0,0
run727,20260124_005041,13,0,0,0
run727,20260124_005041,14,3,0,3
run727,20260124_005041,15,0,0,0
run727,20260124_005041,16,1,0,1
run727,20260124_005041,17,0,0,0
run727,20260124_005041,18,0,0,0
run727,20260124_005041,19,0,0,0
run728,20260124_005129,0,1,0,1
run728,20260124_005129,1,3,0,3
run728,20260124_005129,2,1,0,1
run728,20260124_005129,3,0,0,0
run728,20260124_005129,4,1,0,1
run728,20260124_005129,5,2,0,2
run728,20260124_005129,6,2,0,2
run728,20260124_005129,7,1,0,1
run728,20260124_005129,8,0,0,0
run728,20260124_005129,9,0,0,0
run728,20260124_005129,10,0,0,0
run728,20260124_005129,11,2,0,2
run728,20260124_005129,12,5,0,5
run728,20260124_005129,13,2,0,2
run728,20260124_005129,14,2,0,2
run728,20260124_005129,15,1998,0,1998
run728,20260124_005129,16,1824,0,1824
run728,20260124_005129,17,0,0,0
run728,20260124_005129,18,0,0,0
run728,20260124_005129,19,0,0,0
run729,20260124_005217,0,0,0,0
run729,20260124_005217,1,0,0,0
run729,20260124_005217,2,0,0,0
run729,20260124_005217,3,1,0,1
run729,20260124_005217,4,0,0,0
run729,20260124_005217,5,0,0,0
run729,20260124_005217,6,1,0,1
run729,20260124_005217,7,0,0,0
run729,20260124_005217,8,0,0,0
run729,20260124_005217,9,0,0,0
run729,20260124_005217,10,0,0,0
run729,20260124_005217,11,1,0,1
run729,20260124_005217,12,2,0,2
run729,20260124_005217,13,1,0,1
run729,20260124_005217,14,2,0,2
run729,20260124_005217,15,2000,0,2000
run729,20260124_005217,16,1,0,1
run729,20260124_005217,17,0,0,0
run729,20260124_005217,18,0,0,0
run729,20260124_005217,19,0,0,0
run73,20260123_155414,0,0,0,0
run73,20260123_155414,1,0,0,0
run73,20260123_155414,2,3,0,3
run73,20260123_155414,3,2,0,2
run73,20260123_155414,4,1,0,1
run73,20260123_155414,5,2002,0,2002
run73,20260123_155414,6,1,0,1
run73,20260123_155414,7,2,0,2
run73,20260123_155414,8,0,0,0
run73,20260123_155414,9,0,0,0
run73,20260123_155414,10,0,0,0
run73,20260123_155414,11,1,0,1
run73,20260123_155414,12,1,0,1
run73,20260123_155414,13,0,0,0
run73,20260123_155414,14,2,0,2
run73,20260123_155414,15,2,0,2
run73,20260123_155414,16,2,0,2
run73,20260123_155414,17,1,0,1
run73,20260123_155414,18,0,0,0
run73,20260123_155414,19,0,0,0
run730,20260124_005307,0,0,0,0
run730,20260124_005307,1,3,0,3
run730,20260124_005307,2,2,0,2
run730,20260124_005307,3,0,0,0
run730,20260124_005307,4,0,0,0
run730,20260124_005307,5,2,0,2
run730,20260124_005307,6,1,0,1
run730,20260124_005307,7,1,0,1
run730,20260124_005307,8,0,0,0
run730,20260124_005307,9,0,0,0
run730,20260124_005307,10,1,0,1
run730,20260124_005307,11,2000,0,2000
run730,20260124_005307,12,1,0,1
run730,20260124_005307,13,1,0,1
run730,20260124_005307,14,0,0,0
run730,20260124_005307,15,1,0,1
run730,20260124_005307,16,0,0,0
run730,20260124_005307,17,1,0,1
run730,20260124_005307,18,0,0,0
run730,20260124_005307,19,0,0,0
run731,20260124_005355,0,1,0,1
run731,20260124_005355,1,0,0,0
run731,20260124_005355,2,0,0,0
run731,20260124_005355,3,1999,0,1999
run731,20260124_005355,4,1,0,1
run731,20260124_005355,5,0,0,0
run731,20260124_005355,6,0,0,0
run731,20260124_005355,7,0,0,0
run731,20260124_005355,8,0,0,0
run731,20260124_005355,9,0,0,0
run731,20260124_005355,10,0,0,0
run731,20260124_005355,11,1,0,1
run731,20260124_005355,12,1,0,1
run731,20260124_005355,13,0,0,0
run731,20260124_005355,14,1,0,1
run731,20260124_005355,15,0,0,0
run731,20260124_005355,16,4,0,4
run731,20260124_005355,17,0,0,0
run731,20260124_005355,18,0,0,0
run731,20260124_005355,19,0,0,0
run732,20260124_005443,0,0,0,0
run732,20260124_005443,1,0,0,0
run732,20260124_005443,2,2,0,2
run732,20260124_005443,3,1,0,1
run732,20260124_005443,4,0,0,0
run732,20260124_005443,5,1,0,1
run732,20260124_005443,6,2,1606,1608
run732,20260124_005443,7,1,1773,1774
run732,20260124_005443,8,0,0,0
run732,20260124_005443,9,0,0,0
run732,20260124_005443,10,2,1773,1775
run732,20260124_005443,11,2,1773,1775
run732,20260124_005443,12,2,1773,1775
run732,20260124_005443,13,0,1773,1773
run732,20260124_005443,14,1,1773,1774
run732,20260124_005443,15,4,0,4
run732,20260124_005443,16,3,0,3
run732,20260124_005443,17,1,0,1
run732,20260124_005443,18,0,0,0
run732,20260124_005443,19,0,0,0
run733,20260124_005531,0,2,0,2
run733,20260124_005531,1,1,0,1
run733,20260124_005531,2,1,0,1
run733,20260124_005531,3,3,0,3
run733,20260124_005531,4,1,0,1
run733,20260124_005531,5,1,0,1
run733,20260124_005531,6,0,0,0
run733,20260124_005531,7,1,0,1
run733,20260124_005531,8,0,1,1
run733,20260124_005531,9,0,0,0
run733,20260124_005531,10,1,0,1
run733,20260124_005531,11,2,0,2
run733,20260124_005531,12,0,0,0
run733,20260124_005531,13,1215,0,1215
run733,20260124_005531,14,1,0,1
run733,20260124_005531,15,5,0,5
run733,20260124_005531,16,3,0,3
run733,20260124_005531,17,0,0,0
run733,20260124_005531,18,0,0,0
run733,20260124_005531,19,0,0,0
run734,20260124_005623,0,835,31,866
run734,20260124_005623,1,4,36,40
run734,20260124_005623,2,1,36,37
run734,20260124_005623,3,1099,35,1134
run734,20260124_005623,4,1,35,36
run734,20260124_005623,5,14,13,27
run734,20260124_005623,6,2,33,35
run734,20260124_005623,7,0,19,19
run734,20260124_005623,8,0,0,0
run734,20260124_005623,9,0,1,1
run734,20260124_005623,10,19,34,53
run734,20260124_005623,11,3,35,38
run734,20260124_005623,12,3,35,38
run734,20260124_005623,13,0,34,34
run734,20260124_005623,14,1,34,35
run734,20260124_005623,15,10,11,21
run734,20260124_005623,16,3,29,32
run734,20260124_005623,17,1,9,10
run734,20260124_005623,18,0,0,0
run734,20260124_005623,19,0,0,0
run735,20260124_005715,0,2,0,2
run735,20260124_005715,1,1,0,1
run735,20260124_005715,2,2,0,2
run735,20260124_005715,3,1,0,1
run735,20260124_005715,4,1757,0,1757
run735,20260124_005715,5,1,0,1
run735,20260124_005715,6,0,0,0
run735,20260124_005715,7,243,0,243
run735,20260124_005715,8,0,0,0
run735,20260124_005715,9,0,0,0
run735,20260124_005715,10,1,0,1
run735,20260124_005715,11,1,0,1
run735,20260124_005715,12,0,0,0
run735,20260124_005715,13,0,0,0
run735,20260124_005715,14,0,0,0
run735,20260124_005715,15,2,0,2
run735,20260124_005715,16,1,0,1
run735,20260124_005715,17,2,0,2
run735,20260124_005715,18,0,0,0
run735,20260124_005715,19,0,0,0
run736,20260124_005805,0,0,0,0
run736,20260124_005805,1,3,0,3
run736,20260124_005805,2,1,0,1
run736,20260124_005805,3,0,0,0
run736,20260124_005805,4,1,0,1
run736,20260124_005805,5,2,0,2
run736,20260124_005805,6,0,0,0
run736,20260124_005805,7,2,0,2
run736,20260124_005805,8,0,0,0
run736,20260124_005805,9,0,0,0
run736,20260124_005805,10,2,0,2
run736,20260124_005805,11,0,0,0
run736,20260124_005805,12,3,0,3
run736,20260124_005805,13,2000,0,2000
run736,20260124_005805,14,2,0,2
run736,20260124_005805,15,1,0,1
run736,20260124_005805,16,4,0,4
run736,20260124_005805,17,0,0,0
run736,20260124_005805,18,0,0,0
run736,20260124_005805,19,0,0,0
run737,20260124_005853,0,1,0,1
run737,20260124_005853,1,2,0,2
run737,20260124_005853,2,2,0,2
run737,20260124_005853,3,0,0,0
run737,20260124_005853,4,0,0,0
run737,20260124_005853,5,2,0,2
run737,20260124_005853,6,0,0,0
run737,20260124_005853,7,0,0,0
run737,20260124_005853,8,0,0,0
run737,20260124_005853,9,0,0,0
run737,20260124_005853,10,1,0,1
run737,20260124_005853,11,2,0,2
run737,20260124_005853,12,0,0,0
run737,20260124_005853,13,3,0,3
run737,20260124_005853,14,2000,0,2000
run737,20260124_005853,15,1,0,1
run737,20260124_005853,16,0,0,0
run737,20260124_005853,17,0,0,0
run737,20260124_005853,18,0,0,0
run737,20260124_005853,19,0,0,0
run738,20260124_005941,0,2,0,2
run738,20260124_005941,1,2,0,2
run738,20260124_005941,2,6,0,6
run738,20260124_005941,3,1,0,1
run738,20260124_005941,4,1,0,1
run738,20260124_005941,5,1,0,1
run738,20260124_005941,6,1723,0,1723
run738,20260124_005941,7,0,0,0
run738,20260124_005941,8,0,0,0
run738,20260124_005941,9,0,0,0
run738,20260124_005941,10,3,0,3
run738,20260124_005941,11,1,0,1
run738,20260124_005941,12,0,0,0
run738,20260124_005941,13,1,0,1
run738,20260124_005941,14,3,0,3
run738,20260124_005941,15,1,0,1
run738,20260124_005941,16,0,0,0
run738,20260124_005941,17,1,0,1
run738,20260124_005941,18,0,0,0
run738,20260124_005941,19,0,0,0
run739,20260124_010033,0,0,51,51
run739,20260124_010033,1,2,51,53
run739,20260124_010033,2,1,51,52
run739,20260124_010033,3,1949,51,2000
run739,20260124_010033,4,1945,51,1996
run739,20260124_010033,5,1,0,1
run739,20260124_010033,6,1,0,1
run739,20260124_010033,7,0,0,0
run739,20260124_010033,8,0,0,0
run739,20260124_010033,9,0,0,0
run739,20260124_010033,10,1,0,1
run739,20260124_010033,11,1,0,1
run739,20260124_010033,12,0,0,0
run739,20260124_010033,13,1,0,1
run739,20260124_010033,14,1,0,1
run739,20260124_010033,15,0,0,0
run739,20260124_010033,16,3,36,39
run739,20260124_010033,17,0,11,11
run739,20260124_010033,18,0,0,0
run739,20260124_010033,19,0,0,0
run74,20260123_155502,0,2,0,2
run74,20260123_155502,1,1,0,1
run74,20260123_155502,2,0,0,0
run74,20260123_155502,3,0,0,0
run74,20260123_155502,4,0,0,0
run74,20260123_155502,5,2,0,2
run74,20260123_155502,6,1,0,1
run74,20260123_155502,7,0,0,0
run74,20260123_155502,8,0,0,0
run74,20260123_155502,9,0,0,0
run74,20260123_155502,10,0,0,0
run74,20260123_155502,11,0,0,0
run74,20260123_155502,12,2,0,2
run74,20260123_155502,13,3,0,3
run74,20260123_155502,14,0,0,0
run74,20260123_155502,15,0,0,0
run74,20260123_155502,16,1823,0,1823
run74,20260123_155502,17,0,0,0
run74,20260123_155502,18,0,0,0
run74,20260123_155502,19,0,0,0
run740,20260124_010123,0,1948,19,1967
run740,20260124_010123,1,3,22,25
run740,20260124_010123,2,1,22,23
run740,20260124_010123,3,0,21,21
run740,20260124_010123,4,3,21,24
run740,20260124_010123,5,8,9,17
run740,20260124_010123,6,2,21,23
run740,20260124_010123,7,0,14,14
run740,20260124_010123,8,0,0,0
run740,20260124_010123,9,0,0,0
run740,20260124_010123,10,31,22,53
run740,20260124_010123,11,3,21,24
run740,20260124_010123,12,2,21,23
run740,20260124_010123,13,0,21,21
run740,20260124_010123,14,2,21,23
run740,20260124_010123,15,7,10,17
run740,20260124_010123,16,7,18,25
run740,20260124_010123,17,0,6,6
run740,20260124_010123,18,0,0,0
run740,20260124_010123,19,0,0,0
run741,20260124_010211,0,0,2,2
run741,20260124_010211,1,3,2,5
run741,20260124_010211,2,1,2,3
run741,20260124_010211,3,1998,2,2000
run741,20260124_010211,4,35,2,37
run741,20260124_010211,5,2,0,2
run741,20260124_010211,6,1,0,1
run741,20260124_010211,7,1,0,1
run741,20260124_010211,8,0,0,0
run741,20260124_010211,9,0,0,0
run741,20260124_010211,10,0,0,0
run741,20260124_010211,11,1,0,1
run741,20260124_010211,12,0,0,0
run741,20260124_010211,13,2,0,2
run741,20260124_010211,14,2,0,2
run741,20260124_010211,15,0,0,0
run741,20260124_010211,16,2,2,4
run741,20260124_010211,17,0,0,0
run741,20260124_010211,18,0,0,0
run741,20260124_010211,19,0,0,0
run742,20260124_010259,0,60,0,60
run742,20260124_010259,1,67,0,67
run742,20260124_010259,2,1,0,1
run742,20260124_010259,3,1,0,1
run742,20260124_010259,4,0,0,0
run742,20260124_010259,5,3,0,3
run742,20260124_010259,6,0,0,0
run742,20260124_010259,7,2,0,2
run742,20260124_010259,8,0,0,0
run742,20260124_010259,9,0,0,0
run742,20260124_010259,10,0,0,0
run742,20260124_010259,11,0,0,0
run742,20260124_010259,12,0,0,0
run742,20260124_010259,13,0,0,0
run742,20260124_010259,14,0,0,0
run742,20260124_010259,15,0,0,0
run742,20260124_010259,16,0,0,0
run742,20260124_010259,17,0,0,0
run742,20260124_010259,18,0,0,0
run742,20260124_010259,19,0,0,0
run743,20260124_010346,0,3,0,3
run743,20260124_010346,1,3,0,3
run743,20260124_010346,2,1,0,1
run743,20260124_010346,3,0,0,0
run743,20260124_010346,4,5,0,5
run743,20260124_010346,5,4,0,4
run743,20260124_010346,6,0,0,0
run743,20260124_010346,7,0,0,0
run743,20260124_010346,8,0,0,0
run743,20260124_010346,9,0,0,0
run743,20260124_010346,10,2,0,2
run743,20260124_010346,11,1,0,1
run743,20260124_010346,12,0,0,0
run743,20260124_010346,13,1,0,1
run743,20260124_010346,14,1,0,1
run743,20260124_010346,15,0,0,0
run743,20260124_010346,16,2,0,2
run743,20260124_010346,17,0,0,0
run743,20260124_010346,18,0,0,0
run743,20260124_010346,19,0,0,0
run744,20260124_010438,0,0,0,0
run744,20260124_010438,1,0,0,0
run744,20260124_010438,2,1,0,1
run744,20260124_010438,3,1,0,1
run744,20260124_010438,4,3,0,3
run744,20260124_010438,5,1,0,1
run744,20260124_010438,6,0,0,0
run744,20260124_010438,7,0,0,0
run744,20260124_010438,8,0,0,0
run744,20260124_010438,9,0,0,0
run744,20260124_010438,10,0,0,0
run744,20260124_010438,11,1,0,1
run744,20260124_010438,12,2,0,2
run744,20260124_010438,13,0,0,0
run744,20260124_010438,14,4,0,4
run744,20260124_010438,15,1,0,1
run744,20260124_010438,16,1860,0,1860
run744,20260124_010438,17,0,0,0
run744,20260124_010438,18,0,0,0
run744,20260124_010438,19,0,0,0
run745,20260124_010530,0,1,0,1
run745,20260124_010530,1,4,0,4
run745,20260124_010530,2,0,0,0
run745,20260124_010530,3,1,0,1
run745,20260124_010530,4,0,0,0
run745,20260124_010530,5,0,0,0
run745,20260124_010530,6,1,0,1
run745,20260124_010530,7,2,0,2
run745,20260124_010530,8,0,0,0
run745,20260124_010530,9,0,0,0
run745,20260124_010530,10,1,0,1
run745,20260124_010530,11,2,0,2
run745,20260124_010530,12,1,0,1
run745,20260124_010530,13,2000,0,2000
run745,20260124_010530,14,2,0,2
run745,20260124_010530,15,3,0,3
run745,20260124_010530,16,3,0,3
run745,20260124_010530,17,0,0,0
run745,20260124_010530,18,0,0,0
run745,20260124_010530,19,0,0,0
run746,20260124_010618,0,1,1,2
run746,20260124_010618,1,2,1,3
run746,20260124_010618,2,2,1,3
run746,20260124_010618,3,1,0,1
run746,20260124_010618,4,1,0,1
run746,20260124_010618,5,1,0,1
run746,20260124_010618,6,0,0,0
run746,20260124_010618,7,1,0,1
run746,20260124_010618,8,0,0,0
run746,20260124_010618,9,0,0,0
run746,20260124_010618,10,1,0,1
run746,20260124_010618,11,1,0,1
run746,20260124_010618,12,2,0,2
run746,20260124_010618,13,2,0,2
run746,20260124_010618,14,1,0,1
run746,20260124_010618,15,1999,0,1999
run746,20260124_010618,16,1,1,2
run746,20260124_010618,17,0,0,0
run746,20260124_010618,18,0,0,0
run746,20260124_010618,19,0,0,0
run747,20260124_010711,0,3,0,3
run747,20260124_010711,1,2,0,2
run747,20260124_010711,2,3,0,3
run747,20260124_010711,3,1,0,1
run747,20260124_010711,4,1,0,1
run747,20260124_010711,5,1997,1,1998
run747,20260124_010711,6,0,0,0
run747,20260124_010711,7,0,0,0
run747,20260124_010711,8,0,0,0
run747,20260124_010711,9,0,0,0
run747,20260124_010711,10,1,0,1
run747,20260124_010711,11,0,0,0
run747,20260124_010711,12,0,0,0
run747,20260124_010711,13,0,0,0
run747,20260124_010711,14,0,0,0
run747,20260124_010711,15,0,0,0
run747,20260124_010711,16,1,0,1
run747,20260124_010711,17,1,0,1
run747,20260124_010711,18,0,0,0
run747,20260124_010711,19,0,0,0
run748,20260124_010800,0,14,255,269
run748,20260124_010800,1,13,241,254
run748,20260124_010800,2,9,240,249
run748,20260124_010800,3,7,240,247
run748,20260124_010800,4,10,240,250
run748,20260124_010800,5,20,5,25
run748,20260124_010800,6,11,5,16
run748,20260124_010800,7,14,5,19
run748,20260124_010800,8,0,0,0
run748,20260124_010800,9,0,1,1
run748,20260124_010800,10,34,8,42
run748,20260124_010800,11,16,9,25
run748,20260124_010800,12,13,7,20
run748,20260124_010800,13,15,7,22
run748,20260124_010800,14,16,7,23
run748,20260124_010800,15,17,142,159
run748,20260124_010800,16,18,503,521
run748,20260124_010800,17,5,531,536
run748,20260124_010800,18,0,0,0
run748,20260124_010800,19,0,419,419
run749,20260124_010852,0,1,0,1
run749,20260124_010852,1,1,0,1
run749,20260124_010852,2,2,0,2
run749,20260124_010852,3,2,0,2
run749,20260124_010852,4,1,0,1
run749,20260124_010852,5,1,0,1
run749,20260124_010852,6,0,0,0
run749,20260124_010852,7,0,0,0
run749,20260124_010852,8,0,0,0
run749,20260124_010852,9,0,0,0
run749,20260124_010852,10,0,0,0
run749,20260124_010852,11,1,0,1
run749,20260124_010852,12,1,0,1
run749,20260124_010852,13,1,0,1
run749,20260124_010852,14,0,0,0
run749,20260124_010852,15,0,0,0
run749,20260124_010852,16,1,0,1
run749,20260124_010852,17,1,0,1
run749,20260124_010852,18,0,0,0
run749,20260124_010852,19,0,0,0
run75,20260123_155550,0,2,0,2
run75,20260123_155550,1,3,0,3
run75,20260123_155550,2,2,0,2
run75,20260123_155550,3,0,0,0
run75,20260123_155550,4,2,0,2
run75,20260123_155550,5,0,0,0
run75,20260123_155550,6,0,0,0
run75,20260123_155550,7,0,0,0
run75,20260123_155550,8,0,0,0
run75,20260123_155550,9,0,0,0
run75,20260123_155550,10,2,0,2
run75,20260123_155550,11,1766,0,1766
run75,20260123_155550,12,1,0,1
run75,20260123_155550,13,0,0,0
run75,20260123_155550,14,0,0,0
run75,20260123_155550,15,235,0,235
run75,20260123_155550,16,0,0,0
run75,20260123_155550,17,0,0,0
run75,20260123_155550,18,0,0,0
run75,20260123_155550,19,0,0,0
run750,20260124_010940,0,1,0,1
run750,20260124_010940,1,0,0,0
run750,20260124_010940,2,4,0,4
run750,20260124_010940,3,0,0,0
run750,20260124_010940,4,0,0,0
run750,20260124_010940,5,2,0,2
run750,20260124_010940,6,0,0,0
run750,20260124_010940,7,0,0,0
run750,20260124_010940,8,0,0,0
run750,20260124_010940,9,0,0,0
run750,20260124_010940,10,1,0,1
run750,20260124_010940,11,0,0,0
run750,20260124_010940,12,5,0,5
run750,20260124_010940,13,0,0,0
run750,20260124_010940,14,2,0,2
run750,20260124_010940,15,2000,0,2000
run750,20260124_010940,16,1,0,1
run750,20260124_010940,17,0,0,0
run750,20260124_010940,18,0,0,0
run750,20260124_010940,19,0,0,0
run751,20260124_011029,0,0,0,0
run751,20260124_011029,1,0,0,0
run751,20260124_011029,2,0,0,0
run751,20260124_011029,3,2,0,2
run751,20260124_011029,4,0,0,0
run751,20260124_011029,5,0,0,0
run751,20260124_011029,6,1,0,1
run751,20260124_011029,7,0,0,0
run751,20260124_011029,8,0,0,0
run751,20260124_011029,9,0,0,0
run751,20260124_011029,10,0,0,0
run751,20260124_011029,11,1,0,1
run751,20260124_011029,12,5,0,5
run751,20260124_011029,13,1,0,1
run751,20260124_011029,14,4,0,4
run751,20260124_011029,15,0,0,0
run751,20260124_011029,16,1841,0,1841
run751,20260124_011029,17,0,0,0
run751,20260124_011029,18,0,0,0
run751,20260124_011029,19,0,0,0
run751,20260124_011030,0,0,0,0
run751,20260124_011030,1,0,0,0
run751,20260124_011030,2,0,0,0
run751,20260124_011030,3,2,0,2
run751,20260124_011030,4,0,0,0
run751,20260124_011030,5,0,0,0
run751,20260124_011030,6,1,0,1
run751,20260124_011030,7,0,0,0
run751,20260124_011030,8,0,0,0
run751,20260124_011030,9,0,0,0
run751,20260124_011030,10,0,0,0
run751,20260124_011030,11,1,0,1
run751,20260124_011030,12,5,0,5
run751,20260124_011030,13,1,0,1
run751,20260124_011030,14,4,0,4
run751,20260124_011030,15,0,0,0
run751,20260124_011030,16,1841,0,1841
run751,20260124_011030,17,0,0,0
run751,20260124_011030,18,0,0,0
run751,20260124_011030,19,0,0,0
run752,20260124_011122,0,2,2,4
run752,20260124_011122,1,1,1,2
run752,20260124_011122,2,2,1,3
run752,20260124_011122,3,0,1,1
run752,20260124_011122,4,2,1,3
run752,20260124_011122,5,2,0,2
run752,20260124_011122,6,1,0,1
run752,20260124_011122,7,1,0,1
run752,20260124_011122,8,0,0,0
run752,20260124_011122,9,0,0,0
run752,20260124_011122,10,1,0,1
run752,20260124_011122,11,0,0,0
run752,20260124_011122,12,1,0,1
run752,20260124_011122,13,1986,0,1986
run752,20260124_011122,14,2,0,2
run752,20260124_011122,15,0,0,0
run752,20260124_011122,16,3,0,3
run752,20260124_011122,17,0,1,1
run752,20260124_011122,18,0,0,0
run752,20260124_011122,19,0,0,0
run753,20260124_011210,0,0,0,0
run753,20260124_011210,1,2,0,2
run753,20260124_011210,2,2,0,2
run753,20260124_011210,3,0,0,0
run753,20260124_011210,4,2,0,2
run753,20260124_011210,5,2002,0,2002
run753,20260124_011210,6,1,0,1
run753,20260124_011210,7,0,0,0
run753,20260124_011210,8,0,0,0
run753,20260124_011210,9,0,0,0
run753,20260124_011210,10,1,0,1
run753,20260124_011210,11,2,0,2
run753,20260124_011210,12,1,0,1
run753,20260124_011210,13,0,0,0
run753,20260124_011210,14,0,0,0
run753,20260124_011210,15,0,0,0
run753,20260124_011210,16,2,0,2
run753,20260124_011210,17,0,0,0
run753,20260124_011210,18,0,0,0
run753,20260124_011210,19,0,0,0
run754,20260124_011301,0,0,0,0
run754,20260124_011301,1,2,0,2
run754,20260124_011301,2,1,0,1
run754,20260124_011301,3,1,0,1
run754,20260124_011301,4,1,0,1
run754,20260124_011301,5,1,0,1
run754,20260124_011301,6,0,0,0
run754,20260124_011301,7,0,0,0
run754,20260124_011301,8,0,0,0
run754,20260124_011301,9,0,0,0
run754,20260124_011301,10,3,0,3
run754,20260124_011301,11,1,0,1
run754,20260124_011301,12,0,0,0
run754,20260124_011301,13,1,0,1
run754,20260124_011301,14,1,0,1
run754,20260124_011301,15,2000,0,2000
run754,20260124_011301,16,1,0,1
run754,20260124_011301,17,2,0,2
run754,20260124_011301,18,0,0,0
run754,20260124_011301,19,0,0,0
run754,20260124_011302,0,0,0,0
run754,20260124_011302,1,2,0,2
run754,20260124_011302,2,1,0,1
run754,20260124_011302,3,1,0,1
run754,20260124_011302,4,1,0,1
run754,20260124_011302,5,1,0,1
run754,20260124_011302,6,0,0,0
run754,20260124_011302,7,0,0,0
run754,20260124_011302,8,0,0,0
run754,20260124_011302,9,0,0,0
run754,20260124_011302,10,3,0,3
run754,20260124_011302,11,1,0,1
run754,20260124_011302,12,0,0,0
run754,20260124_011302,13,1,0,1
run754,20260124_011302,14,1,0,1
run754,20260124_011302,15,2000,0,2000
run754,20260124_011302,16,1,0,1
run754,20260124_011302,17,2,0,2
run754,20260124_011302,18,0,0,0
run754,20260124_011302,19,0,0,0
run755,20260124_011351,0,1936,39,1975
run755,20260124_011351,1,0,49,49
run755,20260124_011351,2,1,49,50
run755,20260124_011351,3,1,48,49
run755,20260124_011351,4,2,48,50
run755,20260124_011351,5,13,18,31
run755,20260124_011351,6,0,46,46
run755,20260124_011351,7,0,23,23
run755,20260124_011351,8,0,0,0
run755,20260124_011351,9,0,0,0
run755,20260124_011351,10,12,47,59
run755,20260124_011351,11,2,47,49
run755,20260124_011351,12,2,46,48
run755,20260124_011351,13,2,46,48
run755,20260124_011351,14,3,47,50
run755,20260124_011351,15,17,10,27
run755,20260124_011351,16,4,37,41
run755,20260124_011351,17,2,11,13
run755,20260124_011351,18,0,0,0
run755,20260124_011351,19,0,0,0
run756,20260124_011439,0,1,78,79
run756,20260124_011439,1,3,78,81
run756,20260124_011439,2,5,78,83
run756,20260124_011439,3,1899,78,1977
run756,20260124_011439,4,0,78,78
run756,20260124_011439,5,1,0,1
run756,20260124_011439,6,3,0,3
run756,20260124_011439,7,2,0,2
run756,20260124_011439,8,0,0,0
run756,20260124_011439,9,0,0,0
run756,20260124_011439,10,6,0,6
run756,20260124_011439,11,3,0,3
run756,20260124_011439,12,0,0,0
run756,20260124_011439,13,2,0,2
run756,20260124_011439,14,0,0,0
run756,20260124_011439,15,1,0,1
run756,20260124_011439,16,1,70,71
run756,20260124_011439,17,0,46,46
run756,20260124_011439,18,0,0,0
run756,20260124_011439,19,0,0,0
run757,20260124_011527,0,0,0,0
run757,20260124_011527,1,3,0,3
run757,20260124_011527,2,4,0,4
run757,20260124_011527,3,1,0,1
run757,20260124_011527,4,1999,0,1999
run757,20260124_011527,5,2,0,2
run757,20260124_011527,6,0,0,0
run757,20260124_011527,7,0,0,0
run757,20260124_011527,8,0,0,0
run757,20260124_011527,9,0,0,0
run757,20260124_011527,10,4,0,4
run757,20260124_011527,11,1,0,1
run757,20260124_011527,12,2,0,2
run757,20260124_011527,13,1,0,1
run757,20260124_011527,14,2,0,2
run757,20260124_011527,15,0,0,0
run757,20260124_011527,16,3,0,3
run757,20260124_011527,17,0,0,0
run757,20260124_011527,18,0,0,0
run757,20260124_011527,19,0,0,0
run758,20260124_011615,0,1,5,6
run758,20260124_011615,1,3,5,8
run758,20260124_011615,2,1,5,6
run758,20260124_011615,3,0,5,5
run758,20260124_011615,4,1994,5,1999
run758,20260124_011615,5,4,0,4
run758,20260124_011615,6,3,1,4
run758,20260124_011615,7,2,0,2
run758,20260124_011615,8,0,0,0
run758,20260124_011615,9,0,0,0
run758,20260124_011615,10,1,0,1
run758,20260124_011615,11,2,0,2
run758,20260124_011615,12,3,0,3
run758,20260124_011615,13,0,0,0
run758,20260124_011615,14,2,0,2
run758,20260124_011615,15,0,0,0
run758,20260124_011615,16,0,5,5
run758,20260124_011615,17,0,1,1
run758,20260124_011615,18,0,0,0
run758,20260124_011615,19,0,0,0
run759,20260124_011703,0,2,0,2
run759,20260124_011703,1,0,0,0
run759,20260124_011703,2,4,0,4
run759,20260124_011703,3,2,0,2
run759,20260124_011703,4,3,0,3
run759,20260124_011703,5,3,0,3
run759,20260124_011703,6,0,0,0
run759,20260124_011703,7,2000,0,2000
run759,20260124_011703,8,0,0,0
run759,20260124_011703,9,0,0,0
run759,20260124_011703,10,0,0,0
run759,20260124_011703,11,1,0,1
run759,20260124_011703,12,0,0,0
run759,20260124_011703,13,1,0,1
run759,20260124_011703,14,1,0,1
run759,20260124_011703,15,2,0,2
run759,20260124_011703,16,8,0,8
run759,20260124_011703,17,0,0,0
run759,20260124_011703,18,0,0,0
run759,20260124_011703,19,0,0,0
run76,20260123_155642,0,0,0,0
run76,20260123_155642,1,1,0,1
run76,20260123_155642,2,1,0,1
run76,20260123_155642,3,1,0,1
run76,20260123_155642,4,0,0,0
run76,20260123_155642,5,1,0,1
run76,20260123_155642,6,0,0,0
run76,20260123_155642,7,2,0,2
run76,20260123_155642,8,0,0,0
run76,20260123_155642,9,0,0,0
run76,20260123_155642,10,2000,0,2000
run76,20260123_155642,11,2,0,2
run76,20260123_155642,12,2,0,2
run76,20260123_155642,13,1,0,1
run76,20260123_155642,14,1,0,1
run76,20260123_155642,15,1,0,1
run76,20260123_155642,16,2,0,2
run76,20260123_155642,17,1,0,1
run76,20260123_155642,18,0,0,0
run76,20260123_155642,19,0,0,0
run760,20260124_011755,0,1,0,1
run760,20260124_011755,1,1,0,1
run760,20260124_011755,2,1,0,1
run760,20260124_011755,3,3,0,3
run760,20260124_011755,4,0,0,0
run760,20260124_011755,5,3,0,3
run760,20260124_011755,6,0,1,1
run760,20260124_011755,7,0,1,1
run760,20260124_011755,8,0,0,0
run760,20260124_011755,9,0,0,0
run760,20260124_011755,10,2,1,3
run760,20260124_011755,11,1,1,2
run760,20260124_011755,12,0,1,1
run760,20260124_011755,13,0,1,1
run760,20260124_011755,14,0,1,1
run760,20260124_011755,15,1,0,1
run760,20260124_011755,16,0,0,0
run760,20260124_011755,17,0,0,0
run760,20260124_011755,18,0,0,0
run760,20260124_011755,19,0,0,0
run761,20260124_011843,0,0,0,0
run761,20260124_011843,1,1,0,1
run761,20260124_011843,2,0,0,0
run761,20260124_011843,3,0,0,0
run761,20260124_011843,4,4,0,4
run761,20260124_011843,5,2,0,2
run761,20260124_011843,6,0,0,0
run761,20260124_011843,7,1,0,1
run761,20260124_011843,8,0,0,0
run761,20260124_011843,9,0,0,0
run761,20260124_011843,10,0,0,0
run761,20260124_011843,11,0,0,0
run761,20260124_011843,12,571,0,571
run761,20260124_011843,13,1430,0,1430
run761,20260124_011843,14,1,0,1
run761,20260124_011843,15,0,0,0
run761,20260124_011843,16,4,0,4
run761,20260124_011843,17,0,0,0
run761,20260124_011843,18,0,0,0
run761,20260124_011843,19,0,0,0
run762,20260124_011931,0,163,29,192
run762,20260124_011931,1,0,34,34
run762,20260124_011931,2,1,33,34
run762,20260124_011931,3,1,32,33
run762,20260124_011931,4,0,32,32
run762,20260124_011931,5,16,13,29
run762,20260124_011931,6,0,31,31
run762,20260124_011931,7,1,18,19
run762,20260124_011931,8,0,0,0
run762,20260124_011931,9,0,0,0
run762,20260124_011931,10,0,31,31
run762,20260124_011931,11,1,31,32
run762,20260124_011931,12,0,31,31
run762,20260124_011931,13,2,33,35
run762,20260124_011931,14,0,32,32
run762,20260124_011931,15,11,10,21
run762,20260124_011931,16,6,27,33
run762,20260124_011931,17,304,6,310
run762,20260124_011931,18,0,0,0
run762,20260124_011931,19,0,0,0
run763,20260124_012019,0,1,0,1
run763,20260124_012019,1,0,0,0
run763,20260124_012019,2,2,0,2
run763,20260124_012019,3,0,0,0
run763,20260124_012019,4,1,0,1
run763,20260124_012019,5,0,0,0
run763,20260124_012019,6,1,0,1
run763,20260124_012019,7,0,0,0
run763,20260124_012019,8,0,0,0
run763,20260124_012019,9,0,0,0
run763,20260124_012019,10,2,0,2
run763,20260124_012019,11,1,0,1
run763,20260124_012019,12,2,0,2
run763,20260124_012019,13,1,0,1
run763,20260124_012019,14,1994,0,1994
run763,20260124_012019,15,2,0,2
run763,20260124_012019,16,0,0,0
run763,20260124_012019,17,1,0,1
run763,20260124_012019,18,0,0,0
run763,20260124_012019,19,0,0,0
run764,20260124_012107,0,0,1,1
run764,20260124_012107,1,2,1,3
run764,20260124_012107,2,4,1,5
run764,20260124_012107,3,2,1,3
run764,20260124_012107,4,1,1,2
run764,20260124_012107,5,1,0,1
run764,20260124_012107,6,1,1,2
run764,20260124_012107,7,1,0,1
run764,20260124_012107,8,0,0,0
run764,20260124_012107,9,0,0,0
run764,20260124_012107,10,0,0,0
run764,20260124_012107,11,1,0,1
run764,20260124_012107,12,2,0,2
run764,20260124_012107,13,2,0,2
run764,20260124_012107,14,0,0,0
run764,20260124_012107,15,1988,0,1988
run764,20260124_012107,16,2,0,2
run764,20260124_012107,17,0,1,1
run764,20260124_012107,18,0,0,0
run764,20260124_012107,19,0,0,0
run765,20260124_012155,0,1,26,27
run765,20260124_012155,1,2,550,552
run765,20260124_012155,2,2,554,556
run765,20260124_012155,3,2,554,556
run765,20260124_012155,4,2,554,556
run765,20260124_012155,5,3,849,852
run765,20260124_012155,6,2,0,2
run765,20260124_012155,7,4,0,4
run765,20260124_012155,8,0,0,0
run765,20260124_012155,9,0,1,1
run765,20260124_012155,10,2,0,2
run765,20260124_012155,11,0,0,0
run765,20260124_012155,12,2,0,2
run765,20260124_012155,13,0,0,0
run765,20260124_012155,14,1,0,1
run765,20260124_012155,15,3,0,3
run765,20260124_012155,16,1,0,1
run765,20260124_012155,17,0,0,0
run765,20260124_012155,18,0,0,0
run765,20260124_012155,19,0,0,0
run766,20260124_012243,0,0,0,0
run766,20260124_012243,1,2,0,2
run766,20260124_012243,2,0,0,0
run766,20260124_012243,3,1999,0,1999
run766,20260124_012243,4,0,0,0
run766,20260124_012243,5,3,0,3
run766,20260124_012243,6,2,0,2
run766,20260124_012243,7,0,0,0
run766,20260124_012243,8,0,0,0
run766,20260124_012243,9,0,0,0
run766,20260124_012243,10,1,0,1
run766,20260124_012243,11,0,0,0
run766,20260124_012243,12,1,0,1
run766,20260124_012243,13,0,0,0
run766,20260124_012243,14,0,0,0
run766,20260124_012243,15,0,0,0
run766,20260124_012243,16,0,0,0
run766,20260124_012243,17,0,0,0
run766,20260124_012243,18,0,0,0
run766,20260124_012243,19,0,0,0
run766,20260124_012242,0,0,0,0
run766,20260124_012242,1,2,0,2
run766,20260124_012242,2,0,0,0
run766,20260124_012242,3,1999,0,1999
run766,20260124_012242,4,0,0,0
run766,20260124_012242,5,3,0,3
run766,20260124_012242,6,2,0,2
run766,20260124_012242,7,0,0,0
run766,20260124_012242,8,0,0,0
run766,20260124_012242,9,0,0,0
run766,20260124_012242,10,1,0,1
run766,20260124_012242,11,0,0,0
run766,20260124_012242,12,1,0,1
run766,20260124_012242,13,0,0,0
run766,20260124_012242,14,0,0,0
run766,20260124_012242,15,0,0,0
run766,20260124_012242,16,0,0,0
run766,20260124_012242,17,0,0,0
run766,20260124_012242,18,0,0,0
run766,20260124_012242,19,0,0,0
run767,20260124_012334,0,2,0,2
run767,20260124_012334,1,2,0,2
run767,20260124_012334,2,0,0,0
run767,20260124_012334,3,0,0,0
run767,20260124_012334,4,1,0,1
run767,20260124_012334,5,4,0,4
run767,20260124_012334,6,1,0,1
run767,20260124_012334,7,1,0,1
run767,20260124_012334,8,0,0,0
run767,20260124_012334,9,0,0,0
run767,20260124_012334,10,2,0,2
run767,20260124_012334,11,1,0,1
run767,20260124_012334,12,1,0,1
run767,20260124_012334,13,1,0,1
run767,20260124_012334,14,1,0,1
run767,20260124_012334,15,1,0,1
run767,20260124_012334,16,4,0,4
run767,20260124_012334,17,0,0,0
run767,20260124_012334,18,0,0,0
run767,20260124_012334,19,0,0,0
run768,20260124_012423,0,0,0,0
run768,20260124_012423,1,1,0,1
run768,20260124_012423,2,2,0,2
run768,20260124_012423,3,0,0,0
run768,20260124_012423,4,3,0,3
run768,20260124_012423,5,3,0,3
run768,20260124_012423,6,0,0,0
run768,20260124_012423,7,0,0,0
run768,20260124_012423,8,0,0,0
run768,20260124_012423,9,0,0,0
run768,20260124_012423,10,1,0,1
run768,20260124_012423,11,1,0,1
run768,20260124_012423,12,1,0,1
run768,20260124_012423,13,2001,0,2001
run768,20260124_012423,14,1,0,1
run768,20260124_012423,15,3,0,3
run768,20260124_012423,16,2,0,2
run768,20260124_012423,17,0,0,0
run768,20260124_012423,18,0,0,0
run768,20260124_012423,19,0,0,0
run768,20260124_012422,0,0,0,0
run768,20260124_012422,1,1,0,1
run768,20260124_012422,2,2,0,2
run768,20260124_012422,3,0,0,0
run768,20260124_012422,4,3,0,3
run768,20260124_012422,5,3,0,3
run768,20260124_012422,6,0,0,0
run768,20260124_012422,7,0,0,0
run768,20260124_012422,8,0,0,0
run768,20260124_012422,9,0,0,0
run768,20260124_012422,10,1,0,1
run768,20260124_012422,11,1,0,1
run768,20260124_012422,12,1,0,1
run768,20260124_012422,13,2001,0,2001
run768,20260124_012422,14,1,0,1
run768,20260124_012422,15,3,0,3
run768,20260124_012422,16,2,0,2
run768,20260124_012422,17,0,0,0
run768,20260124_012422,18,0,0,0
run768,20260124_012422,19,0,0,0
run769,20260124_012510,0,0,0,0
run769,20260124_012510,1,2,0,2
run769,20260124_012510,2,4,0,4
run769,20260124_012510,3,2,0,2
run769,20260124_012510,4,3,0,3
run769,20260124_012510,5,2,0,2
run769,20260124_012510,6,1,0,1
run769,20260124_012510,7,1,0,1
run769,20260124_012510,8,0,0,0
run769,20260124_012510,9,0,0,0
run769,20260124_012510,10,1,0,1
run769,20260124_012510,11,1,0,1
run769,20260124_012510,12,0,0,0
run769,20260124_012510,13,1,0,1
run769,20260124_012510,14,1,0,1
run769,20260124_012510,15,1,0,1
run769,20260124_012510,16,1868,0,1868
run769,20260124_012510,17,0,0,0
run769,20260124_012510,18,0,0,0
run769,20260124_012510,19,0,0,0
run769,20260124_012511,0,0,0,0
run769,20260124_012511,1,2,0,2
run769,20260124_012511,2,4,0,4
run769,20260124_012511,3,2,0,2
run769,20260124_012511,4,3,0,3
run769,20260124_012511,5,2,0,2
run769,20260124_012511,6,1,0,1
run769,20260124_012511,7,1,0,1
run769,20260124_012511,8,0,0,0
run769,20260124_012511,9,0,0,0
run769,20260124_012511,10,1,0,1
run769,20260124_012511,11,1,0,1
run769,20260124_012511,12,0,0,0
run769,20260124_012511,13,1,0,1
run769,20260124_012511,14,1,0,1
run769,20260124_012511,15,1,0,1
run769,20260124_012511,16,1868,0,1868
run769,20260124_012511,17,0,0,0
run769,20260124_012511,18,0,0,0
run769,20260124_012511,19,0,0,0
run77,20260123_155734,0,1,0,1
run77,20260123_155734,1,0,0,0
run77,20260123_155734,2,4,0,4
run77,20260123_155734,3,0,0,0
run77,20260123_155734,4,1,0,1
run77,20260123_155734,5,1,0,1
run77,20260123_155734,6,1,0,1
run77,20260123_155734,7,1,0,1
run77,20260123_155734,8,0,0,0
run77,20260123_155734,9,0,0,0
run77,20260123_155734,10,1,0,1
run77,20260123_155734,11,0,0,0
run77,20260123_155734,12,2,0,2
run77,20260123_155734,13,0,0,0
run77,20260123_155734,14,0,0,0
run77,20260123_155734,15,1,0,1
run77,20260123_155734,16,0,0,0
run77,20260123_155734,17,0,0,0
run77,20260123_155734,18,0,0,0
run77,20260123_155734,19,0,0,0
run770,20260124_012558,0,1946,25,1971
run770,20260124_012558,1,2,31,33
run770,20260124_012558,2,1,31,32
run770,20260124_012558,3,1,30,31
run770,20260124_012558,4,0,30,30
run770,20260124_012558,5,11,13,24
run770,20260124_012558,6,1,29,30
run770,20260124_012558,7,3,18,21
run770,20260124_012558,8,0,0,0
run770,20260124_012558,9,0,0,0
run770,20260124_012558,10,10,30,40
run770,20260124_012558,11,3,30,33
run770,20260124_012558,12,2,29,31
run770,20260124_012558,13,0,30,30
run770,20260124_012558,14,1,29,30
run770,20260124_012558,15,9,11,20
run770,20260124_012558,16,3,24,27
run770,20260124_012558,17,2,6,8
run770,20260124_012558,18,0,0,0
run770,20260124_012558,19,0,0,0
run771,20260124_012646,0,3,0,3
run771,20260124_012646,1,4,0,4
run771,20260124_012646,2,5,0,5
run771,20260124_012646,3,1,0,1
run771,20260124_012646,4,1,0,1
run771,20260124_012646,5,2,0,2
run771,20260124_012646,6,0,0,0
run771,20260124_012646,7,2003,0,2003
run771,20260124_012646,8,0,0,0
run771,20260124_012646,9,0,0,0
run771,20260124_012646,10,1,0,1
run771,20260124_012646,11,0,0,0
run771,20260124_012646,12,1,0,1
run771,20260124_012646,13,1,0,1
run771,20260124_012646,14,2,0,2
run771,20260124_012646,15,1,0,1
run771,20260124_012646,16,0,0,0
run771,20260124_012646,17,0,0,0
run771,20260124_012646,18,0,0,0
run771,20260124_012646,19,0,0,0
run772,20260124_012734,0,0,0,0
run772,20260124_012734,1,2,0,2
run772,20260124_012734,2,1,0,1
run772,20260124_012734,3,1,0,1
run772,20260124_012734,4,1,0,1
run772,20260124_012734,5,1,0,1
run772,20260124_012734,6,2,0,2
run772,20260124_012734,7,2,0,2
run772,20260124_012734,8,0,0,0
run772,20260124_012734,9,0,0,0
run772,20260124_012734,10,1,0,1
run772,20260124_012734,11,3,0,3
run772,20260124_012734,12,2,0,2
run772,20260124_012734,13,2,0,2
run772,20260124_012734,14,1,0,1
run772,20260124_012734,15,2,0,2
run772,20260124_012734,16,0,0,0
run772,20260124_012734,17,0,0,0
run772,20260124_012734,18,0,0,0
run772,20260124_012734,19,0,0,0
run773,20260124_012824,0,0,0,0
run773,20260124_012824,1,2,0,2
run773,20260124_012824,2,4,0,4
run773,20260124_012824,3,0,0,0
run773,20260124_012824,4,1,0,1
run773,20260124_012824,5,1,0,1
run773,20260124_012824,6,2,0,2
run773,20260124_012824,7,0,0,0
run773,20260124_012824,8,0,0,0
run773,20260124_012824,9,0,0,0
run773,20260124_012824,10,3,0,3
run773,20260124_012824,11,1,0,1
run773,20260124_012824,12,0,0,0
run773,20260124_012824,13,0,0,0
run773,20260124_012824,14,2,0,2
run773,20260124_012824,15,1,0,1
run773,20260124_012824,16,2,0,2
run773,20260124_012824,17,0,0,0
run773,20260124_012824,18,0,0,0
run773,20260124_012824,19,0,0,0
run774,20260124_012912,0,3,0,3
run774,20260124_012912,1,2,0,2
run774,20260124_012912,2,1,0,1
run774,20260124_012912,3,0,0,0
run774,20260124_012912,4,2,0,2
run774,20260124_012912,5,4,0,4
run774,20260124_012912,6,0,0,0
run774,20260124_012912,7,2000,0,2000
run774,20260124_012912,8,0,0,0
run774,20260124_012912,9,0,0,0
run774,20260124_012912,10,2,0,2
run774,20260124_012912,11,1,0,1
run774,20260124_012912,12,0,0,0
run774,20260124_012912,13,2,0,2
run774,20260124_012912,14,0,0,0
run774,20260124_012912,15,1,0,1
run774,20260124_012912,16,2,0,2
run774,20260124_012912,17,0,0,0
run774,20260124_012912,18,0,0,0
run774,20260124_012912,19,0,0,0
run775,20260124_013004,0,1,0,1
run775,20260124_013004,1,1,0,1
run775,20260124_013004,2,1,0,1
run775,20260124_013004,3,0,0,0
run775,20260124_013004,4,1,0,1
run775,20260124_013004,5,1,0,1
run775,20260124_013004,6,0,0,0
run775,20260124_013004,7,0,0,0
run775,20260124_013004,8,0,0,0
run775,20260124_013004,9,0,0,0
run775,20260124_013004,10,1,0,1
run775,20260124_013004,11,0,0,0
run775,20260124_013004,12,1,0,1
run775,20260124_013004,13,1,0,1
run775,20260124_013004,14,2,0,2
run775,20260124_013004,15,2,0,2
run775,20260124_013004,16,1840,0,1840
run775,20260124_013004,17,0,0,0
run775,20260124_013004,18,0,0,0
run775,20260124_013004,19,0,0,0
run776,20260124_013052,0,0,0,0
run776,20260124_013052,1,1,0,1
run776,20260124_013052,2,3,0,3
run776,20260124_013052,3,0,0,0
run776,20260124_013052,4,3,0,3
run776,20260124_013052,5,2000,0,2000
run776,20260124_013052,6,0,0,0
run776,20260124_013052,7,0,0,0
run776,20260124_013052,8,0,0,0
run776,20260124_013052,9,0,0,0
run776,20260124_013052,10,1,0,1
run776,20260124_013052,11,2,0,2
run776,20260124_013052,12,1,0,1
run776,20260124_013052,13,0,0,0
run776,20260124_013052,14,2,0,2
run776,20260124_013052,15,1,0,1
run776,20260124_013052,16,2,0,2
run776,20260124_013052,17,0,0,0
run776,20260124_013052,18,0,0,0
run776,20260124_013052,19,0,0,0
run777,20260124_013142,0,1,0,1
run777,20260124_013142,1,0,0,0
run777,20260124_013142,2,0,0,0
run777,20260124_013142,3,1,0,1
run777,20260124_013142,4,2,0,2
run777,20260124_013142,5,1,0,1
run777,20260124_013142,6,1,0,1
run777,20260124_013142,7,1,0,1
run777,20260124_013142,8,0,0,0
run777,20260124_013142,9,0,0,0
run777,20260124_013142,10,2000,0,2000
run777,20260124_013142,11,2000,0,2000
run777,20260124_013142,12,2,0,2
run777,20260124_013142,13,1,0,1
run777,20260124_013142,14,0,0,0
run777,20260124_013142,15,2,0,2
run777,20260124_013142,16,3,0,3
run777,20260124_013142,17,0,0,0
run777,20260124_013142,18,0,0,0
run777,20260124_013142,19,0,0,0
run778,20260124_013232,0,2,0,2
run778,20260124_013232,1,2,0,2
run778,20260124_013232,2,3,0,3
run778,20260124_013232,3,1,0,1
run778,20260124_013232,4,0,0,0
run778,20260124_013232,5,1,0,1
run778,20260124_013232,6,2,0,2
run778,20260124_013232,7,1,0,1
run778,20260124_013232,8,0,0,0
run778,20260124_013232,9,0,0,0
run778,20260124_013232,10,2000,0,2000
run778,20260124_013232,11,0,0,0
run778,20260124_013232,12,1,0,1
run778,20260124_013232,13,1,0,1
run778,20260124_013232,14,0,0,0
run778,20260124_013232,15,1,0,1
run778,20260124_013232,16,3,0,3
run778,20260124_013232,17,0,0,0
run778,20260124_013232,18,0,0,0
run778,20260124_013232,19,0,0,0
run779,20260124_013320,0,0,0,0
run779,20260124_013320,1,1,0,1
run779,20260124_013320,2,3,0,3
run779,20260124_013320,3,0,0,0
run779,20260124_013320,4,1,0,1
run779,20260124_013320,5,1,0,1
run779,20260124_013320,6,0,0,0
run779,20260124_013320,7,0,0,0
run779,20260124_013320,8,0,0,0
run779,20260124_013320,9,0,0,0
run779,20260124_013320,10,1,0,1
run779,20260124_013320,11,2,0,2
run779,20260124_013320,12,2001,0,2001
run779,20260124_013320,13,2,0,2
run779,20260124_013320,14,1,0,1
run779,20260124_013320,15,1,0,1
run779,20260124_013320,16,2,0,2
run779,20260124_013320,17,0,0,0
run779,20260124_013320,18,0,0,0
run779,20260124_013320,19,0,0,0
run78,20260123_155822,0,1,0,1
run78,20260123_155822,1,2000,0,2000
run78,20260123_155822,2,2,0,2
run78,20260123_155822,3,1,0,1
run78,20260123_155822,4,0,0,0
run78,20260123_155822,5,2,0,2
run78,20260123_155822,6,0,0,0
run78,20260123_155822,7,0,0,0
run78,20260123_155822,8,0,0,0
run78,20260123_155822,9,0,0,0
run78,20260123_155822,10,1,0,1
run78,20260123_155822,11,0,0,0
run78,20260123_155822,12,0,0,0
run78,20260123_155822,13,1,0,1
run78,20260123_155822,14,3,0,3
run78,20260123_155822,15,0,0,0
run78,20260123_155822,16,1,0,1
run78,20260123_155822,17,0,0,0
run78,20260123_155822,18,0,0,0
run78,20260123_155822,19,0,0,0
run780,20260124_013408,0,0,0,0
run780,20260124_013408,1,4,0,4
run780,20260124_013408,2,2,0,2
run780,20260124_013408,3,2,0,2
run780,20260124_013408,4,2,0,2
run780,20260124_013408,5,1,0,1
run780,20260124_013408,6,0,0,0
run780,20260124_013408,7,1973,0,1973
run780,20260124_013408,8,0,0,0
run780,20260124_013408,9,0,0,0
run780,20260124_013408,10,1,0,1
run780,20260124_013408,11,1,0,1
run780,20260124_013408,12,3,0,3
run780,20260124_013408,13,3,0,3
run780,20260124_013408,14,0,0,0
run780,20260124_013408,15,1,0,1
run780,20260124_013408,16,3,0,3
run780,20260124_013408,17,0,0,0
run780,20260124_013408,18,0,0,0
run780,20260124_013408,19,0,0,0
run781,20260124_013500,0,0,1,1
run781,20260124_013500,1,1,1,2
run781,20260124_013500,2,1,1,2
run781,20260124_013500,3,1,1,2
run781,20260124_013500,4,2,1,3
run781,20260124_013500,5,2001,0,2001
run781,20260124_013500,6,1,0,1
run781,20260124_013500,7,1,0,1
run781,20260124_013500,8,0,0,0
run781,20260124_013500,9,0,0,0
run781,20260124_013500,10,0,0,0
run781,20260124_013500,11,0,0,0
run781,20260124_013500,12,2,0,2
run781,20260124_013500,13,1,0,1
run781,20260124_013500,14,1,0,1
run781,20260124_013500,15,1,0,1
run781,20260124_013500,16,2,1,3
run781,20260124_013500,17,0,0,0
run781,20260124_013500,18,0,0,0
run781,20260124_013500,19,0,0,0
run782,20260124_013548,0,0,0,0
run782,20260124_013548,1,2,0,2
run782,20260124_013548,2,5,0,5
run782,20260124_013548,3,1,0,1
run782,20260124_013548,4,1,0,1
run782,20260124_013548,5,1,0,1
run782,20260124_013548,6,2,0,2
run782,20260124_013548,7,0,0,0
run782,20260124_013548,8,0,0,0
run782,20260124_013548,9,0,0,0
run782,20260124_013548,10,1431,0,1431
run782,20260124_013548,11,0,0,0
run782,20260124_013548,12,0,0,0
run782,20260124_013548,13,1,0,1
run782,20260124_013548,14,3,0,3
run782,20260124_013548,15,4,0,4
run782,20260124_013548,16,507,0,507
run782,20260124_013548,17,156,0,156
run782,20260124_013548,18,0,0,0
run782,20260124_013548,19,0,0,0
run783,20260124_013636,0,1,0,1
run783,20260124_013636,1,1,0,1
run783,20260124_013636,2,1,0,1
run783,20260124_013636,3,0,0,0
run783,20260124_013636,4,0,0,0
run783,20260124_013636,5,0,0,0
run783,20260124_013636,6,2,0,2
run783,20260124_013636,7,1,0,1
run783,20260124_013636,8,0,0,0
run783,20260124_013636,9,0,0,0
run783,20260124_013636,10,2,0,2
run783,20260124_013636,11,3,0,3
run783,20260124_013636,12,30,0,30
run783,20260124_013636,13,2,0,2
run783,20260124_013636,14,0,0,0
run783,20260124_013636,15,1666,0,1666
run783,20260124_013636,16,301,0,301
run783,20260124_013636,17,0,0,0
run783,20260124_013636,18,0,0,0
run783,20260124_013636,19,0,0,0
run785,20260124_013810,0,1,6,7
run785,20260124_013810,1,4,6,10
run785,20260124_013810,2,2,6,8
run785,20260124_013810,3,1992,6,1998
run785,20260124_013810,4,1,6,7
run785,20260124_013810,5,1,0,1
run785,20260124_013810,6,1,0,1
run785,20260124_013810,7,0,0,0
run785,20260124_013810,8,0,1,1
run785,20260124_013810,9,0,0,0
run785,20260124_013810,10,2,0,2
run785,20260124_013810,11,1,0,1
run785,20260124_013810,12,1,0,1
run785,20260124_013810,13,2,0,2
run785,20260124_013810,14,4,0,4
run785,20260124_013810,15,1,0,1
run785,20260124_013810,16,1,3,4
run785,20260124_013810,17,0,4,4
run785,20260124_013810,18,0,0,0
run785,20260124_013810,19,0,0,0
run786,20260124_013902,0,1,0,1
run786,20260124_013902,1,136,0,136
run786,20260124_013902,2,1987,0,1987
run786,20260124_013902,3,887,0,887
run786,20260124_013902,4,2,0,2
run786,20260124_013902,5,2,0,2
run786,20260124_013902,6,1,0,1
run786,20260124_013902,7,1,0,1
run786,20260124_013902,8,0,0,0
run786,20260124_013902,9,0,0,0
run786,20260124_013902,10,2,0,2
run786,20260124_013902,11,0,0,0
run786,20260124_013902,12,2,0,2
run786,20260124_013902,13,0,0,0
run786,20260124_013902,14,0,0,0
run786,20260124_013902,15,1,0,1
run786,20260124_013902,16,1,0,1
run786,20260124_013902,17,0,0,0
run786,20260124_013902,18,0,0,0
run786,20260124_013902,19,0,0,0
run787,20260124_013950,0,1836,27,1863
run787,20260124_013950,1,11,31,42
run787,20260124_013950,2,11,32,43
run787,20260124_013950,3,13,31,44
run787,20260124_013950,4,12,30,42
run787,20260124_013950,5,15,18,33
run787,20260124_013950,6,7,25,32
run787,20260124_013950,7,13,19,32
run787,20260124_013950,8,0,0,0
run787,20260124_013950,9,0,0,0
run787,20260124_013950,10,18,30,48
run787,20260124_013950,11,12,31,43
run787,20260124_013950,12,10,30,40
run787,20260124_013950,13,12,30,42
run787,20260124_013950,14,10,29,39
run787,20260124_013950,15,21,631,652
run787,20260124_013950,16,14,17,31
run787,20260124_013950,17,13,9,22
run787,20260124_013950,18,0,0,0
run787,20260124_013950,19,1,435,436
run788,20260124_014038,0,2,0,2
run788,20260124_014038,1,135,0,135
run788,20260124_014038,2,1,0,1
run788,20260124_014038,3,0,0,0
run788,20260124_014038,4,0,0,0
run788,20260124_014038,5,1,0,1
run788,20260124_014038,6,1,317,318
run788,20260124_014038,7,0,171,171
run788,20260124_014038,8,0,0,0
run788,20260124_014038,9,0,0,0
run788,20260124_014038,10,0,364,364
run788,20260124_014038,11,0,364,364
run788,20260124_014038,12,0,364,364
run788,20260124_014038,13,1,364,365
run788,20260124_014038,14,0,364,364
run788,20260124_014038,15,1,0,1
run788,20260124_014038,16,2,0,2
run788,20260124_014038,17,0,0,0
run788,20260124_014038,18,0,0,0
run788,20260124_014038,19,0,0,0
run788,20260124_014037,0,2,0,2
run788,20260124_014037,1,135,0,135
run788,20260124_014037,2,1,0,1
run788,20260124_014037,3,0,0,0
run788,20260124_014037,4,0,0,0
run788,20260124_014037,5,1,0,1
run788,20260124_014037,6,1,317,318
run788,20260124_014037,7,0,171,171
run788,20260124_014037,8,0,0,0
run788,20260124_014037,9,0,0,0
run788,20260124_014037,10,0,364,364
run788,20260124_014037,11,0,364,364
run788,20260124_014037,12,0,364,364
run788,20260124_014037,13,1,364,365
run788,20260124_014037,14,0,364,364
run788,20260124_014037,15,1,0,1
run788,20260124_014037,16,2,0,2
run788,20260124_014037,17,0,0,0
run788,20260124_014037,18,0,0,0
run788,20260124_014037,19,0,0,0
run789,20260124_014128,0,4,0,4
run789,20260124_014128,1,0,0,0
run789,20260124_014128,2,1998,0,1998
run789,20260124_014128,3,1,0,1
run789,20260124_014128,4,3,0,3
run789,20260124_014128,5,2,0,2
run789,20260124_014128,6,1,0,1
run789,20260124_014128,7,0,0,0
run789,20260124_014128,8,0,0,0
run789,20260124_014128,9,0,0,0
run789,20260124_014128,10,0,0,0
run789,20260124_014128,11,2,0,2
run789,20260124_014128,12,0,0,0
run789,20260124_014128,13,1,0,1
run789,20260124_014128,14,1,0,1
run789,20260124_014128,15,1,0,1
run789,20260124_014128,16,3,0,3
run789,20260124_014128,17,0,0,0
run789,20260124_014128,18,0,0,0
run789,20260124_014128,19,0,0,0
run79,20260123_155910,0,0,0,0
run79,20260123_155910,1,2,1,3
run79,20260123_155910,2,1,0,1
run79,20260123_155910,3,2,0,2
run79,20260123_155910,4,2,0,2
run79,20260123_155910,5,4,0,4
run79,20260123_155910,6,872,0,872
run79,20260123_155910,7,2,1,3
run79,20260123_155910,8,5,0,5
run79,20260123_155910,9,0,0,0
run79,20260123_155910,10,15,0,15
run79,20260123_155910,11,4,0,4
run79,20260123_155910,12,2,0,2
run79,20260123_155910,13,1,1,2
run79,20260123_155910,14,0,1,1
run79,20260123_155910,15,0,0,0
run79,20260123_155910,16,0,0,0
run79,20260123_155910,17,3,0,3
run79,20260123_155910,18,0,5,5
run79,20260123_155910,19,0,5,5
run790,20260124_014216,0,1,0,1
run790,20260124_014216,1,0,0,0
run790,20260124_014216,2,1,0,1
run790,20260124_014216,3,0,0,0
run790,20260124_014216,4,3,0,3
run790,20260124_014216,5,2,0,2
run790,20260124_014216,6,2,1,3
run790,20260124_014216,7,2,1,3
run790,20260124_014216,8,0,0,0
run790,20260124_014216,9,0,0,0
run790,20260124_014216,10,1,1,2
run790,20260124_014216,11,0,1,1
run790,20260124_014216,12,188,1,189
run790,20260124_014216,13,2,1,3
run790,20260124_014216,14,1,1,2
run790,20260124_014216,15,1,0,1
run790,20260124_014216,16,1826,0,1826
run790,20260124_014216,17,0,0,0
run790,20260124_014216,18,0,0,0
run790,20260124_014216,19,0,0,0
run791,20260124_014304,0,0,0,0
run791,20260124_014304,1,4,0,4
run791,20260124_014304,2,3,0,3
run791,20260124_014304,3,0,0,0
run791,20260124_014304,4,1,0,1
run791,20260124_014304,5,2000,0,2000
run791,20260124_014304,6,1,0,1
run791,20260124_014304,7,0,0,0
run791,20260124_014304,8,0,0,0
run791,20260124_014304,9,0,0,0
run791,20260124_014304,10,1,0,1
run791,20260124_014304,11,1,0,1
run791,20260124_014304,12,3,0,3
run791,20260124_014304,13,0,0,0
run791,20260124_014304,14,0,0,0
run791,20260124_014304,15,1,0,1
run791,20260124_014304,16,2,0,2
run791,20260124_014304,17,0,0,0
run791,20260124_014304,18,0,0,0
run791,20260124_014304,19,0,0,0
run792,20260124_014354,0,0,0,0
run792,20260124_014354,1,2,0,2
run792,20260124_014354,2,3,0,3
run792,20260124_014354,3,1,0,1
run792,20260124_014354,4,1,0,1
run792,20260124_014354,5,1,0,1
run792,20260124_014354,6,0,1705,1705
run792,20260124_014354,7,1,2000,2001
run792,20260124_014354,8,0,0,0
run792,20260124_014354,9,0,0,0
run792,20260124_014354,10,0,2000,2000
run792,20260124_014354,11,1,2000,2001
run792,20260124_014354,12,1,2000,2001
run792,20260124_014354,13,3,2000,2003
run792,20260124_014354,14,0,2000,2000
run792,20260124_014354,15,2,0,2
run792,20260124_014354,16,0,0,0
run792,20260124_014354,17,1,0,1
run792,20260124_014354,18,0,0,0
run792,20260124_014354,19,0,0,0
run793,20260124_014446,0,2,10,12
run793,20260124_014446,1,3,235,238
run793,20260124_014446,2,0,239,239
run793,20260124_014446,3,2,239,241
run793,20260124_014446,4,2,239,241
run793,20260124_014446,5,2,880,882
run793,20260124_014446,6,1,0,1
run793,20260124_014446,7,1,0,1
run793,20260124_014446,8,0,0,0
run793,20260124_014446,9,0,2,2
run793,20260124_014446,10,0,0,0
run793,20260124_014446,11,0,0,0
run793,20260124_014446,12,1,0,1
run793,20260124_014446,13,2,0,2
run793,20260124_014446,14,2,0,2
run793,20260124_014446,15,2,0,2
run793,20260124_014446,16,2,0,2
run793,20260124_014446,17,0,0,0
run793,20260124_014446,18,0,0,0
run793,20260124_014446,19,0,0,0
run794,20260124_014538,0,0,1,1
run794,20260124_014538,1,2,1,3
run794,20260124_014538,2,3,1,4
run794,20260124_014538,3,0,1,1
run794,20260124_014538,4,2,1,3
run794,20260124_014538,5,1,2,3
run794,20260124_014538,6,1,0,1
run794,20260124_014538,7,1,0,1
run794,20260124_014538,8,0,0,0
run794,20260124_014538,9,0,0,0
run794,20260124_014538,10,0,0,0
run794,20260124_014538,11,0,0,0
run794,20260124_014538,12,1,0,1
run794,20260124_014538,13,1,0,1
run794,20260124_014538,14,0,0,0
run794,20260124_014538,15,0,0,0
run794,20260124_014538,16,1,1,2
run794,20260124_014538,17,2,1,3
run794,20260124_014538,18,0,0,0
run794,20260124_014538,19,0,0,0
run795,20260124_014626,0,0,0,0
run795,20260124_014626,1,1,0,1
run795,20260124_014626,2,3,0,3
run795,20260124_014626,3,0,0,0
run795,20260124_014626,4,1,0,1
run795,20260124_014626,5,2,0,2
run795,20260124_014626,6,1,0,1
run795,20260124_014626,7,0,0,0
run795,20260124_014626,8,0,0,0
run795,20260124_014626,9,0,0,0
run795,20260124_014626,10,1,0,1
run795,20260124_014626,11,0,0,0
run795,20260124_014626,12,4,0,4
run795,20260124_014626,13,2,0,2
run795,20260124_014626,14,0,0,0
run795,20260124_014626,15,1,0,1
run795,20260124_014626,16,1816,0,1816
run795,20260124_014626,17,1,0,1
run795,20260124_014626,18,0,0,0
run795,20260124_014626,19,0,0,0
run796,20260124_014716,0,2,0,2
run796,20260124_014716,1,1,0,1
run796,20260124_014716,2,3,0,3
run796,20260124_014716,3,0,0,0
run796,20260124_014716,4,0,0,0
run796,20260124_014716,5,1513,0,1513
run796,20260124_014716,6,405,0,405
run796,20260124_014716,7,0,0,0
run796,20260124_014716,8,0,0,0
run796,20260124_014716,9,0,0,0
run796,20260124_014716,10,1,0,1
run796,20260124_014716,11,1,0,1
run796,20260124_014716,12,4,0,4
run796,20260124_014716,13,0,0,0
run796,20260124_014716,14,1,0,1
run796,20260124_014716,15,3,0,3
run796,20260124_014716,16,4,0,4
run796,20260124_014716,17,0,0,0
run796,20260124_014716,18,0,0,0
run796,20260124_014716,19,0,0,0
run797,20260124_014804,0,0,24,24
run797,20260124_014804,1,1,25,26
run797,20260124_014804,2,2,24,26
run797,20260124_014804,3,0,24,24
run797,20260124_014804,4,1,24,25
run797,20260124_014804,5,10,6,16
run797,20260124_014804,6,2,23,25
run797,20260124_014804,7,0,10,10
run797,20260124_014804,8,0,1,1
run797,20260124_014804,9,0,1,1
run797,20260124_014804,10,1967,24,1991
run797,20260124_014804,11,0,24,24
run797,20260124_014804,12,0,24,24
run797,20260124_014804,13,0,24,24
run797,20260124_014804,14,1,24,25
run797,20260124_014804,15,9,6,15
run797,20260124_014804,16,2,24,26
run797,20260124_014804,17,0,9,9
run797,20260124_014804,18,0,0,0
run797,20260124_014804,19,0,0,0
run798,20260124_014856,0,0,0,0
run798,20260124_014856,1,6,0,6
run798,20260124_014856,2,1,0,1
run798,20260124_014856,3,0,0,0
run798,20260124_014856,4,0,0,0
run798,20260124_014856,5,0,0,0
run798,20260124_014856,6,1,0,1
run798,20260124_014856,7,0,0,0
run798,20260124_014856,8,0,2,2
run798,20260124_014856,9,0,0,0
run798,20260124_014856,10,348,0,348
run798,20260124_014856,11,1652,0,1652
run798,20260124_014856,12,0,0,0
run798,20260124_014856,13,1,0,1
run798,20260124_014856,14,1,0,1
run798,20260124_014856,15,3,0,3
run798,20260124_014856,16,2,0,2
run798,20260124_014856,17,1,0,1
run798,20260124_014856,18,0,0,0
run798,20260124_014856,19,0,0,0
run799,20260124_014944,0,1,0,1
run799,20260124_014944,1,2000,0,2000
run799,20260124_014944,2,4,0,4
run799,20260124_014944,3,2,0,2
run799,20260124_014944,4,0,0,0
run799,20260124_014944,5,1,0,1
run799,20260124_014944,6,1,0,1
run799,20260124_014944,7,0,0,0
run799,20260124_014944,8,0,0,0
run799,20260124_014944,9,0,0,0
run799,20260124_014944,10,1,0,1
run799,20260124_014944,11,4,0,4
run799,20260124_014944,12,3,0,3
run799,20260124_014944,13,1,0,1
run799,20260124_014944,14,1,0,1
run799,20260124_014944,15,3,0,3
run799,20260124_014944,16,3,0,3
run799,20260124_014944,17,0,0,0
run799,20260124_014944,18,0,0,0
run799,20260124_014944,19,0,0,0
run8,20260123_150101,0,0,0,0
run8,20260123_150101,1,5,0,5
run8,20260123_150101,2,1,0,1
run8,20260123_150101,3,1,0,1
run8,20260123_150101,4,1,0,1
run8,20260123_150101,5,85,0,85
run8,20260123_150101,6,2,1660,1662
run8,20260123_150101,7,2,1870,1872
run8,20260123_150101,8,0,0,0
run8,20260123_150101,9,0,0,0
run8,20260123_150101,10,3,1870,1873
run8,20260123_150101,11,2,1870,1872
run8,20260123_150101,12,2,1870,1872
run8,20260123_150101,13,1,1870,1871
run8,20260123_150101,14,3,1870,1873
run8,20260123_150101,15,1,0,1
run8,20260123_150101,16,1,0,1
run8,20260123_150101,17,0,0,0
run8,20260123_150101,18,0,0,0
run8,20260123_150101,19,0,0,0
run80,20260123_155958,0,0,0,0
run80,20260123_155958,1,0,0,0
run80,20260123_155958,2,1,0,1
run80,20260123_155958,3,3,0,3
run80,20260123_155958,4,2,0,2
run80,20260123_155958,5,2000,0,2000
run80,20260123_155958,6,2,0,2
run80,20260123_155958,7,0,0,0
run80,20260123_155958,8,0,0,0
run80,20260123_155958,9,0,0,0
run80,20260123_155958,10,0,0,0
run80,20260123_155958,11,1,0,1
run80,20260123_155958,12,0,0,0
run80,20260123_155958,13,1,0,1
run80,20260123_155958,14,1,0,1
run80,20260123_155958,15,0,0,0
run80,20260123_155958,16,1,0,1
run80,20260123_155958,17,0,0,0
run80,20260123_155958,18,0,0,0
run80,20260123_155958,19,0,0,0
run800,20260124_015034,0,0,0,0
run800,20260124_015034,1,0,0,0
run800,20260124_015034,2,5,0,5
run800,20260124_015034,3,0,0,0
run800,20260124_015034,4,0,0,0
run800,20260124_015034,5,1,0,1
run800,20260124_015034,6,2,0,2
run800,20260124_015034,7,0,0,0
run800,20260124_015034,8,0,0,0
run800,20260124_015034,9,0,0,0
run800,20260124_015034,10,0,0,0
run800,20260124_015034,11,2,0,2
run800,20260124_015034,12,0,0,0
run800,20260124_015034,13,2,0,2
run800,20260124_015034,14,3,0,3
run800,20260124_015034,15,2,0,2
run800,20260124_015034,16,1,0,1
run800,20260124_015034,17,0,0,0
run800,20260124_015034,18,0,0,0
run800,20260124_015034,19,0,0,0
run801,20260124_015123,0,1,0,1
run801,20260124_015123,1,0,0,0
run801,20260124_015123,2,3,0,3
run801,20260124_015123,3,0,0,0
run801,20260124_015123,4,0,0,0
run801,20260124_015123,5,2,0,2
run801,20260124_015123,6,0,0,0
run801,20260124_015123,7,1,0,1
run801,20260124_015123,8,0,0,0
run801,20260124_015123,9,0,0,0
run801,20260124_015123,10,0,0,0
run801,20260124_015123,11,2,0,2
run801,20260124_015123,12,0,0,0
run801,20260124_015123,13,1,0,1
run801,20260124_015123,14,2000,0,2000
run801,20260124_015123,15,2,0,2
run801,20260124_015123,16,1,0,1
run801,20260124_015123,17,0,0,0
run801,20260124_015123,18,0,0,0
run801,20260124_015123,19,0,0,0
run801,20260124_015122,0,1,0,1
run801,20260124_015122,1,0,0,0
run801,20260124_015122,2,3,0,3
run801,20260124_015122,3,0,0,0
run801,20260124_015122,4,0,0,0
run801,20260124_015122,5,2,0,2
run801,20260124_015122,6,0,0,0
run801,20260124_015122,7,1,0,1
run801,20260124_015122,8,0,0,0
run801,20260124_015122,9,0,0,0
run801,20260124_015122,10,0,0,0
run801,20260124_015122,11,2,0,2
run801,20260124_015122,12,0,0,0
run801,20260124_015122,13,1,0,1
run801,20260124_015122,14,2000,0,2000
run801,20260124_015122,15,2,0,2
run801,20260124_015122,16,1,0,1
run801,20260124_015122,17,0,0,0
run801,20260124_015122,18,0,0,0
run801,20260124_015122,19,0,0,0
run802,20260124_015212,0,2,0,2
run802,20260124_015212,1,1999,0,1999
run802,20260124_015212,2,2,0,2
run802,20260124_015212,3,1,0,1
run802,20260124_015212,4,3,0,3
run802,20260124_015212,5,2,0,2
run802,20260124_015212,6,1,0,1
run802,20260124_015212,7,0,0,0
run802,20260124_015212,8,0,0,0
run802,20260124_015212,9,0,0,0
run802,20260124_015212,10,0,0,0
run802,20260124_015212,11,2,0,2
run802,20260124_015212,12,1,0,1
run802,20260124_015212,13,3,0,3
run802,20260124_015212,14,1,0,1
run802,20260124_015212,15,1,0,1
run802,20260124_015212,16,2,0,2
run802,20260124_015212,17,0,0,0
run802,20260124_015212,18,0,0,0
run802,20260124_015212,19,0,0,0
run803,20260124_015300,0,0,0,0
run803,20260124_015300,1,2,0,2
run803,20260124_015300,2,3,0,3
run803,20260124_015300,3,2,0,2
run803,20260124_015300,4,1,0,1
run803,20260124_015300,5,2,0,2
run803,20260124_015300,6,0,0,0
run803,20260124_015300,7,2000,0,2000
run803,20260124_015300,8,0,0,0
run803,20260124_015300,9,0,0,0
run803,20260124_015300,10,1,0,1
run803,20260124_015300,11,2,0,2
run803,20260124_015300,12,3,0,3
run803,20260124_015300,13,0,0,0
run803,20260124_015300,14,0,0,0
run803,20260124_015300,15,2,0,2
run803,20260124_015300,16,1,0,1
run803,20260124_015300,17,0,0,0
run803,20260124_015300,18,0,0,0
run803,20260124_015300,19,0,0,0
run804,20260124_015348,0,2,0,2
run804,20260124_015348,1,0,1,1
run804,20260124_015348,2,2,1,3
run804,20260124_015348,3,0,0,0
run804,20260124_015348,4,3,0,3
run804,20260124_015348,5,3,0,3
run804,20260124_015348,6,2,0,2
run804,20260124_015348,7,1,0,1
run804,20260124_015348,8,0,0,0
run804,20260124_015348,9,0,0,0
run804,20260124_015348,10,0,0,0
run804,20260124_015348,11,1,1,2
run804,20260124_015348,12,0,0,0
run804,20260124_015348,13,1,0,1
run804,20260124_015348,14,1,0,1
run804,20260124_015348,15,0,1,1
run804,20260124_015348,16,0,0,0
run804,20260124_015348,17,0,0,0
run804,20260124_015348,18,0,0,0
run804,20260124_015348,19,0,0,0
run805,20260124_015436,0,0,1,1
run805,20260124_015436,1,2,1,3
run805,20260124_015436,2,0,1,1
run805,20260124_015436,3,0,0,0
run805,20260124_015436,4,1,0,1
run805,20260124_015436,5,0,0,0
run805,20260124_015436,6,0,4,4
run805,20260124_015436,7,2,2,4
run805,20260124_015436,8,0,0,0
run805,20260124_015436,9,0,0,0
run805,20260124_015436,10,0,5,5
run805,20260124_015436,11,2,5,7
run805,20260124_015436,12,2,5,7
run805,20260124_015436,13,3,5,8
run805,20260124_015436,14,1,5,6
run805,20260124_015436,15,1,0,1
run805,20260124_015436,16,219,1,220
run805,20260124_015436,17,1,1,2
run805,20260124_015436,18,0,0,0
run805,20260124_015436,19,0,0,0
run806,20260124_015527,0,4,0,4
run806,20260124_015527,1,3,0,3
run806,20260124_015527,2,3,0,3
run806,20260124_015527,3,0,0,0
run806,20260124_015527,4,3,0,3
run806,20260124_015527,5,1,0,1
run806,20260124_015527,6,1,0,1
run806,20260124_015527,7,2000,0,2000
run806,20260124_015527,8,0,0,0
run806,20260124_015527,9,0,0,0
run806,20260124_015527,10,4,0,4
run806,20260124_015527,11,0,0,0
run806,20260124_015527,12,1,0,1
run806,20260124_015527,13,1,0,1
run806,20260124_015527,14,0,0,0
run806,20260124_015527,15,0,0,0
run806,20260124_015527,16,0,0,0
run806,20260124_015527,17,0,0,0
run806,20260124_015527,18,0,0,0
run806,20260124_015527,19,0,0,0
run807,20260124_015614,0,0,0,0
run807,20260124_015614,1,0,0,0
run807,20260124_015614,2,2000,0,2000
run807,20260124_015614,3,0,0,0
run807,20260124_015614,4,2,0,2
run807,20260124_015614,5,3,0,3
run807,20260124_015614,6,0,0,0
run807,20260124_015614,7,0,0,0
run807,20260124_015614,8,0,0,0
run807,20260124_015614,9,0,0,0
run807,20260124_015614,10,1,0,1
run807,20260124_015614,11,0,0,0
run807,20260124_015614,12,0,0,0
run807,20260124_015614,13,1,0,1
run807,20260124_015614,14,2,0,2
run807,20260124_015614,15,2,0,2
run807,20260124_015614,16,1,0,1
run807,20260124_015614,17,0,0,0
run807,20260124_015614,18,0,0,0
run807,20260124_015614,19,0,0,0
run808,20260124_015707,0,1,0,1
run808,20260124_015707,1,2,0,2
run808,20260124_015707,2,4,0,4
run808,20260124_015707,3,0,0,0
run808,20260124_015707,4,2,0,2
run808,20260124_015707,5,0,1,1
run808,20260124_015707,6,1,1,2
run808,20260124_015707,7,1,1,2
run808,20260124_015707,8,0,0,0
run808,20260124_015707,9,0,0,0
run808,20260124_015707,10,0,1,1
run808,20260124_015707,11,1,1,2
run808,20260124_015707,12,3,1,4
run808,20260124_015707,13,1998,1,1999
run808,20260124_015707,14,0,1,1
run808,20260124_015707,15,3,0,3
run808,20260124_015707,16,1,0,1
run808,20260124_015707,17,0,0,0
run808,20260124_015707,18,0,0,0
run808,20260124_015707,19,0,0,0
run808,20260124_015706,0,1,0,1
run808,20260124_015706,1,2,0,2
run808,20260124_015706,2,4,0,4
run808,20260124_015706,3,0,0,0
run808,20260124_015706,4,2,0,2
run808,20260124_015706,5,0,1,1
run808,20260124_015706,6,1,1,2
run808,20260124_015706,7,1,1,2
run808,20260124_015706,8,0,0,0
run808,20260124_015706,9,0,0,0
run808,20260124_015706,10,0,1,1
run808,20260124_015706,11,1,1,2
run808,20260124_015706,12,3,1,4
run808,20260124_015706,13,1998,1,1999
run808,20260124_015706,14,0,1,1
run808,20260124_015706,15,3,0,3
run808,20260124_015706,16,1,0,1
run808,20260124_015706,17,0,0,0
run808,20260124_015706,18,0,0,0
run808,20260124_015706,19,0,0,0
run809,20260124_015754,0,1,0,1
run809,20260124_015754,1,1,0,1
run809,20260124_015754,2,0,0,0
run809,20260124_015754,3,1,0,1
run809,20260124_015754,4,2,0,2
run809,20260124_015754,5,1,1,2
run809,20260124_015754,6,0,0,0
run809,20260124_015754,7,1,0,1
run809,20260124_015754,8,0,0,0
run809,20260124_015754,9,0,0,0
run809,20260124_015754,10,3,0,3
run809,20260124_015754,11,2,0,2
run809,20260124_015754,12,197,0,197
run809,20260124_015754,13,3,0,3
run809,20260124_015754,14,2,0,2
run809,20260124_015754,15,0,0,0
run809,20260124_015754,16,1814,0,1814
run809,20260124_015754,17,0,0,0
run809,20260124_015754,18,0,0,0
run809,20260124_015754,19,0,0,0
run81,20260123_160046,0,4,0,4
run81,20260123_160046,1,2,0,2
run81,20260123_160046,2,2,0,2
run81,20260123_160046,3,1,0,1
run81,20260123_160046,4,1,0,1
run81,20260123_160046,5,1,0,1
run81,20260123_160046,6,1,0,1
run81,20260123_160046,7,0,0,0
run81,20260123_160046,8,0,0,0
run81,20260123_160046,9,0,0,0
run81,20260123_160046,10,0,0,0
run81,20260123_160046,11,0,0,0
run81,20260123_160046,12,0,0,0
run81,20260123_160046,13,2,0,2
run81,20260123_160046,14,0,0,0
run81,20260123_160046,15,399,0,399
run81,20260123_160046,16,1,0,1
run81,20260123_160046,17,335,0,335
run81,20260123_160046,18,0,0,0
run81,20260123_160046,19,0,0,0
run810,20260124_015842,0,0,0,0
run810,20260124_015842,1,1,0,1
run810,20260124_015842,2,1,0,1
run810,20260124_015842,3,4,0,4
run810,20260124_015842,4,1,0,1
run810,20260124_015842,5,1,0,1
run810,20260124_015842,6,1,0,1
run810,20260124_015842,7,0,0,0
run810,20260124_015842,8,0,0,0
run810,20260124_015842,9,0,0,0
run810,20260124_015842,10,0,0,0
run810,20260124_015842,11,1,0,1
run810,20260124_015842,12,0,0,0
run810,20260124_015842,13,1,0,1
run810,20260124_015842,14,0,0,0
run810,20260124_015842,15,0,0,0
run810,20260124_015842,16,1822,0,1822
run810,20260124_015842,17,0,0,0
run810,20260124_015842,18,0,0,0
run810,20260124_015842,19,0,0,0
run811,20260124_015931,0,2,0,2
run811,20260124_015931,1,0,0,0
run811,20260124_015931,2,4,0,4
run811,20260124_015931,3,2,0,2
run811,20260124_015931,4,2,0,2
run811,20260124_015931,5,0,0,0
run811,20260124_015931,6,1,1,2
run811,20260124_015931,7,0,1,1
run811,20260124_015931,8,0,0,0
run811,20260124_015931,9,0,0,0
run811,20260124_015931,10,0,1,1
run811,20260124_015931,11,2,1,3
run811,20260124_015931,12,2,1,3
run811,20260124_015931,13,832,1,833
run811,20260124_015931,14,1169,1,1170
run811,20260124_015931,15,1,0,1
run811,20260124_015931,16,2,0,2
run811,20260124_015931,17,0,0,0
run811,20260124_015931,18,0,0,0
run811,20260124_015931,19,0,0,0
run811,20260124_015930,0,2,0,2
run811,20260124_015930,1,0,0,0
run811,20260124_015930,2,4,0,4
run811,20260124_015930,3,2,0,2
run811,20260124_015930,4,2,0,2
run811,20260124_015930,5,0,0,0
run811,20260124_015930,6,1,1,2
run811,20260124_015930,7,0,1,1
run811,20260124_015930,8,0,0,0
run811,20260124_015930,9,0,0,0
run811,20260124_015930,10,0,1,1
run811,20260124_015930,11,2,1,3
run811,20260124_015930,12,2,1,3
run811,20260124_015930,13,832,1,833
run811,20260124_015930,14,1169,1,1170
run811,20260124_015930,15,1,0,1
run811,20260124_015930,16,2,0,2
run811,20260124_015930,17,0,0,0
run811,20260124_015930,18,0,0,0
run811,20260124_015930,19,0,0,0
run812,20260124_020022,0,1,0,1
run812,20260124_020022,1,2,0,2
run812,20260124_020022,2,0,0,0
run812,20260124_020022,3,0,0,0
run812,20260124_020022,4,0,0,0
run812,20260124_020022,5,2,0,2
run812,20260124_020022,6,1,0,1
run812,20260124_020022,7,2,0,2
run812,20260124_020022,8,0,0,0
run812,20260124_020022,9,0,0,0
run812,20260124_020022,10,1,0,1
run812,20260124_020022,11,1,0,1
run812,20260124_020022,12,1,0,1
run812,20260124_020022,13,1999,0,1999
run812,20260124_020022,14,1,0,1
run812,20260124_020022,15,1,0,1
run812,20260124_020022,16,1,0,1
run812,20260124_020022,17,0,0,0
run812,20260124_020022,18,0,0,0
run812,20260124_020022,19,0,0,0
run813,20260124_020110,0,1,0,1
run813,20260124_020110,1,1999,0,1999
run813,20260124_020110,2,2,0,2
run813,20260124_020110,3,0,0,0
run813,20260124_020110,4,2,0,2
run813,20260124_020110,5,0,0,0
run813,20260124_020110,6,0,0,0
run813,20260124_020110,7,1,0,1
run813,20260124_020110,8,0,0,0
run813,20260124_020110,9,0,0,0
run813,20260124_020110,10,0,0,0
run813,20260124_020110,11,1,0,1
run813,20260124_020110,12,1,0,1
run813,20260124_020110,13,0,0,0
run813,20260124_020110,14,0,0,0
run813,20260124_020110,15,0,0,0
run813,20260124_020110,16,2,0,2
run813,20260124_020110,17,0,0,0
run813,20260124_020110,18,0,0,0
run813,20260124_020110,19,0,0,0
run813,20260124_020111,0,1,0,1
run813,20260124_020111,1,1999,0,1999
run813,20260124_020111,2,2,0,2
run813,20260124_020111,3,0,0,0
run813,20260124_020111,4,2,0,2
run813,20260124_020111,5,0,0,0
run813,20260124_020111,6,0,0,0
run813,20260124_020111,7,1,0,1
run813,20260124_020111,8,0,0,0
run813,20260124_020111,9,0,0,0
run813,20260124_020111,10,0,0,0
run813,20260124_020111,11,1,0,1
run813,20260124_020111,12,1,0,1
run813,20260124_020111,13,0,0,0
run813,20260124_020111,14,0,0,0
run813,20260124_020111,15,0,0,0
run813,20260124_020111,16,2,0,2
run813,20260124_020111,17,0,0,0
run813,20260124_020111,18,0,0,0
run813,20260124_020111,19,0,0,0
run814,20260124_020159,0,1,0,1
run814,20260124_020159,1,1,0,1
run814,20260124_020159,2,3,0,3
run814,20260124_020159,3,0,0,0
run814,20260124_020159,4,0,0,0
run814,20260124_020159,5,3,0,3
run814,20260124_020159,6,1,0,1
run814,20260124_020159,7,1,0,1
run814,20260124_020159,8,0,0,0
run814,20260124_020159,9,0,0,0
run814,20260124_020159,10,0,0,0
run814,20260124_020159,11,1,0,1
run814,20260124_020159,12,0,0,0
run814,20260124_020159,13,0,0,0
run814,20260124_020159,14,0,0,0
run814,20260124_020159,15,0,0,0
run814,20260124_020159,16,0,0,0
run814,20260124_020159,17,0,0,0
run814,20260124_020159,18,0,0,0
run814,20260124_020159,19,0,0,0
run815,20260124_020249,0,0,0,0
run815,20260124_020249,1,0,0,0
run815,20260124_020249,2,2,0,2
run815,20260124_020249,3,0,0,0
run815,20260124_020249,4,1,0,1
run815,20260124_020249,5,0,0,0
run815,20260124_020249,6,0,0,0
run815,20260124_020249,7,1,0,1
run815,20260124_020249,8,0,0,0
run815,20260124_020249,9,0,0,0
run815,20260124_020249,10,0,0,0
run815,20260124_020249,11,1,0,1
run815,20260124_020249,12,2,0,2
run815,20260124_020249,13,2,0,2
run815,20260124_020249,14,0,0,0
run815,20260124_020249,15,0,0,0
run815,20260124_020249,16,2,0,2
run815,20260124_020249,17,0,0,0
run815,20260124_020249,18,0,0,0
run815,20260124_020249,19,0,0,0
run816,20260124_020337,0,1,0,1
run816,20260124_020337,1,2,0,2
run816,20260124_020337,2,1,0,1
run816,20260124_020337,3,1,0,1
run816,20260124_020337,4,0,0,0
run816,20260124_020337,5,0,0,0
run816,20260124_020337,6,1,0,1
run816,20260124_020337,7,2,0,2
run816,20260124_020337,8,0,0,0
run816,20260124_020337,9,0,0,0
run816,20260124_020337,10,1,0,1
run816,20260124_020337,11,1,0,1
run816,20260124_020337,12,1,0,1
run816,20260124_020337,13,0,0,0
run816,20260124_020337,14,2001,0,2001
run816,20260124_020337,15,1,0,1
run816,20260124_020337,16,1,0,1
run816,20260124_020337,17,1,0,1
run816,20260124_020337,18,0,0,0
run816,20260124_020337,19,0,0,0
run817,20260124_020425,0,1,1,2
run817,20260124_020425,1,0,1,1
run817,20260124_020425,2,0,1,1
run817,20260124_020425,3,1,1,2
run817,20260124_020425,4,0,1,1
run817,20260124_020425,5,1,0,1
run817,20260124_020425,6,0,0,0
run817,20260124_020425,7,0,0,0
run817,20260124_020425,8,0,0,0
run817,20260124_020425,9,0,0,0
run817,20260124_020425,10,1,0,1
run817,20260124_020425,11,0,0,0
run817,20260124_020425,12,2,0,2
run817,20260124_020425,13,1387,0,1387
run817,20260124_020425,14,601,0,601
run817,20260124_020425,15,3,0,3
run817,20260124_020425,16,2,0,2
run817,20260124_020425,17,0,1,1
run817,20260124_020425,18,0,0,0
run817,20260124_020425,19,0,0,0
run818,20260124_020513,0,4,0,4
run818,20260124_020513,1,0,0,0
run818,20260124_020513,2,1367,0,1367
run818,20260124_020513,3,0,0,0
run818,20260124_020513,4,2,0,2
run818,20260124_020513,5,1,0,1
run818,20260124_020513,6,0,0,0
run818,20260124_020513,7,1,0,1
run818,20260124_020513,8,0,0,0
run818,20260124_020513,9,0,0,0
run818,20260124_020513,10,0,0,0
run818,20260124_020513,11,0,0,0
run818,20260124_020513,12,2,0,2
run818,20260124_020513,13,0,0,0
run818,20260124_020513,14,0,0,0
run818,20260124_020513,15,1,0,1
run818,20260124_020513,16,1,0,1
run818,20260124_020513,17,0,0,0
run818,20260124_020513,18,0,0,0
run818,20260124_020513,19,0,0,0
run819,20260124_020604,0,1,0,1
run819,20260124_020604,1,1,0,1
run819,20260124_020604,2,1,0,1
run819,20260124_020604,3,0,0,0
run819,20260124_020604,4,2,0,2
run819,20260124_020604,5,3,0,3
run819,20260124_020604,6,1693,0,1693
run819,20260124_020604,7,0,0,0
run819,20260124_020604,8,0,0,0
run819,20260124_020604,9,0,0,0
run819,20260124_020604,10,2,0,2
run819,20260124_020604,11,1,0,1
run819,20260124_020604,12,1,0,1
run819,20260124_020604,13,0,0,0
run819,20260124_020604,14,2,0,2
run819,20260124_020604,15,1,0,1
run819,20260124_020604,16,2,0,2
run819,20260124_020604,17,0,0,0
run819,20260124_020604,18,0,0,0
run819,20260124_020604,19,0,0,0
run82,20260123_160134,0,0,0,0
run82,20260123_160134,1,1,0,1
run82,20260123_160134,2,4,0,4
run82,20260123_160134,3,0,0,0
run82,20260123_160134,4,2,0,2
run82,20260123_160134,5,1,0,1
run82,20260123_160134,6,0,0,0
run82,20260123_160134,7,0,0,0
run82,20260123_160134,8,0,0,0
run82,20260123_160134,9,0,0,0
run82,20260123_160134,10,2,0,2
run82,20260123_160134,11,2,0,2
run82,20260123_160134,12,7,0,7
run82,20260123_160134,13,0,0,0
run82,20260123_160134,14,3,0,3
run82,20260123_160134,15,0,0,0
run82,20260123_160134,16,4,0,4
run82,20260123_160134,17,478,0,478
run82,20260123_160134,18,0,0,0
run82,20260123_160134,19,0,0,0
run820,20260124_020656,0,1,1,2
run820,20260124_020656,1,1771,1,1772
run820,20260124_020656,2,3,0,3
run820,20260124_020656,3,2,0,2
run820,20260124_020656,4,2,0,2
run820,20260124_020656,5,3,0,3
run820,20260124_020656,6,190,0,190
run820,20260124_020656,7,0,0,0
run820,20260124_020656,8,0,0,0
run820,20260124_020656,9,0,0,0
run820,20260124_020656,10,0,0,0
run820,20260124_020656,11,2,0,2
run820,20260124_020656,12,1,0,1
run820,20260124_020656,13,2,0,2
run820,20260124_020656,14,1,0,1
run820,20260124_020656,15,0,0,0
run820,20260124_020656,16,1,1,2
run820,20260124_020656,17,0,0,0
run820,20260124_020656,18,0,0,0
run820,20260124_020656,19,0,0,0
run820,20260124_020657,0,1,1,2
run820,20260124_020657,1,1771,1,1772
run820,20260124_020657,2,3,0,3
run820,20260124_020657,3,2,0,2
run820,20260124_020657,4,2,0,2
run820,20260124_020657,5,3,0,3
run820,20260124_020657,6,190,0,190
run820,20260124_020657,7,0,0,0
run820,20260124_020657,8,0,0,0
run820,20260124_020657,9,0,0,0
run820,20260124_020657,10,0,0,0
run820,20260124_020657,11,2,0,2
run820,20260124_020657,12,1,0,1
run820,20260124_020657,13,2,0,2
run820,20260124_020657,14,1,0,1
run820,20260124_020657,15,0,0,0
run820,20260124_020657,16,1,1,2
run820,20260124_020657,17,0,0,0
run820,20260124_020657,18,0,0,0
run820,20260124_020657,19,0,0,0
run821,20260124_020744,0,0,0,0
run821,20260124_020744,1,2,0,2
run821,20260124_020744,2,4,0,4
run821,20260124_020744,3,1,0,1
run821,20260124_020744,4,2000,0,2000
run821,20260124_020744,5,0,0,0
run821,20260124_020744,6,0,0,0
run821,20260124_020744,7,1,0,1
run821,20260124_020744,8,0,0,0
run821,20260124_020744,9,0,0,0
run821,20260124_020744,10,5,0,5
run821,20260124_020744,11,3,0,3
run821,20260124_020744,12,0,0,0
run821,20260124_020744,13,3,0,3
run821,20260124_020744,14,1,0,1
run821,20260124_020744,15,1,0,1
run821,20260124_020744,16,3,0,3
run821,20260124_020744,17,0,0,0
run821,20260124_020744,18,0,0,0
run821,20260124_020744,19,0,0,0
run822,20260124_020836,0,1,1,2
run822,20260124_020836,1,1,1,2
run822,20260124_020836,2,1,1,2
run822,20260124_020836,3,1997,1,1998
run822,20260124_020836,4,0,1,1
run822,20260124_020836,5,1,0,1
run822,20260124_020836,6,0,0,0
run822,20260124_020836,7,1,0,1
run822,20260124_020836,8,0,0,0
run822,20260124_020836,9,0,0,0
run822,20260124_020836,10,0,0,0
run822,20260124_020836,11,0,0,0
run822,20260124_020836,12,1,0,1
run822,20260124_020836,13,1,0,1
run822,20260124_020836,14,0,0,0
run822,20260124_020836,15,0,0,0
run822,20260124_020836,16,1,0,1
run822,20260124_020836,17,0,1,1
run822,20260124_020836,18,0,0,0
run822,20260124_020836,19,0,0,0
run823,20260124_020924,0,1942,16,1958
run823,20260124_020924,1,2,20,22
run823,20260124_020924,2,1,19,20
run823,20260124_020924,3,1,18,19
run823,20260124_020924,4,0,17,17
run823,20260124_020924,5,4,11,15
run823,20260124_020924,6,0,17,17
run823,20260124_020924,7,0,13,13
run823,20260124_020924,8,0,0,0
run823,20260124_020924,9,0,2,2
run823,20260124_020924,10,4,17,21
run823,20260124_020924,11,0,18,18
run823,20260124_020924,12,0,17,17
run823,20260124_020924,13,3,17,20
run823,20260124_020924,14,1,18,19
run823,20260124_020924,15,3,11,14
run823,20260124_020924,16,2,16,18
run823,20260124_020924,17,1,2,3
run823,20260124_020924,18,0,1,1
run823,20260124_020924,19,0,0,0
run824,20260124_021016,0,1,0,1
run824,20260124_021016,1,2,0,2
run824,20260124_021016,2,1,0,1
run824,20260124_021016,3,3,0,3
run824,20260124_021016,4,2,0,2
run824,20260124_021016,5,0,0,0
run824,20260124_021016,6,2,0,2
run824,20260124_021016,7,0,0,0
run824,20260124_021016,8,0,0,0
run824,20260124_021016,9,0,0,0
run824,20260124_021016,10,3,0,3
run824,20260124_021016,11,0,0,0
run824,20260124_021016,12,0,0,0
run824,20260124_021016,13,0,0,0
run824,20260124_021016,14,1,0,1
run824,20260124_021016,15,1,0,1
run824,20260124_021016,16,3,0,3
run824,20260124_021016,17,0,0,0
run824,20260124_021016,18,0,0,0
run824,20260124_021016,19,0,0,0
run825,20260124_021106,0,0,0,0
run825,20260124_021106,1,299,0,299
run825,20260124_021106,2,1966,0,1966
run825,20260124_021106,3,2000,0,2000
run825,20260124_021106,4,0,0,0
run825,20260124_021106,5,1,0,1
run825,20260124_021106,6,0,0,0
run825,20260124_021106,7,1,0,1
run825,20260124_021106,8,0,0,0
run825,20260124_021106,9,0,0,0
run825,20260124_021106,10,5,0,5
run825,20260124_021106,11,4,0,4
run825,20260124_021106,12,4,0,4
run825,20260124_021106,13,2,0,2
run825,20260124_021106,14,3,0,3
run825,20260124_021106,15,0,0,0
run825,20260124_021106,16,1,0,1
run825,20260124_021106,17,0,0,0
run825,20260124_021106,18,0,0,0
run825,20260124_021106,19,0,0,0
run826,20260124_021154,0,0,0,0
run826,20260124_021154,1,0,0,0
run826,20260124_021154,2,1,0,1
run826,20260124_021154,3,0,0,0
run826,20260124_021154,4,2,0,2
run826,20260124_021154,5,1,0,1
run826,20260124_021154,6,0,0,0
run826,20260124_021154,7,3,0,3
run826,20260124_021154,8,0,0,0
run826,20260124_021154,9,0,0,0
run826,20260124_021154,10,5,0,5
run826,20260124_021154,11,0,0,0
run826,20260124_021154,12,2,0,2
run826,20260124_021154,13,0,0,0
run826,20260124_021154,14,2,0,2
run826,20260124_021154,15,1,0,1
run826,20260124_021154,16,2,0,2
run826,20260124_021154,17,416,0,416
run826,20260124_021154,18,0,0,0
run826,20260124_021154,19,0,0,0
run827,20260124_021242,0,1,0,1
run827,20260124_021242,1,1,0,1
run827,20260124_021242,2,2,0,2
run827,20260124_021242,3,1,0,1
run827,20260124_021242,4,1,0,1
run827,20260124_021242,5,2,0,2
run827,20260124_021242,6,1,0,1
run827,20260124_021242,7,1,0,1
run827,20260124_021242,8,0,0,0
run827,20260124_021242,9,0,0,0
run827,20260124_021242,10,2,0,2
run827,20260124_021242,11,0,0,0
run827,20260124_021242,12,1,0,1
run827,20260124_021242,13,0,0,0
run827,20260124_021242,14,2,0,2
run827,20260124_021242,15,1996,0,1996
run827,20260124_021242,16,1,0,1
run827,20260124_021242,17,0,0,0
run827,20260124_021242,18,0,0,0
run827,20260124_021242,19,0,0,0
run828,20260124_021334,0,1,0,1
run828,20260124_021334,1,1,0,1
run828,20260124_021334,2,1,0,1
run828,20260124_021334,3,1,0,1
run828,20260124_021334,4,2,0,2
run828,20260124_021334,5,2,0,2
run828,20260124_021334,6,0,0,0
run828,20260124_021334,7,0,0,0
run828,20260124_021334,8,0,0,0
run828,20260124_021334,9,0,0,0
run828,20260124_021334,10,0,0,0
run828,20260124_021334,11,2,0,2
run828,20260124_021334,12,0,0,0
run828,20260124_021334,13,1,0,1
run828,20260124_021334,14,0,0,0
run828,20260124_021334,15,1,0,1
run828,20260124_021334,16,2,0,2
run828,20260124_021334,17,0,0,0
run828,20260124_021334,18,0,0,0
run828,20260124_021334,19,0,0,0
run829,20260124_021422,0,9,0,9
run829,20260124_021422,1,0,0,0
run829,20260124_021422,2,2,0,2
run829,20260124_021422,3,1,0,1
run829,20260124_021422,4,2,0,2
run829,20260124_021422,5,2,0,2
run829,20260124_021422,6,1,0,1
run829,20260124_021422,7,2000,0,2000
run829,20260124_021422,8,0,0,0
run829,20260124_021422,9,0,0,0
run829,20260124_021422,10,1,0,1
run829,20260124_021422,11,2,0,2
run829,20260124_021422,12,2,0,2
run829,20260124_021422,13,0,0,0
run829,20260124_021422,14,0,0,0
run829,20260124_021422,15,1,0,1
run829,20260124_021422,16,0,0,0
run829,20260124_021422,17,1,0,1
run829,20260124_021422,18,0,0,0
run829,20260124_021422,19,0,0,0
run829,20260124_021423,0,9,0,9
run829,20260124_021423,1,0,0,0
run829,20260124_021423,2,2,0,2
run829,20260124_021423,3,1,0,1
run829,20260124_021423,4,2,0,2
run829,20260124_021423,5,2,0,2
run829,20260124_021423,6,1,0,1
run829,20260124_021423,7,2000,0,2000
run829,20260124_021423,8,0,0,0
run829,20260124_021423,9,0,0,0
run829,20260124_021423,10,1,0,1
run829,20260124_021423,11,2,0,2
run829,20260124_021423,12,2,0,2
run829,20260124_021423,13,0,0,0
run829,20260124_021423,14,0,0,0
run829,20260124_021423,15,1,0,1
run829,20260124_021423,16,0,0,0
run829,20260124_021423,17,1,0,1
run829,20260124_021423,18,0,0,0
run829,20260124_021423,19,0,0,0
run83,20260123_160222,0,0,0,0
run83,20260123_160222,1,0,0,0
run83,20260123_160222,2,1,0,1
run83,20260123_160222,3,0,0,0
run83,20260123_160222,4,0,0,0
run83,20260123_160222,5,2000,0,2000
run83,20260123_160222,6,1,0,1
run83,20260123_160222,7,2,0,2
run83,20260123_160222,8,0,0,0
run83,20260123_160222,9,0,0,0
run83,20260123_160222,10,1,0,1
run83,20260123_160222,11,1,0,1
run83,20260123_160222,12,0,0,0
run83,20260123_160222,13,1,0,1
run83,20260123_160222,14,0,0,0
run83,20260123_160222,15,2,0,2
run83,20260123_160222,16,1,0,1
run83,20260123_160222,17,0,0,0
run83,20260123_160222,18,0,0,0
run83,20260123_160222,19,0,0,0
run830,20260124_021510,0,2,1,3
run830,20260124_021510,1,3,1,4
run830,20260124_021510,2,1,1,2
run830,20260124_021510,3,2,1,3
run830,20260124_021510,4,0,1,1
run830,20260124_021510,5,1994,0,1994
run830,20260124_021510,6,0,0,0
run830,20260124_021510,7,0,0,0
run830,20260124_021510,8,0,2,2
run830,20260124_021510,9,0,0,0
run830,20260124_021510,10,1,0,1
run830,20260124_021510,11,1,0,1
run830,20260124_021510,12,1,0,1
run830,20260124_021510,13,0,0,0
run830,20260124_021510,14,2,0,2
run830,20260124_021510,15,0,0,0
run830,20260124_021510,16,3,0,3
run830,20260124_021510,17,0,1,1
run830,20260124_021510,18,0,0,0
run830,20260124_021510,19,0,0,0
run831,20260124_021600,0,1,1,2
run831,20260124_021600,1,0,1,1
run831,20260124_021600,2,2,1,3
run831,20260124_021600,3,0,1,1
run831,20260124_021600,4,5,1,6
run831,20260124_021600,5,2,1,3
run831,20260124_021600,6,1,0,1
run831,20260124_021600,7,2,0,2
run831,20260124_021600,8,0,0,0
run831,20260124_021600,9,0,0,0
run831,20260124_021600,10,0,0,0
run831,20260124_021600,11,1991,0,1991
run831,20260124_021600,12,2,0,2
run831,20260124_021600,13,0,0,0
run831,20260124_021600,14,1,0,1
run831,20260124_021600,15,0,0,0
run831,20260124_021600,16,4,0,4
run831,20260124_021600,17,1,1,2
run831,20260124_021600,18,0,0,0
run831,20260124_021600,19,0,0,0
run832,20260124_021648,0,0,0,0
run832,20260124_021648,1,2,0,2
run832,20260124_021648,2,2,0,2
run832,20260124_021648,3,0,0,0
run832,20260124_021648,4,0,0,0
run832,20260124_021648,5,0,0,0
run832,20260124_021648,6,0,0,0
run832,20260124_021648,7,2,0,2
run832,20260124_021648,8,0,0,0
run832,20260124_021648,9,0,0,0
run832,20260124_021648,10,1,0,1
run832,20260124_021648,11,3,0,3
run832,20260124_021648,12,1,0,1
run832,20260124_021648,13,1,0,1
run832,20260124_021648,14,2000,0,2000
run832,20260124_021648,15,0,0,0
run832,20260124_021648,16,2,0,2
run832,20260124_021648,17,0,0,0
run832,20260124_021648,18,0,0,0
run832,20260124_021648,19,0,0,0
run833,20260124_021738,0,62,0,62
run833,20260124_021738,1,0,0,0
run833,20260124_021738,2,0,0,0
run833,20260124_021738,3,0,0,0
run833,20260124_021738,4,1,0,1
run833,20260124_021738,5,0,0,0
run833,20260124_021738,6,1,0,1
run833,20260124_021738,7,0,0,0
run833,20260124_021738,8,0,0,0
run833,20260124_021738,9,0,0,0
run833,20260124_021738,10,0,0,0
run833,20260124_021738,11,0,0,0
run833,20260124_021738,12,0,0,0
run833,20260124_021738,13,1,0,1
run833,20260124_021738,14,2,0,2
run833,20260124_021738,15,0,0,0
run833,20260124_021738,16,0,0,0
run833,20260124_021738,17,0,0,0
run833,20260124_021738,18,0,0,0
run833,20260124_021738,19,0,0,0
run834,20260124_021826,0,2,0,2
run834,20260124_021826,1,1,0,1
run834,20260124_021826,2,2001,0,2001
run834,20260124_021826,3,0,0,0
run834,20260124_021826,4,2,0,2
run834,20260124_021826,5,4,0,4
run834,20260124_021826,6,0,0,0
run834,20260124_021826,7,1,0,1
run834,20260124_021826,8,0,0,0
run834,20260124_021826,9,0,0,0
run834,20260124_021826,10,1,0,1
run834,20260124_021826,11,0,0,0
run834,20260124_021826,12,0,0,0
run834,20260124_021826,13,1,0,1
run834,20260124_021826,14,0,0,0
run834,20260124_021826,15,1,0,1
run834,20260124_021826,16,4,0,4
run834,20260124_021826,17,1,0,1
run834,20260124_021826,18,0,0,0
run834,20260124_021826,19,0,0,0
run835,20260124_021918,0,2,0,2
run835,20260124_021918,1,1,0,1
run835,20260124_021918,2,2,0,2
run835,20260124_021918,3,1,0,1
run835,20260124_021918,4,1,0,1
run835,20260124_021918,5,1,0,1
run835,20260124_021918,6,0,3,3
run835,20260124_021918,7,0,3,3
run835,20260124_021918,8,0,0,0
run835,20260124_021918,9,0,0,0
run835,20260124_021918,10,2,3,5
run835,20260124_021918,11,0,3,3
run835,20260124_021918,12,1993,3,1996
run835,20260124_021918,13,3,3,6
run835,20260124_021918,14,2,3,5
run835,20260124_021918,15,2,0,2
run835,20260124_021918,16,0,0,0
run835,20260124_021918,17,0,0,0
run835,20260124_021918,18,0,0,0
run835,20260124_021918,19,0,0,0
run836,20260124_022006,0,0,0,0
run836,20260124_022006,1,0,0,0
run836,20260124_022006,2,1,0,1
run836,20260124_022006,3,0,0,0
run836,20260124_022006,4,0,0,0
run836,20260124_022006,5,1,0,1
run836,20260124_022006,6,1,0,1
run836,20260124_022006,7,1,0,1
run836,20260124_022006,8,0,0,0
run836,20260124_022006,9,0,0,0
run836,20260124_022006,10,1,0,1
run836,20260124_022006,11,1,0,1
run836,20260124_022006,12,5,0,5
run836,20260124_022006,13,0,0,0
run836,20260124_022006,14,1,0,1
run836,20260124_022006,15,1999,0,1999
run836,20260124_022006,16,4,0,4
run836,20260124_022006,17,0,0,0
run836,20260124_022006,18,0,0,0
run836,20260124_022006,19,0,0,0
run837,20260124_022056,0,2,0,2
run837,20260124_022056,1,437,0,437
run837,20260124_022056,2,1571,0,1571
run837,20260124_022056,3,1,0,1
run837,20260124_022056,4,0,0,0
run837,20260124_022056,5,1,0,1
run837,20260124_022056,6,1,0,1
run837,20260124_022056,7,1,0,1
run837,20260124_022056,8,0,0,0
run837,20260124_022056,9,0,0,0
run837,20260124_022056,10,1,0,1
run837,20260124_022056,11,1,0,1
run837,20260124_022056,12,0,0,0
run837,20260124_022056,13,0,0,0
run837,20260124_022056,14,1,0,1
run837,20260124_022056,15,3,0,3
run837,20260124_022056,16,0,0,0
run837,20260124_022056,17,1,0,1
run837,20260124_022056,18,0,0,0
run837,20260124_022056,19,0,0,0
run838,20260124_022146,0,2,0,2
run838,20260124_022146,1,1,0,1
run838,20260124_022146,2,1,0,1
run838,20260124_022146,3,0,0,0
run838,20260124_022146,4,1,0,1
run838,20260124_022146,5,790,0,790
run838,20260124_022146,6,0,0,0
run838,20260124_022146,7,1,0,1
run838,20260124_022146,8,0,1,1
run838,20260124_022146,9,0,0,0
run838,20260124_022146,10,1,0,1
run838,20260124_022146,11,3,0,3
run838,20260124_022146,12,1,0,1
run838,20260124_022146,13,1,0,1
run838,20260124_022146,14,0,0,0
run838,20260124_022146,15,0,0,0
run838,20260124_022146,16,3,0,3
run838,20260124_022146,17,2,0,2
run838,20260124_022146,18,0,0,0
run838,20260124_022146,19,0,0,0
run839,20260124_022236,0,3,0,3
run839,20260124_022236,1,2,0,2
run839,20260124_022236,2,3,0,3
run839,20260124_022236,3,0,0,0
run839,20260124_022236,4,3,0,3
run839,20260124_022236,5,3,0,3
run839,20260124_022236,6,2,0,2
run839,20260124_022236,7,0,0,0
run839,20260124_022236,8,0,0,0
run839,20260124_022236,9,0,0,0
run839,20260124_022236,10,2,0,2
run839,20260124_022236,11,1,0,1
run839,20260124_022236,12,1,0,1
run839,20260124_022236,13,1,0,1
run839,20260124_022236,14,3,0,3
run839,20260124_022236,15,1,0,1
run839,20260124_022236,16,5,0,5
run839,20260124_022236,17,1,0,1
run839,20260124_022236,18,0,0,0
run839,20260124_022236,19,0,0,0
run84,20260123_160310,0,1,0,1
run84,20260123_160310,1,4,0,4
run84,20260123_160310,2,2,0,2
run84,20260123_160310,3,0,0,0
run84,20260123_160310,4,4,0,4
run84,20260123_160310,5,1,0,1
run84,20260123_160310,6,1,0,1
run84,20260123_160310,7,0,0,0
run84,20260123_160310,8,0,0,0
run84,20260123_160310,9,0,0,0
run84,20260123_160310,10,2000,0,2000
run84,20260123_160310,11,0,0,0
run84,20260123_160310,12,1,0,1
run84,20260123_160310,13,3,0,3
run84,20260123_160310,14,3,0,3
run84,20260123_160310,15,1,0,1
run84,20260123_160310,16,1,0,1
run84,20260123_160310,17,0,0,0
run84,20260123_160310,18,0,0,0
run84,20260123_160310,19,0,0,0
run840,20260124_022326,0,0,0,0
run840,20260124_022326,1,4,0,4
run840,20260124_022326,2,2,0,2
run840,20260124_022326,3,0,0,0
run840,20260124_022326,4,0,0,0
run840,20260124_022326,5,5,0,5
run840,20260124_022326,6,1,0,1
run840,20260124_022326,7,0,0,0
run840,20260124_022326,8,0,0,0
run840,20260124_022326,9,0,0,0
run840,20260124_022326,10,1,0,1
run840,20260124_022326,11,2000,0,2000
run840,20260124_022326,12,1,0,1
run840,20260124_022326,13,3,0,3
run840,20260124_022326,14,1,0,1
run840,20260124_022326,15,2,0,2
run840,20260124_022326,16,4,0,4
run840,20260124_022326,17,1,0,1
run840,20260124_022326,18,0,0,0
run840,20260124_022326,19,0,0,0
run841,20260124_022416,0,0,0,0
run841,20260124_022416,1,2,0,2
run841,20260124_022416,2,5,0,5
run841,20260124_022416,3,0,0,0
run841,20260124_022416,4,0,0,0
run841,20260124_022416,5,0,0,0
run841,20260124_022416,6,0,1700,1700
run841,20260124_022416,7,0,1830,1830
run841,20260124_022416,8,0,0,0
run841,20260124_022416,9,0,0,0
run841,20260124_022416,10,0,1830,1830
run841,20260124_022416,11,1,1830,1831
run841,20260124_022416,12,0,1830,1830
run841,20260124_022416,13,0,1830,1830
run841,20260124_022416,14,1,1830,1831
run841,20260124_022416,15,2,0,2
run841,20260124_022416,16,2,0,2
run841,20260124_022416,17,0,0,0
run841,20260124_022416,18,0,0,0
run841,20260124_022416,19,0,0,0
run842,20260124_022504,0,1,18,19
run842,20260124_022504,1,1,18,19
run842,20260124_022504,2,2,18,20
run842,20260124_022504,3,214,18,232
run842,20260124_022504,4,1978,18,1996
run842,20260124_022504,5,1,0,1
run842,20260124_022504,6,2,0,2
run842,20260124_022504,7,1,0,1
run842,20260124_022504,8,0,0,0
run842,20260124_022504,9,0,0,0
run842,20260124_022504,10,0,0,0
run842,20260124_022504,11,1,0,1
run842,20260124_022504,12,0,0,0
run842,20260124_022504,13,2,0,2
run842,20260124_022504,14,0,0,0
run842,20260124_022504,15,0,0,0
run842,20260124_022504,16,0,16,16
run842,20260124_022504,17,0,12,12
run842,20260124_022504,18,0,0,0
run842,20260124_022504,19,0,0,0
run842,20260124_022505,0,1,18,19
run842,20260124_022505,1,1,18,19
run842,20260124_022505,2,2,18,20
run842,20260124_022505,3,214,18,232
run842,20260124_022505,4,1978,18,1996
run842,20260124_022505,5,1,0,1
run842,20260124_022505,6,2,0,2
run842,20260124_022505,7,1,0,1
run842,20260124_022505,8,0,0,0
run842,20260124_022505,9,0,0,0
run842,20260124_022505,10,0,0,0
run842,20260124_022505,11,1,0,1
run842,20260124_022505,12,0,0,0
run842,20260124_022505,13,2,0,2
run842,20260124_022505,14,0,0,0
run842,20260124_022505,15,0,0,0
run842,20260124_022505,16,0,16,16
run842,20260124_022505,17,0,12,12
run842,20260124_022505,18,0,0,0
run842,20260124_022505,19,0,0,0
run843,20260124_022553,0,1,6,7
run843,20260124_022553,1,5,6,11
run843,20260124_022553,2,1,6,7
run843,20260124_022553,3,1,6,7
run843,20260124_022553,4,1,6,7
run843,20260124_022553,5,1,0,1
run843,20260124_022553,6,1,0,1
run843,20260124_022553,7,1,0,1
run843,20260124_022553,8,0,0,0
run843,20260124_022553,9,0,0,0
run843,20260124_022553,10,0,0,0
run843,20260124_022553,11,1,0,1
run843,20260124_022553,12,2,0,2
run843,20260124_022553,13,1,0,1
run843,20260124_022553,14,4,0,4
run843,20260124_022553,15,0,0,0
run843,20260124_022553,16,3,4,7
run843,20260124_022553,17,228,3,231
run843,20260124_022553,18,0,0,0
run843,20260124_022553,19,0,0,0
run843,20260124_022552,0,1,6,7
run843,20260124_022552,1,5,6,11
run843,20260124_022552,2,1,6,7
run843,20260124_022552,3,1,6,7
run843,20260124_022552,4,1,6,7
run843,20260124_022552,5,1,0,1
run843,20260124_022552,6,1,0,1
run843,20260124_022552,7,1,0,1
run843,20260124_022552,8,0,0,0
run843,20260124_022552,9,0,0,0
run843,20260124_022552,10,0,0,0
run843,20260124_022552,11,1,0,1
run843,20260124_022552,12,2,0,2
run843,20260124_022552,13,1,0,1
run843,20260124_022552,14,4,0,4
run843,20260124_022552,15,0,0,0
run843,20260124_022552,16,3,4,7
run843,20260124_022552,17,228,3,231
run843,20260124_022552,18,0,0,0
run843,20260124_022552,19,0,0,0
run844,20260124_022640,0,0,0,0
run844,20260124_022640,1,4,0,4
run844,20260124_022640,2,1,0,1
run844,20260124_022640,3,2,0,2
run844,20260124_022640,4,1,0,1
run844,20260124_022640,5,2,0,2
run844,20260124_022640,6,0,0,0
run844,20260124_022640,7,1,0,1
run844,20260124_022640,8,0,0,0
run844,20260124_022640,9,0,0,0
run844,20260124_022640,10,0,0,0
run844,20260124_022640,11,0,0,0
run844,20260124_022640,12,0,0,0
run844,20260124_022640,13,2,0,2
run844,20260124_022640,14,767,0,767
run844,20260124_022640,15,0,0,0
run844,20260124_022640,16,1135,0,1135
run844,20260124_022640,17,0,0,0
run844,20260124_022640,18,0,0,0
run844,20260124_022640,19,0,0,0
run845,20260124_022729,0,1,100,101
run845,20260124_022729,1,2,99,101
run845,20260124_022729,2,2,99,101
run845,20260124_022729,3,1,98,99
run845,20260124_022729,4,1,96,97
run845,20260124_022729,5,7,0,7
run845,20260124_022729,6,5,0,5
run845,20260124_022729,7,4,0,4
run845,20260124_022729,8,0,0,0
run845,20260124_022729,9,0,0,0
run845,20260124_022729,10,2,0,2
run845,20260124_022729,11,0,0,0
run845,20260124_022729,12,1,0,1
run845,20260124_022729,13,1,0,1
run845,20260124_022729,14,1,0,1
run845,20260124_022729,15,1,0,1
run845,20260124_022729,16,0,79,79
run845,20260124_022729,17,0,46,46
run845,20260124_022729,18,0,0,0
run845,20260124_022729,19,0,0,0
run846,20260124_022816,0,0,0,0
run846,20260124_022816,1,4,0,4
run846,20260124_022816,2,0,0,0
run846,20260124_022816,3,1,0,1
run846,20260124_022816,4,1,0,1
run846,20260124_022816,5,1,0,1
run846,20260124_022816,6,1,0,1
run846,20260124_022816,7,1,0,1
run846,20260124_022816,8,0,0,0
run846,20260124_022816,9,0,0,0
run846,20260124_022816,10,2,0,2
run846,20260124_022816,11,483,0,483
run846,20260124_022816,12,1519,0,1519
run846,20260124_022816,13,1,0,1
run846,20260124_022816,14,3,0,3
run846,20260124_022816,15,1,0,1
run846,20260124_022816,16,1,0,1
run846,20260124_022816,17,0,0,0
run846,20260124_022816,18,0,0,0
run846,20260124_022816,19,0,0,0
run847,20260124_022904,0,2,0,2
run847,20260124_022904,1,1878,0,1878
run847,20260124_022904,2,1843,0,1843
run847,20260124_022904,3,5,0,5
run847,20260124_022904,4,1,0,1
run847,20260124_022904,5,4,0,4
run847,20260124_022904,6,1,0,1
run847,20260124_022904,7,1,0,1
run847,20260124_022904,8,0,0,0
run847,20260124_022904,9,0,0,0
run847,20260124_022904,10,0,0,0
run847,20260124_022904,11,0,0,0
run847,20260124_022904,12,0,0,0
run847,20260124_022904,13,3,0,3
run847,20260124_022904,14,1,0,1
run847,20260124_022904,15,1,0,1
run847,20260124_022904,16,0,0,0
run847,20260124_022904,17,0,0,0
run847,20260124_022904,18,0,0,0
run847,20260124_022904,19,0,0,0
run848,20260124_022952,0,0,0,0
run848,20260124_022952,1,2,0,2
run848,20260124_022952,2,3,0,3
run848,20260124_022952,3,2,0,2
run848,20260124_022952,4,0,0,0
run848,20260124_022952,5,2,0,2
run848,20260124_022952,6,1,0,1
run848,20260124_022952,7,1,0,1
run848,20260124_022952,8,0,0,0
run848,20260124_022952,9,0,0,0
run848,20260124_022952,10,0,0,0
run848,20260124_022952,11,1,0,1
run848,20260124_022952,12,0,0,0
run848,20260124_022952,13,2,0,2
run848,20260124_022952,14,0,0,0
run848,20260124_022952,15,0,0,0
run848,20260124_022952,16,2,0,2
run848,20260124_022952,17,0,0,0
run848,20260124_022952,18,0,0,0
run848,20260124_022952,19,0,0,0
run849,20260124_023040,0,2,0,2
run849,20260124_023040,1,0,0,0
run849,20260124_023040,2,1,0,1
run849,20260124_023040,3,1,0,1
run849,20260124_023040,4,3,0,3
run849,20260124_023040,5,2,1,3
run849,20260124_023040,6,1130,0,1130
run849,20260124_023040,7,0,0,0
run849,20260124_023040,8,0,0,0
run849,20260124_023040,9,0,0,0
run849,20260124_023040,10,1,0,1
run849,20260124_023040,11,1,0,1
run849,20260124_023040,12,1,0,1
run849,20260124_023040,13,0,0,0
run849,20260124_023040,14,1,0,1
run849,20260124_023040,15,2,0,2
run849,20260124_023040,16,0,0,0
run849,20260124_023040,17,0,0,0
run849,20260124_023040,18,0,0,0
run849,20260124_023040,19,0,0,0
run85,20260123_160358,0,0,0,0
run85,20260123_160358,1,1,0,1
run85,20260123_160358,2,0,0,0
run85,20260123_160358,3,0,0,0
run85,20260123_160358,4,1,0,1
run85,20260123_160358,5,0,0,0
run85,20260123_160358,6,1,0,1
run85,20260123_160358,7,0,0,0
run85,20260123_160358,8,0,0,0
run85,20260123_160358,9,0,0,0
run85,20260123_160358,10,0,0,0
run85,20260123_160358,11,1,0,1
run85,20260123_160358,12,5,0,5
run85,20260123_160358,13,0,0,0
run85,20260123_160358,14,1,0,1
run85,20260123_160358,15,1,0,1
run85,20260123_160358,16,0,0,0
run85,20260123_160358,17,459,0,459
run85,20260123_160358,18,0,0,0
run85,20260123_160358,19,0,0,0
run850,20260124_023128,0,2,6,8
run850,20260124_023128,1,2,6,8
run850,20260124_023128,2,3,6,9
run850,20260124_023128,3,0,6,6
run850,20260124_023128,4,1,6,7
run850,20260124_023128,5,3,0,3
run850,20260124_023128,6,1,0,1
run850,20260124_023128,7,1,0,1
run850,20260124_023128,8,0,0,0
run850,20260124_023128,9,0,0,0
run850,20260124_023128,10,1,0,1
run850,20260124_023128,11,2,0,2
run850,20260124_023128,12,60,0,60
run850,20260124_023128,13,1,0,1
run850,20260124_023128,14,1,0,1
run850,20260124_023128,15,1,0,1
run850,20260124_023128,16,3,4,7
run850,20260124_023128,17,504,3,507
run850,20260124_023128,18,0,0,0
run850,20260124_023128,19,0,0,0
run851,20260124_023216,0,0,0,0
run851,20260124_023216,1,2,0,2
run851,20260124_023216,2,0,0,0
run851,20260124_023216,3,3,0,3
run851,20260124_023216,4,4,0,4
run851,20260124_023216,5,2,0,2
run851,20260124_023216,6,2,1,3
run851,20260124_023216,7,0,1,1
run851,20260124_023216,8,0,2,2
run851,20260124_023216,9,0,0,0
run851,20260124_023216,10,0,2,2
run851,20260124_023216,11,0,2,2
run851,20260124_023216,12,2,2,4
run851,20260124_023216,13,0,2,2
run851,20260124_023216,14,1,2,3
run851,20260124_023216,15,2,0,2
run851,20260124_023216,16,3,0,3
run851,20260124_023216,17,1,0,1
run851,20260124_023216,18,0,0,0
run851,20260124_023216,19,0,0,0
run852,20260124_023308,0,1,0,1
run852,20260124_023308,1,0,0,0
run852,20260124_023308,2,0,0,0
run852,20260124_023308,3,2000,0,2000
run852,20260124_023308,4,1,0,1
run852,20260124_023308,5,0,0,0
run852,20260124_023308,6,1,0,1
run852,20260124_023308,7,2,0,2
run852,20260124_023308,8,0,0,0
run852,20260124_023308,9,0,0,0
run852,20260124_023308,10,2,0,2
run852,20260124_023308,11,1,0,1
run852,20260124_023308,12,0,0,0
run852,20260124_023308,13,1,0,1
run852,20260124_023308,14,2,0,2
run852,20260124_023308,15,2,0,2
run852,20260124_023308,16,4,0,4
run852,20260124_023308,17,0,0,0
run852,20260124_023308,18,0,0,0
run852,20260124_023308,19,0,0,0
run853,20260124_023356,0,0,0,0
run853,20260124_023356,1,1,0,1
run853,20260124_023356,2,1,0,1
run853,20260124_023356,3,0,0,0
run853,20260124_023356,4,1,0,1
run853,20260124_023356,5,230,1,231
run853,20260124_023356,6,1508,0,1508
run853,20260124_023356,7,0,0,0
run853,20260124_023356,8,0,0,0
run853,20260124_023356,9,0,0,0
run853,20260124_023356,10,0,0,0
run853,20260124_023356,11,0,0,0
run853,20260124_023356,12,1,0,1
run853,20260124_023356,13,1,0,1
run853,20260124_023356,14,2,0,2
run853,20260124_023356,15,1,0,1
run853,20260124_023356,16,1,0,1
run853,20260124_023356,17,0,0,0
run853,20260124_023356,18,0,0,0
run853,20260124_023356,19,0,0,0
run854,20260124_023446,0,1,0,1
run854,20260124_023446,1,2,0,2
run854,20260124_023446,2,2,0,2
run854,20260124_023446,3,0,0,0
run854,20260124_023446,4,0,0,0
run854,20260124_023446,5,2,0,2
run854,20260124_023446,6,1,0,1
run854,20260124_023446,7,1,0,1
run854,20260124_023446,8,0,0,0
run854,20260124_023446,9,0,0,0
run854,20260124_023446,10,2,0,2
run854,20260124_023446,11,3,0,3
run854,20260124_023446,12,1,0,1
run854,20260124_023446,13,2,0,2
run854,20260124_023446,14,0,0,0
run854,20260124_023446,15,1,0,1
run854,20260124_023446,16,2,0,2
run854,20260124_023446,17,0,0,0
run854,20260124_023446,18,0,0,0
run854,20260124_023446,19,0,0,0
run855,20260124_023538,0,2,0,2
run855,20260124_023538,1,176,0,176
run855,20260124_023538,2,1189,0,1189
run855,20260124_023538,3,1211,0,1211
run855,20260124_023538,4,0,0,0
run855,20260124_023538,5,4,0,4
run855,20260124_023538,6,1,0,1
run855,20260124_023538,7,0,0,0
run855,20260124_023538,8,0,0,0
run855,20260124_023538,9,0,0,0
run855,20260124_023538,10,0,0,0
run855,20260124_023538,11,0,0,0
run855,20260124_023538,12,0,0,0
run855,20260124_023538,13,0,0,0
run855,20260124_023538,14,1,0,1
run855,20260124_023538,15,2,0,2
run855,20260124_023538,16,3,0,3
run855,20260124_023538,17,0,0,0
run855,20260124_023538,18,0,0,0
run855,20260124_023538,19,0,0,0
run856,20260124_023626,0,1,0,1
run856,20260124_023626,1,3,0,3
run856,20260124_023626,2,2,0,2
run856,20260124_023626,3,1,0,1
run856,20260124_023626,4,1,0,1
run856,20260124_023626,5,0,0,0
run856,20260124_023626,6,2,0,2
run856,20260124_023626,7,1,0,1
run856,20260124_023626,8,0,0,0
run856,20260124_023626,9,0,0,0
run856,20260124_023626,10,1,0,1
run856,20260124_023626,11,0,0,0
run856,20260124_023626,12,2001,0,2001
run856,20260124_023626,13,1,0,1
run856,20260124_023626,14,1,0,1
run856,20260124_023626,15,1,0,1
run856,20260124_023626,16,2,0,2
run856,20260124_023626,17,0,0,0
run856,20260124_023626,18,0,0,0
run856,20260124_023626,19,0,0,0
run857,20260124_023714,0,1,0,1
run857,20260124_023714,1,0,0,0
run857,20260124_023714,2,5,0,5
run857,20260124_023714,3,1,0,1
run857,20260124_023714,4,2,0,2
run857,20260124_023714,5,2,0,2
run857,20260124_023714,6,0,0,0
run857,20260124_023714,7,1,0,1
run857,20260124_023714,8,0,0,0
run857,20260124_023714,9,0,0,0
run857,20260124_023714,10,0,0,0
run857,20260124_023714,11,0,0,0
run857,20260124_023714,12,1,0,1
run857,20260124_023714,13,1,0,1
run857,20260124_023714,14,5,0,5
run857,20260124_023714,15,0,0,0
run857,20260124_023714,16,1843,0,1843
run857,20260124_023714,17,0,0,0
run857,20260124_023714,18,0,0,0
run857,20260124_023714,19,0,0,0
run858,20260124_023804,0,6,1,7
run858,20260124_023804,1,3,1,4
run858,20260124_023804,2,4,1,5
run858,20260124_023804,3,0,1,1
run858,20260124_023804,4,0,1,1
run858,20260124_023804,5,3,2,5
run858,20260124_023804,6,0,0,0
run858,20260124_023804,7,1970,0,1970
run858,20260124_023804,8,0,0,0
run858,20260124_023804,9,0,0,0
run858,20260124_023804,10,2,0,2
run858,20260124_023804,11,2,0,2
run858,20260124_023804,12,2,0,2
run858,20260124_023804,13,2,0,2
run858,20260124_023804,14,1,0,1
run858,20260124_023804,15,0,0,0
run858,20260124_023804,16,2,1,3
run858,20260124_023804,17,0,1,1
run858,20260124_023804,18,0,0,0
run858,20260124_023804,19,0,0,0
run859,20260124_023852,0,3,1485,1488
run859,20260124_023852,1,0,1483,1483
run859,20260124_023852,2,1,1481,1482
run859,20260124_023852,3,0,1478,1478
run859,20260124_023852,4,1,1475,1476
run859,20260124_023852,5,3,0,3
run859,20260124_023852,6,1,0,1
run859,20260124_023852,7,2,0,2
run859,20260124_023852,8,0,0,0
run859,20260124_023852,9,0,0,0
run859,20260124_023852,10,4,0,4
run859,20260124_023852,11,0,0,0
run859,20260124_023852,12,0,0,0
run859,20260124_023852,13,0,0,0
run859,20260124_023852,14,1,0,1
run859,20260124_023852,15,0,0,0
run859,20260124_023852,16,2,1248,1250
run859,20260124_023852,17,7,829,836
run859,20260124_023852,18,0,0,0
run859,20260124_023852,19,0,0,0
run86,20260123_160446,0,0,0,0
run86,20260123_160446,1,2,0,2
run86,20260123_160446,2,1,0,1
run86,20260123_160446,3,3,0,3
run86,20260123_160446,4,2,0,2
run86,20260123_160446,5,0,0,0
run86,20260123_160446,6,0,0,0
run86,20260123_160446,7,0,0,0
run86,20260123_160446,8,0,0,0
run86,20260123_160446,9,0,0,0
run86,20260123_160446,10,1,0,1
run86,20260123_160446,11,0,0,0
run86,20260123_160446,12,1,0,1
run86,20260123_160446,13,3,0,3
run86,20260123_160446,14,2001,0,2001
run86,20260123_160446,15,0,0,0
run86,20260123_160446,16,1,0,1
run86,20260123_160446,17,1,0,1
run86,20260123_160446,18,0,0,0
run86,20260123_160446,19,0,0,0
run860,20260124_023939,0,684,29,713
run860,20260124_023939,1,3,32,35
run860,20260124_023939,2,0,30,30
run860,20260124_023939,3,0,30,30
run860,20260124_023939,4,1,30,31
run860,20260124_023939,5,13,12,25
run860,20260124_023939,6,0,30,30
run860,20260124_023939,7,1,18,19
run860,20260124_023939,8,0,0,0
run860,20260124_023939,9,0,1,1
run860,20260124_023939,10,21,31,52
run860,20260124_023939,11,1,32,33
run860,20260124_023939,12,3,31,34
run860,20260124_023939,13,1,30,31
run860,20260124_023939,14,1,30,31
run860,20260124_023939,15,7,10,17
run860,20260124_023939,16,1,28,29
run860,20260124_023939,17,327,9,336
run860,20260124_023939,18,0,0,0
run860,20260124_023939,19,0,0,0
run860,20260124_023940,0,684,29,713
run860,20260124_023940,1,3,32,35
run860,20260124_023940,2,0,30,30
run860,20260124_023940,3,0,30,30
run860,20260124_023940,4,1,30,31
run860,20260124_023940,5,13,12,25
run860,20260124_023940,6,0,30,30
run860,20260124_023940,7,1,18,19
run860,20260124_023940,8,0,0,0
run860,20260124_023940,9,0,1,1
run860,20260124_023940,10,21,31,52
run860,20260124_023940,11,1,32,33
run860,20260124_023940,12,3,31,34
run860,20260124_023940,13,1,30,31
run860,20260124_023940,14,1,30,31
run860,20260124_023940,15,7,10,17
run860,20260124_023940,16,1,28,29
run860,20260124_023940,17,327,9,336
run860,20260124_023940,18,0,0,0
run860,20260124_023940,19,0,0,0
run861,20260124_024029,0,0,0,0
run861,20260124_024029,1,1,0,1
run861,20260124_024029,2,0,0,0
run861,20260124_024029,3,2,0,2
run861,20260124_024029,4,1,0,1
run861,20260124_024029,5,2000,0,2000
run861,20260124_024029,6,3,0,3
run861,20260124_024029,7,1,0,1
run861,20260124_024029,8,0,0,0
run861,20260124_024029,9,0,0,0
run861,20260124_024029,10,1,0,1
run861,20260124_024029,11,0,0,0
run861,20260124_024029,12,2,0,2
run861,20260124_024029,13,0,0,0
run861,20260124_024029,14,0,0,0
run861,20260124_024029,15,0,0,0
run861,20260124_024029,16,2,0,2
run861,20260124_024029,17,0,0,0
run861,20260124_024029,18,0,0,0
run861,20260124_024029,19,0,0,0
run862,20260124_024119,0,2,0,2
run862,20260124_024119,1,0,0,0
run862,20260124_024119,2,1,0,1
run862,20260124_024119,3,1,0,1
run862,20260124_024119,4,2,0,2
run862,20260124_024119,5,2,0,2
run862,20260124_024119,6,0,0,0
run862,20260124_024119,7,0,0,0
run862,20260124_024119,8,0,0,0
run862,20260124_024119,9,0,0,0
run862,20260124_024119,10,4,0,4
run862,20260124_024119,11,1,0,1
run862,20260124_024119,12,2,0,2
run862,20260124_024119,13,2000,0,2000
run862,20260124_024119,14,1,0,1
run862,20260124_024119,15,3,0,3
run862,20260124_024119,16,1,0,1
run862,20260124_024119,17,0,0,0
run862,20260124_024119,18,0,0,0
run862,20260124_024119,19,0,0,0
run863,20260124_024207,0,2,0,2
run863,20260124_024207,1,1,0,1
run863,20260124_024207,2,1,0,1
run863,20260124_024207,3,0,0,0
run863,20260124_024207,4,1,0,1
run863,20260124_024207,5,1,0,1
run863,20260124_024207,6,1,1,2
run863,20260124_024207,7,0,0,0
run863,20260124_024207,8,0,0,0
run863,20260124_024207,9,0,0,0
run863,20260124_024207,10,1,0,1
run863,20260124_024207,11,2,0,2
run863,20260124_024207,12,0,0,0
run863,20260124_024207,13,3,0,3
run863,20260124_024207,14,2,0,2
run863,20260124_024207,15,1,0,1
run863,20260124_024207,16,1830,0,1830
run863,20260124_024207,17,0,0,0
run863,20260124_024207,18,0,0,0
run863,20260124_024207,19,0,0,0
run864,20260124_024255,0,0,0,0
run864,20260124_024255,1,0,0,0
run864,20260124_024255,2,2,0,2
run864,20260124_024255,3,2,0,2
run864,20260124_024255,4,2,0,2
run864,20260124_024255,5,1,0,1
run864,20260124_024255,6,1,0,1
run864,20260124_024255,7,1,0,1
run864,20260124_024255,8,0,0,0
run864,20260124_024255,9,0,0,0
run864,20260124_024255,10,1,0,1
run864,20260124_024255,11,2000,0,2000
run864,20260124_024255,12,0,0,0
run864,20260124_024255,13,2,0,2
run864,20260124_024255,14,1,0,1
run864,20260124_024255,15,2,0,2
run864,20260124_024255,16,1,0,1
run864,20260124_024255,17,0,0,0
run864,20260124_024255,18,0,0,0
run864,20260124_024255,19,0,0,0
run865,20260124_024347,0,1945,33,1978
run865,20260124_024347,1,1,41,42
run865,20260124_024347,2,3,40,43
run865,20260124_024347,3,1,39,40
run865,20260124_024347,4,2,39,41
run865,20260124_024347,5,7,16,23
run865,20260124_024347,6,0,38,38
run865,20260124_024347,7,0,22,22
run865,20260124_024347,8,0,0,0
run865,20260124_024347,9,0,0,0
run865,20260124_024347,10,11,40,51
run865,20260124_024347,11,2,41,43
run865,20260124_024347,12,0,39,39
run865,20260124_024347,13,0,39,39
run865,20260124_024347,14,1,39,40
run865,20260124_024347,15,18,11,29
run865,20260124_024347,16,7,30,37
run865,20260124_024347,17,3,9,12
run865,20260124_024347,18,0,0,0
run865,20260124_024347,19,0,0,0
run866,20260124_024437,0,1,0,1
run866,20260124_024437,1,1,0,1
run866,20260124_024437,2,5,0,5
run866,20260124_024437,3,2,0,2
run866,20260124_024437,4,2,0,2
run866,20260124_024437,5,5,0,5
run866,20260124_024437,6,11,0,11
run866,20260124_024437,7,0,0,0
run866,20260124_024437,8,0,0,0
run866,20260124_024437,9,0,0,0
run866,20260124_024437,10,1,0,1
run866,20260124_024437,11,0,0,0
run866,20260124_024437,12,4,0,4
run866,20260124_024437,13,2,0,2
run866,20260124_024437,14,2,0,2
run866,20260124_024437,15,6,0,6
run866,20260124_024437,16,1848,0,1848
run866,20260124_024437,17,457,0,457
run866,20260124_024437,18,0,0,0
run866,20260124_024437,19,0,0,0
run867,20260124_024525,0,2,0,2
run867,20260124_024525,1,1732,0,1732
run867,20260124_024525,2,3,0,3
run867,20260124_024525,3,269,0,269
run867,20260124_024525,4,0,0,0
run867,20260124_024525,5,1,0,1
run867,20260124_024525,6,0,0,0
run867,20260124_024525,7,2,0,2
run867,20260124_024525,8,0,0,0
run867,20260124_024525,9,0,0,0
run867,20260124_024525,10,0,0,0
run867,20260124_024525,11,1,0,1
run867,20260124_024525,12,1,0,1
run867,20260124_024525,13,1,0,1
run867,20260124_024525,14,1,0,1
run867,20260124_024525,15,1,0,1
run867,20260124_024525,16,0,0,0
run867,20260124_024525,17,0,0,0
run867,20260124_024525,18,0,0,0
run867,20260124_024525,19,0,0,0
run868,20260124_024613,0,0,0,0
run868,20260124_024613,1,1,0,1
run868,20260124_024613,2,1,0,1
run868,20260124_024613,3,2,0,2
run868,20260124_024613,4,1,0,1
run868,20260124_024613,5,2,0,2
run868,20260124_024613,6,1691,0,1691
run868,20260124_024613,7,1,0,1
run868,20260124_024613,8,0,0,0
run868,20260124_024613,9,0,0,0
run868,20260124_024613,10,0,0,0
run868,20260124_024613,11,2,0,2
run868,20260124_024613,12,0,0,0
run868,20260124_024613,13,1,0,1
run868,20260124_024613,14,0,0,0
run868,20260124_024613,15,1,0,1
run868,20260124_024613,16,0,0,0
run868,20260124_024613,17,0,0,0
run868,20260124_024613,18,0,0,0
run868,20260124_024613,19,0,0,0
run869,20260124_024703,0,1,0,1
run869,20260124_024703,1,3,0,3
run869,20260124_024703,2,4,0,4
run869,20260124_024703,3,0,0,0
run869,20260124_024703,4,2001,0,2001
run869,20260124_024703,5,0,0,0
run869,20260124_024703,6,1,0,1
run869,20260124_024703,7,1,0,1
run869,20260124_024703,8,0,0,0
run869,20260124_024703,9,0,0,0
run869,20260124_024703,10,1,0,1
run869,20260124_024703,11,0,0,0
run869,20260124_024703,12,0,0,0
run869,20260124_024703,13,0,0,0
run869,20260124_024703,14,3,0,3
run869,20260124_024703,15,2,0,2
run869,20260124_024703,16,2,0,2
run869,20260124_024703,17,0,0,0
run869,20260124_024703,18,0,0,0
run869,20260124_024703,19,0,0,0
run87,20260123_160534,0,24,0,24
run87,20260123_160534,1,3,0,3
run87,20260123_160534,2,112,0,112
run87,20260123_160534,3,11,0,11
run87,20260123_160534,4,1,0,1
run87,20260123_160534,5,22,0,22
run87,20260123_160534,6,0,0,0
run87,20260123_160534,7,2000,0,2000
run87,20260123_160534,8,0,0,0
run87,20260123_160534,9,0,0,0
run87,20260123_160534,10,1,0,1
run87,20260123_160534,11,2,0,2
run87,20260123_160534,12,0,0,0
run87,20260123_160534,13,1,0,1
run87,20260123_160534,14,0,0,0
run87,20260123_160534,15,1,0,1
run87,20260123_160534,16,2,0,2
run87,20260123_160534,17,1,0,1
run87,20260123_160534,18,0,0,0
run87,20260123_160534,19,0,0,0
run870,20260124_024751,0,0,0,0
run870,20260124_024751,1,1,0,1
run870,20260124_024751,2,0,0,0
run870,20260124_024751,3,1,0,1
run870,20260124_024751,4,2,0,2
run870,20260124_024751,5,2,0,2
run870,20260124_024751,6,0,0,0
run870,20260124_024751,7,1,0,1
run870,20260124_024751,8,0,0,0
run870,20260124_024751,9,0,0,0
run870,20260124_024751,10,0,0,0
run870,20260124_024751,11,2,0,2
run870,20260124_024751,12,0,0,0
run870,20260124_024751,13,0,0,0
run870,20260124_024751,14,1,0,1
run870,20260124_024751,15,1,0,1
run870,20260124_024751,16,1,0,1
run870,20260124_024751,17,94,0,94
run870,20260124_024751,18,0,0,0
run870,20260124_024751,19,0,0,0
run871,20260124_024839,0,2,0,2
run871,20260124_024839,1,0,0,0
run871,20260124_024839,2,0,0,0
run871,20260124_024839,3,1,0,1
run871,20260124_024839,4,3,0,3
run871,20260124_024839,5,1,0,1
run871,20260124_024839,6,1,0,1
run871,20260124_024839,7,1,0,1
run871,20260124_024839,8,0,0,0
run871,20260124_024839,9,0,0,0
run871,20260124_024839,10,0,0,0
run871,20260124_024839,11,0,0,0
run871,20260124_024839,12,2000,0,2000
run871,20260124_024839,13,0,0,0
run871,20260124_024839,14,2,0,2
run871,20260124_024839,15,1,0,1
run871,20260124_024839,16,3,0,3
run871,20260124_024839,17,0,0,0
run871,20260124_024839,18,0,0,0
run871,20260124_024839,19,0,0,0
run872,20260124_024929,0,0,0,0
run872,20260124_024929,1,0,0,0
run872,20260124_024929,2,2,0,2
run872,20260124_024929,3,1,0,1
run872,20260124_024929,4,0,0,0
run872,20260124_024929,5,0,0,0
run872,20260124_024929,6,408,0,408
run872,20260124_024929,7,0,0,0
run872,20260124_024929,8,0,0,0
run872,20260124_024929,9,0,0,0
run872,20260124_024929,10,0,0,0
run872,20260124_024929,11,305,0,305
run872,20260124_024929,12,1,0,1
run872,20260124_024929,13,1202,0,1202
run872,20260124_024929,14,0,0,0
run872,20260124_024929,15,0,0,0
run872,20260124_024929,16,2,0,2
run872,20260124_024929,17,0,0,0
run872,20260124_024929,18,0,0,0
run872,20260124_024929,19,0,0,0
run873,20260124_025017,0,2,0,2
run873,20260124_025017,1,2001,0,2001
run873,20260124_025017,2,1,0,1
run873,20260124_025017,3,2,0,2
run873,20260124_025017,4,1,0,1
run873,20260124_025017,5,1,0,1
run873,20260124_025017,6,0,0,0
run873,20260124_025017,7,0,0,0
run873,20260124_025017,8,0,0,0
run873,20260124_025017,9,0,0,0
run873,20260124_025017,10,0,0,0
run873,20260124_025017,11,0,0,0
run873,20260124_025017,12,2,0,2
run873,20260124_025017,13,2,0,2
run873,20260124_025017,14,1,0,1
run873,20260124_025017,15,2,0,2
run873,20260124_025017,16,0,0,0
run873,20260124_025017,17,0,0,0
run873,20260124_025017,18,0,0,0
run873,20260124_025017,19,0,0,0
run874,20260124_025105,0,0,0,0
run874,20260124_025105,1,1,0,1
run874,20260124_025105,2,6,0,6
run874,20260124_025105,3,0,0,0
run874,20260124_025105,4,0,0,0
run874,20260124_025105,5,1,0,1
run874,20260124_025105,6,2,0,2
run874,20260124_025105,7,1,0,1
run874,20260124_025105,8,0,0,0
run874,20260124_025105,9,0,0,0
run874,20260124_025105,10,1,0,1
run874,20260124_025105,11,0,0,0
run874,20260124_025105,12,1,0,1
run874,20260124_025105,13,1,0,1
run874,20260124_025105,14,2,0,2
run874,20260124_025105,15,2,0,2
run874,20260124_025105,16,0,0,0
run874,20260124_025105,17,0,0,0
run874,20260124_025105,18,0,0,0
run874,20260124_025105,19,0,0,0
run875,20260124_025153,0,0,0,0
run875,20260124_025153,1,0,0,0
run875,20260124_025153,2,1,0,1
run875,20260124_025153,3,1,0,1
run875,20260124_025153,4,0,0,0
run875,20260124_025153,5,2,0,2
run875,20260124_025153,6,1,0,1
run875,20260124_025153,7,1,0,1
run875,20260124_025153,8,0,0,0
run875,20260124_025153,9,0,0,0
run875,20260124_025153,10,1,0,1
run875,20260124_025153,11,2,0,2
run875,20260124_025153,12,4,0,4
run875,20260124_025153,13,2000,0,2000
run875,20260124_025153,14,0,0,0
run875,20260124_025153,15,0,0,0
run875,20260124_025153,16,1,0,1
run875,20260124_025153,17,0,0,0
run875,20260124_025153,18,0,0,0
run875,20260124_025153,19,0,0,0
run876,20260124_025241,0,1,0,1
run876,20260124_025241,1,1,0,1
run876,20260124_025241,2,1,0,1
run876,20260124_025241,3,2,0,2
run876,20260124_025241,4,0,0,0
run876,20260124_025241,5,1,0,1
run876,20260124_025241,6,0,0,0
run876,20260124_025241,7,1,0,1
run876,20260124_025241,8,0,0,0
run876,20260124_025241,9,0,0,0
run876,20260124_025241,10,0,0,0
run876,20260124_025241,11,1,0,1
run876,20260124_025241,12,0,0,0
run876,20260124_025241,13,1,0,1
run876,20260124_025241,14,3,0,3
run876,20260124_025241,15,0,0,0
run876,20260124_025241,16,0,0,0
run876,20260124_025241,17,0,0,0
run876,20260124_025241,18,0,0,0
run876,20260124_025241,19,0,0,0
run877,20260124_025329,0,2,0,2
run877,20260124_025329,1,2,0,2
run877,20260124_025329,2,0,0,0
run877,20260124_025329,3,1,0,1
run877,20260124_025329,4,0,0,0
run877,20260124_025329,5,0,1,1
run877,20260124_025329,6,9,0,9
run877,20260124_025329,7,1,0,1
run877,20260124_025329,8,0,0,0
run877,20260124_025329,9,0,0,0
run877,20260124_025329,10,1,0,1
run877,20260124_025329,11,2,0,2
run877,20260124_025329,12,30,0,30
run877,20260124_025329,13,0,0,0
run877,20260124_025329,14,4,0,4
run877,20260124_025329,15,0,0,0
run877,20260124_025329,16,1820,0,1820
run877,20260124_025329,17,409,0,409
run877,20260124_025329,18,0,0,0
run877,20260124_025329,19,0,0,0
run878,20260124_025417,0,2,0,2
run878,20260124_025417,1,2000,0,2000
run878,20260124_025417,2,2,0,2
run878,20260124_025417,3,1,0,1
run878,20260124_025417,4,0,0,0
run878,20260124_025417,5,0,0,0
run878,20260124_025417,6,1,0,1
run878,20260124_025417,7,3,0,3
run878,20260124_025417,8,0,0,0
run878,20260124_025417,9,0,0,0
run878,20260124_025417,10,0,0,0
run878,20260124_025417,11,1,0,1
run878,20260124_025417,12,1,0,1
run878,20260124_025417,13,2,0,2
run878,20260124_025417,14,0,0,0
run878,20260124_025417,15,0,0,0
run878,20260124_025417,16,3,0,3
run878,20260124_025417,17,0,0,0
run878,20260124_025417,18,0,0,0
run878,20260124_025417,19,0,0,0
run879,20260124_025509,0,1954,22,1976
run879,20260124_025509,1,10,29,39
run879,20260124_025509,2,9,28,37
run879,20260124_025509,3,9,28,37
run879,20260124_025509,4,9,28,37
run879,20260124_025509,5,18,15,33
run879,20260124_025509,6,7,28,35
run879,20260124_025509,7,8,17,25
run879,20260124_025509,8,0,0,0
run879,20260124_025509,9,0,0,0
run879,20260124_025509,10,18,29,47
run879,20260124_025509,11,10,29,39
run879,20260124_025509,12,9,28,37
run879,20260124_025509,13,9,28,37
run879,20260124_025509,14,10,29,39
run879,20260124_025509,15,18,12,30
run879,20260124_025509,16,10,20,30
run879,20260124_025509,17,8,7,15
run879,20260124_025509,18,0,0,0
run879,20260124_025509,19,0,0,0
run88,20260123_160622,0,0,0,0
run88,20260123_160622,1,2,0,2
run88,20260123_160622,2,1,0,1
run88,20260123_160622,3,2,0,2
run88,20260123_160622,4,1,0,1
run88,20260123_160622,5,1,0,1
run88,20260123_160622,6,4,0,4
run88,20260123_160622,7,0,0,0
run88,20260123_160622,8,0,0,0
run88,20260123_160622,9,0,0,0
run88,20260123_160622,10,0,0,0
run88,20260123_160622,11,0,0,0
run88,20260123_160622,12,0,0,0
run88,20260123_160622,13,3,0,3
run88,20260123_160622,14,0,0,0
run88,20260123_160622,15,2001,0,2001
run88,20260123_160622,16,3,0,3
run88,20260123_160622,17,0,0,0
run88,20260123_160622,18,0,0,0
run88,20260123_160622,19,0,0,0
run880,20260124_025557,0,1,0,1
run880,20260124_025557,1,130,0,130
run880,20260124_025557,2,4,0,4
run880,20260124_025557,3,459,0,459
run880,20260124_025557,4,2,0,2
run880,20260124_025557,5,1417,0,1417
run880,20260124_025557,6,0,0,0
run880,20260124_025557,7,1,0,1
run880,20260124_025557,8,0,0,0
run880,20260124_025557,9,0,0,0
run880,20260124_025557,10,1,0,1
run880,20260124_025557,11,0,0,0
run880,20260124_025557,12,1,0,1
run880,20260124_025557,13,1,0,1
run880,20260124_025557,14,4,0,4
run880,20260124_025557,15,1,0,1
run880,20260124_025557,16,2,0,2
run880,20260124_025557,17,0,0,0
run880,20260124_025557,18,0,0,0
run880,20260124_025557,19,0,0,0
run881,20260124_025649,0,1,0,1
run881,20260124_025649,1,1,0,1
run881,20260124_025649,2,3,0,3
run881,20260124_025649,3,1,0,1
run881,20260124_025649,4,1,0,1
run881,20260124_025649,5,1,0,1
run881,20260124_025649,6,1,300,301
run881,20260124_025649,7,0,208,208
run881,20260124_025649,8,0,0,0
run881,20260124_025649,9,0,0,0
run881,20260124_025649,10,2,389,391
run881,20260124_025649,11,0,389,389
run881,20260124_025649,12,0,389,389
run881,20260124_025649,13,0,389,389
run881,20260124_025649,14,0,389,389
run881,20260124_025649,15,3,0,3
run881,20260124_025649,16,3,0,3
run881,20260124_025649,17,0,0,0
run881,20260124_025649,18,0,0,0
run881,20260124_025649,19,0,0,0
run882,20260124_025737,0,1,0,1
run882,20260124_025737,1,1,0,1
run882,20260124_025737,2,2,0,2
run882,20260124_025737,3,0,0,0
run882,20260124_025737,4,1,0,1
run882,20260124_025737,5,1,0,1
run882,20260124_025737,6,0,0,0
run882,20260124_025737,7,1,0,1
run882,20260124_025737,8,0,0,0
run882,20260124_025737,9,0,0,0
run882,20260124_025737,10,3,0,3
run882,20260124_025737,11,0,0,0
run882,20260124_025737,12,21,0,21
run882,20260124_025737,13,0,0,0
run882,20260124_025737,14,1,0,1
run882,20260124_025737,15,0,0,0
run882,20260124_025737,16,2,0,2
run882,20260124_025737,17,473,0,473
run882,20260124_025737,18,0,0,0
run882,20260124_025737,19,0,0,0
run883,20260124_025825,0,0,0,0
run883,20260124_025825,1,0,0,0
run883,20260124_025825,2,2,0,2
run883,20260124_025825,3,0,0,0
run883,20260124_025825,4,0,0,0
run883,20260124_025825,5,2,0,2
run883,20260124_025825,6,1,0,1
run883,20260124_025825,7,1,0,1
run883,20260124_025825,8,0,0,0
run883,20260124_025825,9,0,0,0
run883,20260124_025825,10,2,0,2
run883,20260124_025825,11,0,0,0
run883,20260124_025825,12,2,0,2
run883,20260124_025825,13,2,0,2
run883,20260124_025825,14,0,0,0
run883,20260124_025825,15,1323,0,1323
run883,20260124_025825,16,1,0,1
run883,20260124_025825,17,1,0,1
run883,20260124_025825,18,0,0,0
run883,20260124_025825,19,0,0,0
run884,20260124_025915,0,0,0,0
run884,20260124_025915,1,2,0,2
run884,20260124_025915,2,3,0,3
run884,20260124_025915,3,2,0,2
run884,20260124_025915,4,0,0,0
run884,20260124_025915,5,1,0,1
run884,20260124_025915,6,3,0,3
run884,20260124_025915,7,0,0,0
run884,20260124_025915,8,0,0,0
run884,20260124_025915,9,0,0,0
run884,20260124_025915,10,2002,0,2002
run884,20260124_025915,11,1,0,1
run884,20260124_025915,12,3,0,3
run884,20260124_025915,13,0,0,0
run884,20260124_025915,14,1,0,1
run884,20260124_025915,15,2,0,2
run884,20260124_025915,16,1,0,1
run884,20260124_025915,17,0,0,0
run884,20260124_025915,18,0,0,0
run884,20260124_025915,19,0,0,0
run885,20260124_030003,0,0,51,51
run885,20260124_030003,1,5,602,607
run885,20260124_030003,2,1,612,613
run885,20260124_030003,3,0,612,612
run885,20260124_030003,4,1,612,613
run885,20260124_030003,5,1,912,913
run885,20260124_030003,6,3,0,3
run885,20260124_030003,7,1,0,1
run885,20260124_030003,8,0,0,0
run885,20260124_030003,9,0,0,0
run885,20260124_030003,10,2,0,2
run885,20260124_030003,11,0,0,0
run885,20260124_030003,12,2,0,2
run885,20260124_030003,13,4,0,4
run885,20260124_030003,14,3,0,3
run885,20260124_030003,15,2,0,2
run885,20260124_030003,16,3,0,3
run885,20260124_030003,17,1,0,1
run885,20260124_030003,18,0,0,0
run885,20260124_030003,19,0,0,0
run886,20260124_030056,0,1,6,7
run886,20260124_030056,1,0,6,6
run886,20260124_030056,2,1,6,7
run886,20260124_030056,3,1,6,7
run886,20260124_030056,4,0,5,5
run886,20260124_030056,5,1992,0,1992
run886,20260124_030056,6,0,0,0
run886,20260124_030056,7,1,0,1
run886,20260124_030056,8,0,0,0
run886,20260124_030056,9,0,0,0
run886,20260124_030056,10,1,0,1
run886,20260124_030056,11,2,0,2
run886,20260124_030056,12,1,0,1
run886,20260124_030056,13,0,0,0
run886,20260124_030056,14,0,0,0
run886,20260124_030056,15,1,0,1
run886,20260124_030056,16,0,5,5
run886,20260124_030056,17,0,4,4
run886,20260124_030056,18,0,0,0
run886,20260124_030056,19,0,0,0
run887,20260124_030144,0,0,0,0
run887,20260124_030144,1,1,0,1
run887,20260124_030144,2,1,0,1
run887,20260124_030144,3,2,0,2
run887,20260124_030144,4,1,0,1
run887,20260124_030144,5,1,0,1
run887,20260124_030144,6,0,0,0
run887,20260124_030144,7,1,0,1
run887,20260124_030144,8,0,0,0
run887,20260124_030144,9,0,0,0
run887,20260124_030144,10,2,0,2
run887,20260124_030144,11,0,0,0
run887,20260124_030144,12,1,0,1
run887,20260124_030144,13,2000,0,2000
run887,20260124_030144,14,0,0,0
run887,20260124_030144,15,0,0,0
run887,20260124_030144,16,1,0,1
run887,20260124_030144,17,0,0,0
run887,20260124_030144,18,0,0,0
run887,20260124_030144,19,0,0,0
run888,20260124_030232,0,0,0,0
run888,20260124_030232,1,0,0,0
run888,20260124_030232,2,1,0,1
run888,20260124_030232,3,1,0,1
run888,20260124_030232,4,2,0,2
run888,20260124_030232,5,0,0,0
run888,20260124_030232,6,0,0,0
run888,20260124_030232,7,0,0,0
run888,20260124_030232,8,0,0,0
run888,20260124_030232,9,0,0,0
run888,20260124_030232,10,1,0,1
run888,20260124_030232,11,1,0,1
run888,20260124_030232,12,1,0,1
run888,20260124_030232,13,88,0,88
run888,20260124_030232,14,575,0,575
run888,20260124_030232,15,1,0,1
run888,20260124_030232,16,1,0,1
run888,20260124_030232,17,0,0,0
run888,20260124_030232,18,0,0,0
run888,20260124_030232,19,0,0,0
run889,20260124_030320,0,0,0,0
run889,20260124_030320,1,2,0,2
run889,20260124_030320,2,2,0,2
run889,20260124_030320,3,1,0,1
run889,20260124_030320,4,1,0,1
run889,20260124_030320,5,0,0,0
run889,20260124_030320,6,0,0,0
run889,20260124_030320,7,0,0,0
run889,20260124_030320,8,0,0,0
run889,20260124_030320,9,0,0,0
run889,20260124_030320,10,1,0,1
run889,20260124_030320,11,0,0,0
run889,20260124_030320,12,2,0,2
run889,20260124_030320,13,2,0,2
run889,20260124_030320,14,1,0,1
run889,20260124_030320,15,1,0,1
run889,20260124_030320,16,1814,0,1814
run889,20260124_030320,17,0,0,0
run889,20260124_030320,18,0,0,0
run889,20260124_030320,19,0,0,0
run89,20260123_160710,0,0,0,0
run89,20260123_160710,1,2,0,2
run89,20260123_160710,2,1,0,1
run89,20260123_160710,3,3,0,3
run89,20260123_160710,4,0,0,0
run89,20260123_160710,5,1,0,1
run89,20260123_160710,6,1,0,1
run89,20260123_160710,7,1,0,1
run89,20260123_160710,8,0,0,0
run89,20260123_160710,9,0,0,0
run89,20260123_160710,10,0,0,0
run89,20260123_160710,11,2000,0,2000
run89,20260123_160710,12,1,0,1
run89,20260123_160710,13,1,0,1
run89,20260123_160710,14,1,0,1
run89,20260123_160710,15,0,0,0
run89,20260123_160710,16,1,0,1
run89,20260123_160710,17,0,0,0
run89,20260123_160710,18,0,0,0
run89,20260123_160710,19,0,0,0
run890,20260124_030412,0,1,1,2
run890,20260124_030412,1,2,0,2
run890,20260124_030412,2,4,0,4
run890,20260124_030412,3,1,0,1
run890,20260124_030412,4,2000,0,2000
run890,20260124_030412,5,1,0,1
run890,20260124_030412,6,1,0,1
run890,20260124_030412,7,2,0,2
run890,20260124_030412,8,0,0,0
run890,20260124_030412,9,0,0,0
run890,20260124_030412,10,2,0,2
run890,20260124_030412,11,1,0,1
run890,20260124_030412,12,4,0,4
run890,20260124_030412,13,1,0,1
run890,20260124_030412,14,2,0,2
run890,20260124_030412,15,0,0,0
run890,20260124_030412,16,2,0,2
run890,20260124_030412,17,0,0,0
run890,20260124_030412,18,0,0,0
run890,20260124_030412,19,0,0,0
run891,20260124_030502,0,0,0,0
run891,20260124_030502,1,1,0,1
run891,20260124_030502,2,2,0,2
run891,20260124_030502,3,0,0,0
run891,20260124_030502,4,2,0,2
run891,20260124_030502,5,3,0,3
run891,20260124_030502,6,0,0,0
run891,20260124_030502,7,1,0,1
run891,20260124_030502,8,0,0,0
run891,20260124_030502,9,0,0,0
run891,20260124_030502,10,2,0,2
run891,20260124_030502,11,1,0,1
run891,20260124_030502,12,1,0,1
run891,20260124_030502,13,1,0,1
run891,20260124_030502,14,0,0,0
run891,20260124_030502,15,2,0,2
run891,20260124_030502,16,4,0,4
run891,20260124_030502,17,1,0,1
run891,20260124_030502,18,0,0,0
run891,20260124_030502,19,0,0,0
run892,20260124_030552,0,0,0,0
run892,20260124_030552,1,3,0,3
run892,20260124_030552,2,3,0,3
run892,20260124_030552,3,1,0,1
run892,20260124_030552,4,3,0,3
run892,20260124_030552,5,0,0,0
run892,20260124_030552,6,0,0,0
run892,20260124_030552,7,1,0,1
run892,20260124_030552,8,0,0,0
run892,20260124_030552,9,0,0,0
run892,20260124_030552,10,1,0,1
run892,20260124_030552,11,1,0,1
run892,20260124_030552,12,1,0,1
run892,20260124_030552,13,1,0,1
run892,20260124_030552,14,0,0,0
run892,20260124_030552,15,1,0,1
run892,20260124_030552,16,116,0,116
run892,20260124_030552,17,0,0,0
run892,20260124_030552,18,0,0,0
run892,20260124_030552,19,0,0,0
run893,20260124_030644,0,2,0,2
run893,20260124_030644,1,0,0,0
run893,20260124_030644,2,0,0,0
run893,20260124_030644,3,0,0,0
run893,20260124_030644,4,2001,0,2001
run893,20260124_030644,5,1,0,1
run893,20260124_030644,6,0,0,0
run893,20260124_030644,7,1,0,1
run893,20260124_030644,8,0,0,0
run893,20260124_030644,9,0,0,0
run893,20260124_030644,10,0,0,0
run893,20260124_030644,11,0,0,0
run893,20260124_030644,12,1,0,1
run893,20260124_030644,13,0,0,0
run893,20260124_030644,14,2,0,2
run893,20260124_030644,15,2,0,2
run893,20260124_030644,16,3,0,3
run893,20260124_030644,17,2,0,2
run893,20260124_030644,18,0,0,0
run893,20260124_030644,19,0,0,0
run894,20260124_030732,0,0,0,0
run894,20260124_030732,1,1,0,1
run894,20260124_030732,2,0,0,0
run894,20260124_030732,3,0,0,0
run894,20260124_030732,4,2,0,2
run894,20260124_030732,5,1,0,1
run894,20260124_030732,6,2,0,2
run894,20260124_030732,7,1,0,1
run894,20260124_030732,8,0,0,0
run894,20260124_030732,9,0,0,0
run894,20260124_030732,10,1,0,1
run894,20260124_030732,11,1,0,1
run894,20260124_030732,12,1,0,1
run894,20260124_030732,13,0,0,0
run894,20260124_030732,14,2000,0,2000
run894,20260124_030732,15,0,0,0
run894,20260124_030732,16,1,0,1
run894,20260124_030732,17,0,0,0
run894,20260124_030732,18,0,0,0
run894,20260124_030732,19,0,0,0
run895,20260124_030824,0,0,0,0
run895,20260124_030824,1,2,0,2
run895,20260124_030824,2,2,0,2
run895,20260124_030824,3,0,0,0
run895,20260124_030824,4,1,0,1
run895,20260124_030824,5,3,0,3
run895,20260124_030824,6,3,0,3
run895,20260124_030824,7,0,0,0
run895,20260124_030824,8,0,0,0
run895,20260124_030824,9,0,0,0
run895,20260124_030824,10,2,0,2
run895,20260124_030824,11,2,0,2
run895,20260124_030824,12,2,0,2
run895,20260124_030824,13,0,0,0
run895,20260124_030824,14,2,0,2
run895,20260124_030824,15,2001,0,2001
run895,20260124_030824,16,1406,0,1406
run895,20260124_030824,17,0,0,0
run895,20260124_030824,18,0,0,0
run895,20260124_030824,19,0,0,0
run896,20260124_030912,0,1946,25,1971
run896,20260124_030912,1,2,32,34
run896,20260124_030912,2,3,32,35
run896,20260124_030912,3,2,31,33
run896,20260124_030912,4,1,30,31
run896,20260124_030912,5,9,15,24
run896,20260124_030912,6,2,26,28
run896,20260124_030912,7,0,21,21
run896,20260124_030912,8,0,0,0
run896,20260124_030912,9,0,2,2
run896,20260124_030912,10,9,31,40
run896,20260124_030912,11,2,31,33
run896,20260124_030912,12,0,31,31
run896,20260124_030912,13,1,31,32
run896,20260124_030912,14,1,31,32
run896,20260124_030912,15,11,11,22
run896,20260124_030912,16,3,19,22
run896,20260124_030912,17,3,10,13
run896,20260124_030912,18,0,0,0
run896,20260124_030912,19,0,0,0
run897,20260124_031000,0,0,0,0
run897,20260124_031000,1,5,0,5
run897,20260124_031000,2,3,0,3
run897,20260124_031000,3,2,0,2
run897,20260124_031000,4,0,0,0
run897,20260124_031000,5,1,0,1
run897,20260124_031000,6,0,0,0
run897,20260124_031000,7,1,0,1
run897,20260124_031000,8,0,0,0
run897,20260124_031000,9,0,0,0
run897,20260124_031000,10,2,0,2
run897,20260124_031000,11,1,0,1
run897,20260124_031000,12,1,0,1
run897,20260124_031000,13,1,0,1
run897,20260124_031000,14,2,0,2
run897,20260124_031000,15,2000,0,2000
run897,20260124_031000,16,3,0,3
run897,20260124_031000,17,0,0,0
run897,20260124_031000,18,0,0,0
run897,20260124_031000,19,0,0,0
run898,20260124_031048,0,2,0,2
run898,20260124_031048,1,3,0,3
run898,20260124_031048,2,2,0,2
run898,20260124_031048,3,2,0,2
run898,20260124_031048,4,0,0,0
run898,20260124_031048,5,3,0,3
run898,20260124_031048,6,0,0,0
run898,20260124_031048,7,1,0,1
run898,20260124_031048,8,0,0,0
run898,20260124_031048,9,0,0,0
run898,20260124_031048,10,1,0,1
run898,20260124_031048,11,1,0,1
run898,20260124_031048,12,2,0,2
run898,20260124_031048,13,1,0,1
run898,20260124_031048,14,1999,0,1999
run898,20260124_031048,15,1,0,1
run898,20260124_031048,16,0,0,0
run898,20260124_031048,17,1,0,1
run898,20260124_031048,18,0,0,0
run898,20260124_031048,19,0,0,0
run899,20260124_031136,0,1,0,1
run899,20260124_031136,1,1799,0,1799
run899,20260124_031136,2,2,0,2
run899,20260124_031136,3,0,0,0
run899,20260124_031136,4,1,0,1
run899,20260124_031136,5,3,0,3
run899,20260124_031136,6,0,0,0
run899,20260124_031136,7,0,0,0
run899,20260124_031136,8,0,0,0
run899,20260124_031136,9,0,0,0
run899,20260124_031136,10,2,0,2
run899,20260124_031136,11,2,0,2
run899,20260124_031136,12,0,0,0
run899,20260124_031136,13,2,0,2
run899,20260124_031136,14,2,0,2
run899,20260124_031136,15,0,0,0
run899,20260124_031136,16,1,0,1
run899,20260124_031136,17,0,0,0
run899,20260124_031136,18,0,0,0
run899,20260124_031136,19,0,0,0
run9,20260123_150150,0,0,0,0
run9,20260123_150150,1,2001,0,2001
run9,20260123_150150,2,2,0,2
run9,20260123_150150,3,0,0,0
run9,20260123_150150,4,2,0,2
run9,20260123_150150,5,1,0,1
run9,20260123_150150,6,0,0,0
run9,20260123_150150,7,0,0,0
run9,20260123_150150,8,0,0,0
run9,20260123_150150,9,0,0,0
run9,20260123_150150,10,0,0,0
run9,20260123_150150,11,0,0,0
run9,20260123_150150,12,0,0,0
run9,20260123_150150,13,0,0,0
run9,20260123_150150,14,2,0,2
run9,20260123_150150,15,0,0,0
run9,20260123_150150,16,1,0,1
run9,20260123_150150,17,1,0,1
run9,20260123_150150,18,0,0,0
run9,20260123_150150,19,0,0,0
run90,20260123_160802,0,0,0,0
run90,20260123_160802,1,4,0,4
run90,20260123_160802,2,1,0,1
run90,20260123_160802,3,0,0,0
run90,20260123_160802,4,0,0,0
run90,20260123_160802,5,2,0,2
run90,20260123_160802,6,0,0,0
run90,20260123_160802,7,1,0,1
run90,20260123_160802,8,0,0,0
run90,20260123_160802,9,0,0,0
run90,20260123_160802,10,0,0,0
run90,20260123_160802,11,3,0,3
run90,20260123_160802,12,1,0,1
run90,20260123_160802,13,1,0,1
run90,20260123_160802,14,0,0,0
run90,20260123_160802,15,1,0,1
run90,20260123_160802,16,1,0,1
run90,20260123_160802,17,1,0,1
run90,20260123_160802,18,0,0,0
run90,20260123_160802,19,0,0,0
run900,20260124_031226,0,1,0,1
run900,20260124_031226,1,3,0,3
run900,20260124_031226,2,0,0,0
run900,20260124_031226,3,2000,0,2000
run900,20260124_031226,4,1,0,1
run900,20260124_031226,5,2,0,2
run900,20260124_031226,6,0,1,1
run900,20260124_031226,7,1,1,2
run900,20260124_031226,8,0,0,0
run900,20260124_031226,9,0,0,0
run900,20260124_031226,10,1,1,2
run900,20260124_031226,11,1,1,2
run900,20260124_031226,12,0,1,1
run900,20260124_031226,13,0,1,1
run900,20260124_031226,14,0,1,1
run900,20260124_031226,15,0,0,0
run900,20260124_031226,16,1,0,1
run900,20260124_031226,17,1,0,1
run900,20260124_031226,18,0,0,0
run900,20260124_031226,19,0,0,0
run901,20260124_031314,0,2,0,2
run901,20260124_031314,1,1,0,1
run901,20260124_031314,2,2000,0,2000
run901,20260124_031314,3,1,0,1
run901,20260124_031314,4,3,0,3
run901,20260124_031314,5,2,0,2
run901,20260124_031314,6,1,0,1
run901,20260124_031314,7,0,0,0
run901,20260124_031314,8,0,0,0
run901,20260124_031314,9,0,0,0
run901,20260124_031314,10,1,0,1
run901,20260124_031314,11,3,0,3
run901,20260124_031314,12,0,0,0
run901,20260124_031314,13,2,0,2
run901,20260124_031314,14,3,0,3
run901,20260124_031314,15,2,0,2
run901,20260124_031314,16,0,0,0
run901,20260124_031314,17,0,0,0
run901,20260124_031314,18,0,0,0
run901,20260124_031314,19,0,0,0
run902,20260124_031406,0,1,0,1
run902,20260124_031406,1,2003,0,2003
run902,20260124_031406,2,1,0,1
run902,20260124_031406,3,1,0,1
run902,20260124_031406,4,2,0,2
run902,20260124_031406,5,1,0,1
run902,20260124_031406,6,0,0,0
run902,20260124_031406,7,0,0,0
run902,20260124_031406,8,0,0,0
run902,20260124_031406,9,0,0,0
run902,20260124_031406,10,0,0,0
run902,20260124_031406,11,1,0,1
run902,20260124_031406,12,0,0,0
run902,20260124_031406,13,2,0,2
run902,20260124_031406,14,3,0,3
run902,20260124_031406,15,1,0,1
run902,20260124_031406,16,2,0,2
run902,20260124_031406,17,2,0,2
run902,20260124_031406,18,0,0,0
run902,20260124_031406,19,0,0,0
run903,20260124_031454,0,1,0,1
run903,20260124_031454,1,2,0,2
run903,20260124_031454,2,3,0,3
run903,20260124_031454,3,1,0,1
run903,20260124_031454,4,2,0,2
run903,20260124_031454,5,1,0,1
run903,20260124_031454,6,1,0,1
run903,20260124_031454,7,1,0,1
run903,20260124_031454,8,0,0,0
run903,20260124_031454,9,0,0,0
run903,20260124_031454,10,1,0,1
run903,20260124_031454,11,2,0,2
run903,20260124_031454,12,1,0,1
run903,20260124_031454,13,1,0,1
run903,20260124_031454,14,0,0,0
run903,20260124_031454,15,1,0,1
run903,20260124_031454,16,2,0,2
run903,20260124_031454,17,0,0,0
run903,20260124_031454,18,0,0,0
run903,20260124_031454,19,0,0,0
run904,20260124_031544,0,0,0,0
run904,20260124_031544,1,0,0,0
run904,20260124_031544,2,2,0,2
run904,20260124_031544,3,1,0,1
run904,20260124_031544,4,1,0,1
run904,20260124_031544,5,1997,0,1997
run904,20260124_031544,6,1,0,1
run904,20260124_031544,7,1,0,1
run904,20260124_031544,8,0,0,0
run904,20260124_031544,9,0,0,0
run904,20260124_031544,10,0,0,0
run904,20260124_031544,11,2,0,2
run904,20260124_031544,12,2,0,2
run904,20260124_031544,13,3,0,3
run904,20260124_031544,14,2,0,2
run904,20260124_031544,15,3,0,3
run904,20260124_031544,16,2,0,2
run904,20260124_031544,17,1,0,1
run904,20260124_031544,18,0,0,0
run904,20260124_031544,19,0,0,0
run905,20260124_031632,0,0,0,0
run905,20260124_031632,1,3,0,3
run905,20260124_031632,2,4,0,4
run905,20260124_031632,3,2,0,2
run905,20260124_031632,4,1,0,1
run905,20260124_031632,5,0,0,0
run905,20260124_031632,6,3,0,3
run905,20260124_031632,7,0,0,0
run905,20260124_031632,8,0,0,0
run905,20260124_031632,9,0,0,0
run905,20260124_031632,10,0,0,0
run905,20260124_031632,11,0,0,0
run905,20260124_031632,12,3,0,3
run905,20260124_031632,13,0,0,0
run905,20260124_031632,14,2,0,2
run905,20260124_031632,15,0,0,0
run905,20260124_031632,16,0,0,0
run905,20260124_031632,17,0,0,0
run905,20260124_031632,18,0,0,0
run905,20260124_031632,19,0,0,0
run906,20260124_031722,0,853,34,887
run906,20260124_031722,1,1078,39,1117
run906,20260124_031722,2,2,38,40
run906,20260124_031722,3,0,38,38
run906,20260124_031722,4,1,39,40
run906,20260124_031722,5,18,14,32
run906,20260124_031722,6,2,34,36
run906,20260124_031722,7,0,19,19
run906,20260124_031722,8,0,0,0
run906,20260124_031722,9,0,2,2
run906,20260124_031722,10,10,35,45
run906,20260124_031722,11,0,35,35
run906,20260124_031722,12,1,36,37
run906,20260124_031722,13,0,35,35
run906,20260124_031722,14,2,36,38
run906,20260124_031722,15,11,11,22
run906,20260124_031722,16,4,31,35
run906,20260124_031722,17,0,12,12
run906,20260124_031722,18,0,0,0
run906,20260124_031722,19,0,0,0
run907,20260124_031810,0,1,0,1
run907,20260124_031810,1,1,0,1
run907,20260124_031810,2,2,0,2
run907,20260124_031810,3,1,0,1
run907,20260124_031810,4,0,0,0
run907,20260124_031810,5,1470,0,1470
run907,20260124_031810,6,0,0,0
run907,20260124_031810,7,1,0,1
run907,20260124_031810,8,0,0,0
run907,20260124_031810,9,0,0,0
run907,20260124_031810,10,0,0,0
run907,20260124_031810,11,1,0,1
run907,20260124_031810,12,1,0,1
run907,20260124_031810,13,0,0,0
run907,20260124_031810,14,1,0,1
run907,20260124_031810,15,1,0,1
run907,20260124_031810,16,2,0,2
run907,20260124_031810,17,0,0,0
run907,20260124_031810,18,0,0,0
run907,20260124_031810,19,0,0,0
run908,20260124_031858,0,1,0,1
run908,20260124_031858,1,3,0,3
run908,20260124_031858,2,3,0,3
run908,20260124_031858,3,1,0,1
run908,20260124_031858,4,2,0,2
run908,20260124_031858,5,4,964,968
run908,20260124_031858,6,3,0,3
run908,20260124_031858,7,2,0,2
run908,20260124_031858,8,0,0,0
run908,20260124_031858,9,0,0,0
run908,20260124_031858,10,2,0,2
run908,20260124_031858,11,0,0,0
run908,20260124_031858,12,1,0,1
run908,20260124_031858,13,1,0,1
run908,20260124_031858,14,2,0,2
run908,20260124_031858,15,1,0,1
run908,20260124_031858,16,0,0,0
run908,20260124_031858,17,0,0,0
run908,20260124_031858,18,0,0,0
run908,20260124_031858,19,0,0,0
run909,20260124_031950,0,0,1,1
run909,20260124_031950,1,1,1,2
run909,20260124_031950,2,4,0,4
run909,20260124_031950,3,1,0,1
run909,20260124_031950,4,1,0,1
run909,20260124_031950,5,1,1,2
run909,20260124_031950,6,1,0,1
run909,20260124_031950,7,2,0,2
run909,20260124_031950,8,0,0,0
run909,20260124_031950,9,0,0,0
run909,20260124_031950,10,0,0,0
run909,20260124_031950,11,1,0,1
run909,20260124_031950,12,2000,0,2000
run909,20260124_031950,13,0,0,0
run909,20260124_031950,14,2,0,2
run909,20260124_031950,15,0,0,0
run909,20260124_031950,16,2,1,3
run909,20260124_031950,17,0,1,1
run909,20260124_031950,18,0,0,0
run909,20260124_031950,19,0,0,0
run91,20260123_160850,0,0,0,0
run91,20260123_160850,1,1,0,1
run91,20260123_160850,2,4,0,4
run91,20260123_160850,3,2,0,2
run91,20260123_160850,4,1,0,1
run91,20260123_160850,5,1,0,1
run91,20260123_160850,6,1,0,1
run91,20260123_160850,7,2,0,2
run91,20260123_160850,8,0,0,0
run91,20260123_160850,9,0,0,0
run91,20260123_160850,10,1,0,1
run91,20260123_160850,11,0,0,0
run91,20260123_160850,12,2000,0,2000
run91,20260123_160850,13,0,0,0
run91,20260123_160850,14,2,0,2
run91,20260123_160850,15,0,0,0
run91,20260123_160850,16,0,0,0
run91,20260123_160850,17,0,0,0
run91,20260123_160850,18,0,0,0
run91,20260123_160850,19,0,0,0
run910,20260124_032038,0,0,0,0
run910,20260124_032038,1,0,0,0
run910,20260124_032038,2,1,0,1
run910,20260124_032038,3,0,0,0
run910,20260124_032038,4,1,0,1
run910,20260124_032038,5,1,0,1
run910,20260124_032038,6,1,0,1
run910,20260124_032038,7,0,0,0
run910,20260124_032038,8,0,0,0
run910,20260124_032038,9,0,0,0
run910,20260124_032038,10,0,0,0
run910,20260124_032038,11,2,0,2
run910,20260124_032038,12,1,0,1
run910,20260124_032038,13,2001,0,2001
run910,20260124_032038,14,1,0,1
run910,20260124_032038,15,1,0,1
run910,20260124_032038,16,2,0,2
run910,20260124_032038,17,0,0,0
run910,20260124_032038,18,0,0,0
run910,20260124_032038,19,0,0,0
run911,20260124_032126,0,1,0,1
run911,20260124_032126,1,0,0,0
run911,20260124_032126,2,1,0,1
run911,20260124_032126,3,0,0,0
run911,20260124_032126,4,2,0,2
run911,20260124_032126,5,3,0,3
run911,20260124_032126,6,0,0,0
run911,20260124_032126,7,1973,0,1973
run911,20260124_032126,8,0,0,0
run911,20260124_032126,9,0,0,0
run911,20260124_032126,10,1,0,1
run911,20260124_032126,11,0,0,0
run911,20260124_032126,12,0,0,0
run911,20260124_032126,13,1,0,1
run911,20260124_032126,14,2,0,2
run911,20260124_032126,15,2,0,2
run911,20260124_032126,16,2,0,2
run911,20260124_032126,17,0,0,0
run911,20260124_032126,18,0,0,0
run911,20260124_032126,19,0,0,0
run912,20260124_032214,0,0,0,0
run912,20260124_032214,1,2,0,2
run912,20260124_032214,2,3,0,3
run912,20260124_032214,3,0,0,0
run912,20260124_032214,4,1,0,1
run912,20260124_032214,5,0,0,0
run912,20260124_032214,6,0,0,0
run912,20260124_032214,7,0,0,0
run912,20260124_032214,8,0,0,0
run912,20260124_032214,9,0,0,0
run912,20260124_032214,10,0,0,0
run912,20260124_032214,11,1,0,1
run912,20260124_032214,12,1,0,1
run912,20260124_032214,13,1,0,1
run912,20260124_032214,14,3,0,3
run912,20260124_032214,15,1,0,1
run912,20260124_032214,16,1,0,1
run912,20260124_032214,17,0,0,0
run912,20260124_032214,18,0,0,0
run912,20260124_032214,19,0,0,0
run913,20260124_032302,0,0,0,0
run913,20260124_032302,1,6,0,6
run913,20260124_032302,2,2,0,2
run913,20260124_032302,3,4,0,4
run913,20260124_032302,4,0,0,0
run913,20260124_032302,5,0,0,0
run913,20260124_032302,6,2,16,18
run913,20260124_032302,7,0,18,18
run913,20260124_032302,8,0,0,0
run913,20260124_032302,9,0,0,0
run913,20260124_032302,10,3,18,21
run913,20260124_032302,11,1,18,19
run913,20260124_032302,12,2,18,20
run913,20260124_032302,13,2,18,20
run913,20260124_032302,14,3,18,21
run913,20260124_032302,15,1,0,1
run913,20260124_032302,16,4,0,4
run913,20260124_032302,17,18,0,18
run913,20260124_032302,18,0,0,0
run913,20260124_032302,19,0,0,0
run914,20260124_032350,0,1,0,1
run914,20260124_032350,1,2000,0,2000
run914,20260124_032350,2,4,0,4
run914,20260124_032350,3,0,0,0
run914,20260124_032350,4,3,0,3
run914,20260124_032350,5,4,0,4
run914,20260124_032350,6,3,0,3
run914,20260124_032350,7,1,0,1
run914,20260124_032350,8,0,0,0
run914,20260124_032350,9,0,0,0
run914,20260124_032350,10,1,0,1
run914,20260124_032350,11,4,0,4
run914,20260124_032350,12,0,0,0
run914,20260124_032350,13,4,0,4
run914,20260124_032350,14,3,0,3
run914,20260124_032350,15,0,0,0
run914,20260124_032350,16,1,0,1
run914,20260124_032350,17,0,0,0
run914,20260124_032350,18,0,0,0
run914,20260124_032350,19,0,0,0
run915,20260124_032440,0,1,0,1
run915,20260124_032440,1,3,0,3
run915,20260124_032440,2,1,0,1
run915,20260124_032440,3,2,0,2
run915,20260124_032440,4,0,0,0
run915,20260124_032440,5,3,0,3
run915,20260124_032440,6,0,0,0
run915,20260124_032440,7,0,0,0
run915,20260124_032440,8,0,0,0
run915,20260124_032440,9,0,0,0
run915,20260124_032440,10,1,0,1
run915,20260124_032440,11,0,0,0
run915,20260124_032440,12,1,0,1
run915,20260124_032440,13,0,0,0
run915,20260124_032440,14,1,0,1
run915,20260124_032440,15,1,0,1
run915,20260124_032440,16,3,0,3
run915,20260124_032440,17,2,0,2
run915,20260124_032440,18,0,0,0
run915,20260124_032440,19,0,0,0
run916,20260124_032529,0,4,3,7
run916,20260124_032529,1,1,4,5
run916,20260124_032529,2,2,3,5
run916,20260124_032529,3,1,3,4
run916,20260124_032529,4,1,3,4
run916,20260124_032529,5,2,1,3
run916,20260124_032529,6,1,0,1
run916,20260124_032529,7,3,0,3
run916,20260124_032529,8,0,1,1
run916,20260124_032529,9,0,3,3
run916,20260124_032529,10,3,0,3
run916,20260124_032529,11,1,0,1
run916,20260124_032529,12,2,0,2
run916,20260124_032529,13,1519,0,1519
run916,20260124_032529,14,1,0,1
run916,20260124_032529,15,1,1,2
run916,20260124_032529,16,4,1,5
run916,20260124_032529,17,1,2,3
run916,20260124_032529,18,0,0,0
run916,20260124_032529,19,0,1,1
run916,20260124_032530,0,4,3,7
run916,20260124_032530,1,1,4,5
run916,20260124_032530,2,2,3,5
run916,20260124_032530,3,1,3,4
run916,20260124_032530,4,1,3,4
run916,20260124_032530,5,2,1,3
run916,20260124_032530,6,1,0,1
run916,20260124_032530,7,3,0,3
run916,20260124_032530,8,0,1,1
run916,20260124_032530,9,0,3,3
run916,20260124_032530,10,3,0,3
run916,20260124_032530,11,1,0,1
run916,20260124_032530,12,2,0,2
run916,20260124_032530,13,1519,0,1519
run916,20260124_032530,14,1,0,1
run916,20260124_032530,15,1,1,2
run916,20260124_032530,16,4,1,5
run916,20260124_032530,17,1,2,3
run916,20260124_032530,18,0,0,0
run916,20260124_032530,19,0,1,1
run917,20260124_032617,0,1,0,1
run917,20260124_032617,1,1,0,1
run917,20260124_032617,2,3,0,3
run917,20260124_032617,3,0,0,0
run917,20260124_032617,4,1,0,1
run917,20260124_032617,5,3,0,3
run917,20260124_032617,6,2,0,2
run917,20260124_032617,7,0,0,0
run917,20260124_032617,8,0,0,0
run917,20260124_032617,9,0,0,0
run917,20260124_032617,10,1,0,1
run917,20260124_032617,11,1,0,1
run917,20260124_032617,12,1007,0,1007
run917,20260124_032617,13,2000,0,2000
run917,20260124_032617,14,0,0,0
run917,20260124_032617,15,1,0,1
run917,20260124_032617,16,1,0,1
run917,20260124_032617,17,1,0,1
run917,20260124_032617,18,0,0,0
run917,20260124_032617,19,0,0,0
run918,20260124_032705,0,1,0,1
run918,20260124_032705,1,2,0,2
run918,20260124_032705,2,1,0,1
run918,20260124_032705,3,1,0,1
run918,20260124_032705,4,1,0,1
run918,20260124_032705,5,0,0,0
run918,20260124_032705,6,0,0,0
run918,20260124_032705,7,1,0,1
run918,20260124_032705,8,0,0,0
run918,20260124_032705,9,0,0,0
run918,20260124_032705,10,222,0,222
run918,20260124_032705,11,1,0,1
run918,20260124_032705,12,1,0,1
run918,20260124_032705,13,1,0,1
run918,20260124_032705,14,2,0,2
run918,20260124_032705,15,3,0,3
run918,20260124_032705,16,2,0,2
run918,20260124_032705,17,0,0,0
run918,20260124_032705,18,0,0,0
run918,20260124_032705,19,0,0,0
run919,20260124_032753,0,1,0,1
run919,20260124_032753,1,1999,0,1999
run919,20260124_032753,2,3,0,3
run919,20260124_032753,3,2,0,2
run919,20260124_032753,4,0,0,0
run919,20260124_032753,5,2,0,2
run919,20260124_032753,6,0,0,0
run919,20260124_032753,7,1,0,1
run919,20260124_032753,8,0,0,0
run919,20260124_032753,9,0,0,0
run919,20260124_032753,10,3,0,3
run919,20260124_032753,11,4,0,4
run919,20260124_032753,12,2,0,2
run919,20260124_032753,13,2,0,2
run919,20260124_032753,14,0,0,0
run919,20260124_032753,15,1,0,1
run919,20260124_032753,16,2,0,2
run919,20260124_032753,17,0,0,0
run919,20260124_032753,18,0,0,0
run919,20260124_032753,19,0,0,0
run92,20260123_160938,0,1,0,1
run92,20260123_160938,1,3,1,4
run92,20260123_160938,2,1,0,1
run92,20260123_160938,3,1,0,1
run92,20260123_160938,4,2,0,2
run92,20260123_160938,5,3,0,3
run92,20260123_160938,6,1,0,1
run92,20260123_160938,7,0,0,0
run92,20260123_160938,8,0,1,1
run92,20260123_160938,9,0,0,0
run92,20260123_160938,10,2,0,2
run92,20260123_160938,11,0,1,1
run92,20260123_160938,12,0,0,0
run92,20260123_160938,13,3,1,4
run92,20260123_160938,14,0,1,1
run92,20260123_160938,15,1,0,1
run92,20260123_160938,16,3,0,3
run92,20260123_160938,17,2,0,2
run92,20260123_160938,18,0,1,1
run92,20260123_160938,19,0,1,1
run920,20260124_032841,0,1,0,1
run920,20260124_032841,1,2000,0,2000
run920,20260124_032841,2,2,0,2
run920,20260124_032841,3,3,0,3
run920,20260124_032841,4,3,0,3
run920,20260124_032841,5,5,0,5
run920,20260124_032841,6,1,0,1
run920,20260124_032841,7,2,0,2
run920,20260124_032841,8,0,0,0
run920,20260124_032841,9,0,0,0
run920,20260124_032841,10,1,0,1
run920,20260124_032841,11,2,0,2
run920,20260124_032841,12,1,0,1
run920,20260124_032841,13,1,0,1
run920,20260124_032841,14,0,0,0
run920,20260124_032841,15,0,0,0
run920,20260124_032841,16,4,0,4
run920,20260124_032841,17,0,0,0
run920,20260124_032841,18,0,0,0
run920,20260124_032841,19,0,0,0
run921,20260124_032929,0,2,466,468
run921,20260124_032929,1,0,453,453
run921,20260124_032929,2,1,451,452
run921,20260124_032929,3,0,451,451
run921,20260124_032929,4,1,451,452
run921,20260124_032929,5,1,1,2
run921,20260124_032929,6,2,0,2
run921,20260124_032929,7,1,0,1
run921,20260124_032929,8,0,1,1
run921,20260124_032929,9,0,1,1
run921,20260124_032929,10,22,0,22
run921,20260124_032929,11,11,0,11
run921,20260124_032929,12,1,2,3
run921,20260124_032929,13,1,1,2
run921,20260124_032929,14,1,0,1
run921,20260124_032929,15,3,143,146
run921,20260124_032929,16,3,843,846
run921,20260124_032929,17,1,876,877
run921,20260124_032929,18,0,0,0
run921,20260124_032929,19,3,377,380
run922,20260124_033019,0,0,0,0
run922,20260124_033019,1,1,0,1
run922,20260124_033019,2,5,0,5
run922,20260124_033019,3,0,0,0
run922,20260124_033019,4,1,0,1
run922,20260124_033019,5,3,2,5
run922,20260124_033019,6,1,0,1
run922,20260124_033019,7,0,0,0
run922,20260124_033019,8,0,0,0
run922,20260124_033019,9,0,0,0
run922,20260124_033019,10,0,0,0
run922,20260124_033019,11,0,0,0
run922,20260124_033019,12,1,0,1
run922,20260124_033019,13,1,0,1
run922,20260124_033019,14,1,0,1
run922,20260124_033019,15,1,0,1
run922,20260124_033019,16,4,0,4
run922,20260124_033019,17,0,0,0
run922,20260124_033019,18,0,0,0
run922,20260124_033019,19,0,0,0
run923,20260124_033107,0,1,0,1
run923,20260124_033107,1,3,0,3
run923,20260124_033107,2,4,0,4
run923,20260124_033107,3,1,0,1
run923,20260124_033107,4,0,0,0
run923,20260124_033107,5,0,0,0
run923,20260124_033107,6,0,0,0
run923,20260124_033107,7,0,0,0
run923,20260124_033107,8,0,0,0
run923,20260124_033107,9,0,0,0
run923,20260124_033107,10,3,0,3
run923,20260124_033107,11,1,0,1
run923,20260124_033107,12,2000,0,2000
run923,20260124_033107,13,3,0,3
run923,20260124_033107,14,2,0,2
run923,20260124_033107,15,1,0,1
run923,20260124_033107,16,1,0,1
run923,20260124_033107,17,0,0,0
run923,20260124_033107,18,0,0,0
run923,20260124_033107,19,0,0,0
run924,20260124_033157,0,0,0,0
run924,20260124_033157,1,2,0,2
run924,20260124_033157,2,2,0,2
run924,20260124_033157,3,1,0,1
run924,20260124_033157,4,1,0,1
run924,20260124_033157,5,2000,0,2000
run924,20260124_033157,6,0,0,0
run924,20260124_033157,7,0,0,0
run924,20260124_033157,8,0,0,0
run924,20260124_033157,9,0,0,0
run924,20260124_033157,10,1,0,1
run924,20260124_033157,11,0,0,0
run924,20260124_033157,12,0,0,0
run924,20260124_033157,13,0,0,0
run924,20260124_033157,14,1,0,1
run924,20260124_033157,15,1,0,1
run924,20260124_033157,16,2,0,2
run924,20260124_033157,17,3,0,3
run924,20260124_033157,18,0,0,0
run924,20260124_033157,19,0,0,0
run925,20260124_033247,0,2,1,3
run925,20260124_033247,1,1,1,2
run925,20260124_033247,2,1999,1,2000
run925,20260124_033247,3,2,1,3
run925,20260124_033247,4,2,1,3
run925,20260124_033247,5,0,0,0
run925,20260124_033247,6,0,0,0
run925,20260124_033247,7,0,0,0
run925,20260124_033247,8,0,0,0
run925,20260124_033247,9,0,0,0
run925,20260124_033247,10,0,0,0
run925,20260124_033247,11,1,0,1
run925,20260124_033247,12,1,0,1
run925,20260124_033247,13,0,0,0
run925,20260124_033247,14,2,0,2
run925,20260124_033247,15,3,0,3
run925,20260124_033247,16,2,1,3
run925,20260124_033247,17,0,0,0
run925,20260124_033247,18,0,0,0
run925,20260124_033247,19,0,0,0
run926,20260124_033335,0,2,0,2
run926,20260124_033335,1,0,0,0
run926,20260124_033335,2,0,0,0
run926,20260124_033335,3,2000,0,2000
run926,20260124_033335,4,1,0,1
run926,20260124_033335,5,1,0,1
run926,20260124_033335,6,0,0,0
run926,20260124_033335,7,1,0,1
run926,20260124_033335,8,0,0,0
run926,20260124_033335,9,0,0,0
run926,20260124_033335,10,1,0,1
run926,20260124_033335,11,0,0,0
run926,20260124_033335,12,0,0,0
run926,20260124_033335,13,0,0,0
run926,20260124_033335,14,1,0,1
run926,20260124_033335,15,0,0,0
run926,20260124_033335,16,2,0,2
run926,20260124_033335,17,0,0,0
run926,20260124_033335,18,0,0,0
run926,20260124_033335,19,0,0,0
run927,20260124_033425,0,0,0,0
run927,20260124_033425,1,1,0,1
run927,20260124_033425,2,1,0,1
run927,20260124_033425,3,1,0,1
run927,20260124_033425,4,2,0,2
run927,20260124_033425,5,2,0,2
run927,20260124_033425,6,0,0,0
run927,20260124_033425,7,0,0,0
run927,20260124_033425,8,0,0,0
run927,20260124_033425,9,0,0,0
run927,20260124_033425,10,1901,0,1901
run927,20260124_033425,11,1,0,1
run927,20260124_033425,12,99,0,99
run927,20260124_033425,13,2,0,2
run927,20260124_033425,14,1,0,1
run927,20260124_033425,15,1,0,1
run927,20260124_033425,16,2,0,2
run927,20260124_033425,17,0,0,0
run927,20260124_033425,18,0,0,0
run927,20260124_033425,19,0,0,0
run928,20260124_033514,0,0,0,0
run928,20260124_033514,1,1,1,2
run928,20260124_033514,2,0,1,1
run928,20260124_033514,3,4,1,5
run928,20260124_033514,4,1,1,2
run928,20260124_033514,5,1,2,3
run928,20260124_033514,6,2,0,2
run928,20260124_033514,7,2,1,3
run928,20260124_033514,8,0,0,0
run928,20260124_033514,9,0,0,0
run928,20260124_033514,10,1,0,1
run928,20260124_033514,11,2,0,2
run928,20260124_033514,12,0,0,0
run928,20260124_033514,13,0,0,0
run928,20260124_033514,14,0,1,1
run928,20260124_033514,15,0,0,0
run928,20260124_033514,16,1,0,1
run928,20260124_033514,17,0,0,0
run928,20260124_033514,18,0,0,0
run928,20260124_033514,19,0,0,0
run929,20260124_033601,0,0,1,1
run929,20260124_033601,1,5,1,6
run929,20260124_033601,2,3,1,4
run929,20260124_033601,3,1,1,2
run929,20260124_033601,4,0,1,1
run929,20260124_033601,5,2,0,2
run929,20260124_033601,6,0,0,0
run929,20260124_033601,7,0,0,0
run929,20260124_033601,8,0,0,0
run929,20260124_033601,9,0,0,0
run929,20260124_033601,10,0,0,0
run929,20260124_033601,11,1,0,1
run929,20260124_033601,12,1,0,1
run929,20260124_033601,13,0,0,0
run929,20260124_033601,14,2,0,2
run929,20260124_033601,15,1,0,1
run929,20260124_033601,16,1,1,2
run929,20260124_033601,17,0,1,1
run929,20260124_033601,18,0,0,0
run929,20260124_033601,19,0,0,0
run93,20260123_161026,0,0,0,0
run93,20260123_161026,1,0,1,1
run93,20260123_161026,2,2,0,2
run93,20260123_161026,3,0,0,0
run93,20260123_161026,4,3,0,3
run93,20260123_161026,5,1,0,1
run93,20260123_161026,6,1,0,1
run93,20260123_161026,7,1,0,1
run93,20260123_161026,8,0,0,0
run93,20260123_161026,9,0,0,0
run93,20260123_161026,10,1,0,1
run93,20260123_161026,11,1,0,1
run93,20260123_161026,12,1,0,1
run93,20260123_161026,13,1,1,2
run93,20260123_161026,14,0,1,1
run93,20260123_161026,15,1,1,2
run93,20260123_161026,16,0,0,0
run93,20260123_161026,17,0,0,0
run93,20260123_161026,18,0,0,0
run93,20260123_161026,19,0,0,0
run930,20260124_033651,0,0,0,0
run930,20260124_033651,1,2,0,2
run930,20260124_033651,2,1,0,1
run930,20260124_033651,3,1,0,1
run930,20260124_033651,4,2,0,2
run930,20260124_033651,5,1,0,1
run930,20260124_033651,6,2,0,2
run930,20260124_033651,7,0,0,0
run930,20260124_033651,8,0,0,0
run930,20260124_033651,9,0,0,0
run930,20260124_033651,10,0,0,0
run930,20260124_033651,11,2000,0,2000
run930,20260124_033651,12,0,0,0
run930,20260124_033651,13,0,0,0
run930,20260124_033651,14,0,0,0
run930,20260124_033651,15,0,0,0
run930,20260124_033651,16,3,0,3
run930,20260124_033651,17,0,0,0
run930,20260124_033651,18,0,0,0
run930,20260124_033651,19,0,0,0
run931,20260124_033739,0,0,1,1
run931,20260124_033739,1,2,1,3
run931,20260124_033739,2,2,1,3
run931,20260124_033739,3,1,1,2
run931,20260124_033739,4,0,1,1
run931,20260124_033739,5,2,2,4
run931,20260124_033739,6,0,0,0
run931,20260124_033739,7,1,0,1
run931,20260124_033739,8,0,0,0
run931,20260124_033739,9,0,0,0
run931,20260124_033739,10,1,0,1
run931,20260124_033739,11,0,0,0
run931,20260124_033739,12,2,0,2
run931,20260124_033739,13,1,0,1
run931,20260124_033739,14,1999,0,1999
run931,20260124_033739,15,2,0,2
run931,20260124_033739,16,1,1,2
run931,20260124_033739,17,0,1,1
run931,20260124_033739,18,0,0,0
run931,20260124_033739,19,0,0,0
run932,20260124_033827,0,1945,22,1967
run932,20260124_033827,1,1,26,27
run932,20260124_033827,2,1,25,26
run932,20260124_033827,3,0,25,25
run932,20260124_033827,4,2,25,27
run932,20260124_033827,5,6,13,19
run932,20260124_033827,6,0,23,23
run932,20260124_033827,7,0,17,17
run932,20260124_033827,8,0,0,0
run932,20260124_033827,9,0,0,0
run932,20260124_033827,10,10,25,35
run932,20260124_033827,11,1,25,26
run932,20260124_033827,12,0,24,24
run932,20260124_033827,13,0,25,25
run932,20260124_033827,14,1,26,27
run932,20260124_033827,15,11,11,22
run932,20260124_033827,16,3,18,21
run932,20260124_033827,17,4,8,12
run932,20260124_033827,18,0,0,0
run932,20260124_033827,19,0,0,0
run933,20260124_033915,0,0,0,0
run933,20260124_033915,1,1,0,1
run933,20260124_033915,2,2,0,2
run933,20260124_033915,3,2,0,2
run933,20260124_033915,4,1,0,1
run933,20260124_033915,5,1,0,1
run933,20260124_033915,6,0,0,0
run933,20260124_033915,7,0,0,0
run933,20260124_033915,8,0,0,0
run933,20260124_033915,9,0,0,0
run933,20260124_033915,10,1,0,1
run933,20260124_033915,11,0,0,0
run933,20260124_033915,12,2001,0,2001
run933,20260124_033915,13,1,0,1
run933,20260124_033915,14,3,0,3
run933,20260124_033915,15,1,0,1
run933,20260124_033915,16,3,0,3
run933,20260124_033915,17,0,0,0
run933,20260124_033915,18,0,0,0
run933,20260124_033915,19,0,0,0
run934,20260124_034003,0,0,0,0
run934,20260124_034003,1,1,0,1
run934,20260124_034003,2,1,0,1
run934,20260124_034003,3,2,0,2
run934,20260124_034003,4,4,0,4
run934,20260124_034003,5,2,0,2
run934,20260124_034003,6,1,0,1
run934,20260124_034003,7,2000,0,2000
run934,20260124_034003,8,0,0,0
run934,20260124_034003,9,0,0,0
run934,20260124_034003,10,1,0,1
run934,20260124_034003,11,0,0,0
run934,20260124_034003,12,2,0,2
run934,20260124_034003,13,0,0,0
run934,20260124_034003,14,4,0,4
run934,20260124_034003,15,3,0,3
run934,20260124_034003,16,0,0,0
run934,20260124_034003,17,0,0,0
run934,20260124_034003,18,0,0,0
run934,20260124_034003,19,0,0,0
run935,20260124_034053,0,1,0,1
run935,20260124_034053,1,2,0,2
run935,20260124_034053,2,4,0,4
run935,20260124_034053,3,0,0,0
run935,20260124_034053,4,2,0,2
run935,20260124_034053,5,2,0,2
run935,20260124_034053,6,0,0,0
run935,20260124_034053,7,0,0,0
run935,20260124_034053,8,0,0,0
run935,20260124_034053,9,0,0,0
run935,20260124_034053,10,0,0,0
run935,20260124_034053,11,1,0,1
run935,20260124_034053,12,1,0,1
run935,20260124_034053,13,3,0,3
run935,20260124_034053,14,2,0,2
run935,20260124_034053,15,3,0,3
run935,20260124_034053,16,2,0,2
run935,20260124_034053,17,0,0,0
run935,20260124_034053,18,0,0,0
run935,20260124_034053,19,0,0,0
run936,20260124_034141,0,1,0,1
run936,20260124_034141,1,4,0,4
run936,20260124_034141,2,2,0,2
run936,20260124_034141,3,1,0,1
run936,20260124_034141,4,2,0,2
run936,20260124_034141,5,4,0,4
run936,20260124_034141,6,1,0,1
run936,20260124_034141,7,1,0,1
run936,20260124_034141,8,0,0,0
run936,20260124_034141,9,0,0,0
run936,20260124_034141,10,2,0,2
run936,20260124_034141,11,1,0,1
run936,20260124_034141,12,2,0,2
run936,20260124_034141,13,2,0,2
run936,20260124_034141,14,3,0,3
run936,20260124_034141,15,2000,0,2000
run936,20260124_034141,16,3,0,3
run936,20260124_034141,17,0,0,0
run936,20260124_034141,18,0,0,0
run936,20260124_034141,19,0,0,0
run937,20260124_034229,0,2,0,2
run937,20260124_034229,1,1,0,1
run937,20260124_034229,2,2,0,2
run937,20260124_034229,3,1,0,1
run937,20260124_034229,4,2,0,2
run937,20260124_034229,5,1,0,1
run937,20260124_034229,6,1,0,1
run937,20260124_034229,7,1,0,1
run937,20260124_034229,8,0,0,0
run937,20260124_034229,9,0,0,0
run937,20260124_034229,10,0,0,0
run937,20260124_034229,11,1,0,1
run937,20260124_034229,12,1,0,1
run937,20260124_034229,13,0,0,0
run937,20260124_034229,14,1,0,1
run937,20260124_034229,15,1991,0,1991
run937,20260124_034229,16,2,0,2
run937,20260124_034229,17,0,0,0
run937,20260124_034229,18,0,0,0
run937,20260124_034229,19,0,0,0
run938,20260124_034317,0,2,0,2
run938,20260124_034317,1,2,0,2
run938,20260124_034317,2,1,0,1
run938,20260124_034317,3,2000,0,2000
run938,20260124_034317,4,5,0,5
run938,20260124_034317,5,1,0,1
run938,20260124_034317,6,3,0,3
run938,20260124_034317,7,0,0,0
run938,20260124_034317,8,0,0,0
run938,20260124_034317,9,0,0,0
run938,20260124_034317,10,2,0,2
run938,20260124_034317,11,2,0,2
run938,20260124_034317,12,0,0,0
run938,20260124_034317,13,1,0,1
run938,20260124_034317,14,0,0,0
run938,20260124_034317,15,1,0,1
run938,20260124_034317,16,3,0,3
run938,20260124_034317,17,0,0,0
run938,20260124_034317,18,0,0,0
run938,20260124_034317,19,0,0,0
run939,20260124_034407,0,2,0,2
run939,20260124_034407,1,2,0,2
run939,20260124_034407,2,2,0,2
run939,20260124_034407,3,1,0,1
run939,20260124_034407,4,0,0,0
run939,20260124_034407,5,5,0,5
run939,20260124_034407,6,1680,0,1680
run939,20260124_034407,7,0,0,0
run939,20260124_034407,8,0,2,2
run939,20260124_034407,9,0,0,0
run939,20260124_034407,10,2,0,2
run939,20260124_034407,11,2,0,2
run939,20260124_034407,12,0,0,0
run939,20260124_034407,13,3,0,3
run939,20260124_034407,14,2,0,2
run939,20260124_034407,15,2,0,2
run939,20260124_034407,16,0,0,0
run939,20260124_034407,17,0,0,0
run939,20260124_034407,18,0,0,0
run939,20260124_034407,19,0,0,0
run94,20260123_161114,0,1120,15,1135
run94,20260123_161114,1,2,17,19
run94,20260123_161114,2,0,16,16
run94,20260123_161114,3,1,16,17
run94,20260123_161114,4,1,16,17
run94,20260123_161114,5,4,6,10
run94,20260123_161114,6,2,15,17
run94,20260123_161114,7,1,10,11
run94,20260123_161114,8,0,0,0
run94,20260123_161114,9,0,0,0
run94,20260123_161114,10,2,15,17
run94,20260123_161114,11,0,15,15
run94,20260123_161114,12,0,15,15
run94,20260123_161114,13,1,15,16
run94,20260123_161114,14,1,14,15
run94,20260123_161114,15,3,6,9
run94,20260123_161114,16,2,15,17
run94,20260123_161114,17,0,3,3
run94,20260123_161114,18,0,0,0
run94,20260123_161114,19,0,0,0
run940,20260124_034455,0,2,0,2
run940,20260124_034455,1,317,0,317
run940,20260124_034455,2,1971,0,1971
run940,20260124_034455,3,2001,0,2001
run940,20260124_034455,4,0,0,0
run940,20260124_034455,5,3,0,3
run940,20260124_034455,6,1,0,1
run940,20260124_034455,7,0,0,0
run940,20260124_034455,8,0,0,0
run940,20260124_034455,9,0,0,0
run940,20260124_034455,10,2,0,2
run940,20260124_034455,11,0,0,0
run940,20260124_034455,12,1,0,1
run940,20260124_034455,13,0,0,0
run940,20260124_034455,14,1,0,1
run940,20260124_034455,15,1,0,1
run940,20260124_034455,16,0,0,0
run940,20260124_034455,17,0,0,0
run940,20260124_034455,18,0,0,0
run940,20260124_034455,19,0,0,0
run941,20260124_034547,0,0,1,1
run941,20260124_034547,1,0,1,1
run941,20260124_034547,2,2,1,3
run941,20260124_034547,3,380,1,381
run941,20260124_034547,4,890,1,891
run941,20260124_034547,5,1047,0,1047
run941,20260124_034547,6,0,0,0
run941,20260124_034547,7,0,0,0
run941,20260124_034547,8,0,0,0
run941,20260124_034547,9,0,0,0
run941,20260124_034547,10,1,0,1
run941,20260124_034547,11,2,0,2
run941,20260124_034547,12,0,0,0
run941,20260124_034547,13,1,0,1
run941,20260124_034547,14,0,0,0
run941,20260124_034547,15,0,0,0
run941,20260124_034547,16,2,1,3
run941,20260124_034547,17,1,0,1
run941,20260124_034547,18,0,0,0
run941,20260124_034547,19,0,0,0
run942,20260124_034635,0,0,4,4
run942,20260124_034635,1,3,4,7
run942,20260124_034635,2,3,4,7
run942,20260124_034635,3,987,4,991
run942,20260124_034635,4,1571,4,1575
run942,20260124_034635,5,2,0,2
run942,20260124_034635,6,0,0,0
run942,20260124_034635,7,2,0,2
run942,20260124_034635,8,0,0,0
run942,20260124_034635,9,0,0,0
run942,20260124_034635,10,2,0,2
run942,20260124_034635,11,0,0,0
run942,20260124_034635,12,2,0,2
run942,20260124_034635,13,2,0,2
run942,20260124_034635,14,2,0,2
run942,20260124_034635,15,0,0,0
run942,20260124_034635,16,1,4,5
run942,20260124_034635,17,0,2,2
run942,20260124_034635,18,0,0,0
run942,20260124_034635,19,0,0,0
run944,20260124_034813,0,1,0,1
run944,20260124_034813,1,2,0,2
run944,20260124_034813,2,2,0,2
run944,20260124_034813,3,2000,0,2000
run944,20260124_034813,4,1,0,1
run944,20260124_034813,5,4,0,4
run944,20260124_034813,6,2,0,2
run944,20260124_034813,7,0,0,0
run944,20260124_034813,8,0,0,0
run944,20260124_034813,9,0,0,0
run944,20260124_034813,10,1,0,1
run944,20260124_034813,11,0,0,0
run944,20260124_034813,12,1,0,1
run944,20260124_034813,13,1,0,1
run944,20260124_034813,14,0,0,0
run944,20260124_034813,15,0,0,0
run944,20260124_034813,16,2,0,2
run944,20260124_034813,17,0,0,0
run944,20260124_034813,18,0,0,0
run944,20260124_034813,19,0,0,0
run945,20260124_034905,0,0,0,0
run945,20260124_034905,1,2,0,2
run945,20260124_034905,2,0,0,0
run945,20260124_034905,3,2,0,2
run945,20260124_034905,4,4,0,4
run945,20260124_034905,5,2,0,2
run945,20260124_034905,6,0,0,0
run945,20260124_034905,7,1,0,1
run945,20260124_034905,8,0,0,0
run945,20260124_034905,9,0,0,0
run945,20260124_034905,10,2,0,2
run945,20260124_034905,11,0,0,0
run945,20260124_034905,12,2,0,2
run945,20260124_034905,13,1,0,1
run945,20260124_034905,14,2,0,2
run945,20260124_034905,15,2001,0,2001
run945,20260124_034905,16,1,0,1
run945,20260124_034905,17,0,0,0
run945,20260124_034905,18,0,0,0
run945,20260124_034905,19,0,0,0
run946,20260124_034957,0,2,1,3
run946,20260124_034957,1,0,1,1
run946,20260124_034957,2,4,0,4
run946,20260124_034957,3,1,0,1
run946,20260124_034957,4,0,0,0
run946,20260124_034957,5,1,0,1
run946,20260124_034957,6,3,0,3
run946,20260124_034957,7,0,0,0
run946,20260124_034957,8,0,0,0
run946,20260124_034957,9,0,0,0
run946,20260124_034957,10,1,0,1
run946,20260124_034957,11,1041,0,1041
run946,20260124_034957,12,0,0,0
run946,20260124_034957,13,1,0,1
run946,20260124_034957,14,0,0,0
run946,20260124_034957,15,958,0,958
run946,20260124_034957,16,1,1,2
run946,20260124_034957,17,0,0,0
run946,20260124_034957,18,0,0,0
run946,20260124_034957,19,0,0,0
run947,20260124_035045,0,0,0,0
run947,20260124_035045,1,3,0,3
run947,20260124_035045,2,1,0,1
run947,20260124_035045,3,2,0,2
run947,20260124_035045,4,4,0,4
run947,20260124_035045,5,2,0,2
run947,20260124_035045,6,0,0,0
run947,20260124_035045,7,1,0,1
run947,20260124_035045,8,0,0,0
run947,20260124_035045,9,0,0,0
run947,20260124_035045,10,0,0,0
run947,20260124_035045,11,0,0,0
run947,20260124_035045,12,0,0,0
run947,20260124_035045,13,1,0,1
run947,20260124_035045,14,521,0,521
run947,20260124_035045,15,1481,0,1481
run947,20260124_035045,16,1,0,1
run947,20260124_035045,17,0,0,0
run947,20260124_035045,18,0,0,0
run947,20260124_035045,19,0,0,0
run948,20260124_035133,0,1,0,1
run948,20260124_035133,1,1,0,1
run948,20260124_035133,2,2004,0,2004
run948,20260124_035133,3,2,0,2
run948,20260124_035133,4,0,0,0
run948,20260124_035133,5,3,0,3
run948,20260124_035133,6,0,0,0
run948,20260124_035133,7,0,0,0
run948,20260124_035133,8,0,0,0
run948,20260124_035133,9,0,0,0
run948,20260124_035133,10,1,0,1
run948,20260124_035133,11,3,0,3
run948,20260124_035133,12,0,0,0
run948,20260124_035133,13,1,0,1
run948,20260124_035133,14,2,0,2
run948,20260124_035133,15,0,0,0
run948,20260124_035133,16,0,0,0
run948,20260124_035133,17,0,0,0
run948,20260124_035133,18,0,0,0
run948,20260124_035133,19,0,0,0
run949,20260124_035223,0,1,0,1
run949,20260124_035223,1,518,0,518
run949,20260124_035223,2,648,0,648
run949,20260124_035223,3,0,0,0
run949,20260124_035223,4,1,0,1
run949,20260124_035223,5,2,0,2
run949,20260124_035223,6,0,0,0
run949,20260124_035223,7,1,0,1
run949,20260124_035223,8,0,0,0
run949,20260124_035223,9,0,0,0
run949,20260124_035223,10,0,0,0
run949,20260124_035223,11,1,0,1
run949,20260124_035223,12,0,0,0
run949,20260124_035223,13,2,0,2
run949,20260124_035223,14,3,0,3
run949,20260124_035223,15,1,0,1
run949,20260124_035223,16,3,0,3
run949,20260124_035223,17,204,0,204
run949,20260124_035223,18,0,0,0
run949,20260124_035223,19,0,0,0
run95,20260123_161202,0,1,0,1
run95,20260123_161202,1,2,0,2
run95,20260123_161202,2,4,0,4
run95,20260123_161202,3,3,0,3
run95,20260123_161202,4,0,0,0
run95,20260123_161202,5,1,0,1
run95,20260123_161202,6,0,0,0
run95,20260123_161202,7,3,0,3
run95,20260123_161202,8,0,0,0
run95,20260123_161202,9,0,0,0
run95,20260123_161202,10,2,0,2
run95,20260123_161202,11,2,0,2
run95,20260123_161202,12,2,0,2
run95,20260123_161202,13,1,0,1
run95,20260123_161202,14,0,0,0
run95,20260123_161202,15,0,0,0
run95,20260123_161202,16,0,0,0
run95,20260123_161202,17,0,0,0
run95,20260123_161202,18,0,0,0
run95,20260123_161202,19,0,0,0
run950,20260124_035311,0,3,0,3
run950,20260124_035311,1,3,0,3
run950,20260124_035311,2,0,0,0
run950,20260124_035311,3,2000,0,2000
run950,20260124_035311,4,0,0,0
run950,20260124_035311,5,1,0,1
run950,20260124_035311,6,1,0,1
run950,20260124_035311,7,1,0,1
run950,20260124_035311,8,0,0,0
run950,20260124_035311,9,0,0,0
run950,20260124_035311,10,1,0,1
run950,20260124_035311,11,0,0,0
run950,20260124_035311,12,2,0,2
run950,20260124_035311,13,0,0,0
run950,20260124_035311,14,3,0,3
run950,20260124_035311,15,3,0,3
run950,20260124_035311,16,1,0,1
run950,20260124_035311,17,0,0,0
run950,20260124_035311,18,0,0,0
run950,20260124_035311,19,0,0,0
run951,20260124_035401,0,1,0,1
run951,20260124_035401,1,2,0,2
run951,20260124_035401,2,2,0,2
run951,20260124_035401,3,1,0,1
run951,20260124_035401,4,0,0,0
run951,20260124_035401,5,2,0,2
run951,20260124_035401,6,0,0,0
run951,20260124_035401,7,0,0,0
run951,20260124_035401,8,0,0,0
run951,20260124_035401,9,0,0,0
run951,20260124_035401,10,2001,0,2001
run951,20260124_035401,11,1,0,1
run951,20260124_035401,12,1,0,1
run951,20260124_035401,13,2,0,2
run951,20260124_035401,14,1,0,1
run951,20260124_035401,15,3,0,3
run951,20260124_035401,16,0,0,0
run951,20260124_035401,17,0,0,0
run951,20260124_035401,18,0,0,0
run951,20260124_035401,19,0,0,0
run952,20260124_035451,0,1943,20,1963
run952,20260124_035451,1,1,22,23
run952,20260124_035451,2,1,22,23
run952,20260124_035451,3,2,21,23
run952,20260124_035451,4,2,21,23
run952,20260124_035451,5,5,7,12
run952,20260124_035451,6,1,16,17
run952,20260124_035451,7,1,15,16
run952,20260124_035451,8,0,0,0
run952,20260124_035451,9,0,0,0
run952,20260124_035451,10,15,20,35
run952,20260124_035451,11,1,20,21
run952,20260124_035451,12,1,21,22
run952,20260124_035451,13,0,20,20
run952,20260124_035451,14,2,20,22
run952,20260124_035451,15,9,7,16
run952,20260124_035451,16,1,17,18
run952,20260124_035451,17,3,9,12
run952,20260124_035451,18,0,1,1
run952,20260124_035451,19,0,0,0
run953,20260124_035541,0,1,0,1
run953,20260124_035541,1,2,0,2
run953,20260124_035541,2,3,0,3
run953,20260124_035541,3,2,0,2
run953,20260124_035541,4,2,0,2
run953,20260124_035541,5,3,0,3
run953,20260124_035541,6,0,0,0
run953,20260124_035541,7,0,0,0
run953,20260124_035541,8,0,0,0
run953,20260124_035541,9,0,0,0
run953,20260124_035541,10,1,0,1
run953,20260124_035541,11,1686,0,1686
run953,20260124_035541,12,313,0,313
run953,20260124_035541,13,1,0,1
run953,20260124_035541,14,0,0,0
run953,20260124_035541,15,1,0,1
run953,20260124_035541,16,3,0,3
run953,20260124_035541,17,1,0,1
run953,20260124_035541,18,0,0,0
run953,20260124_035541,19,0,0,0
run954,20260124_035633,0,1,0,1
run954,20260124_035633,1,0,0,0
run954,20260124_035633,2,3,0,3
run954,20260124_035633,3,2,0,2
run954,20260124_035633,4,2002,0,2002
run954,20260124_035633,5,2,0,2
run954,20260124_035633,6,1,0,1
run954,20260124_035633,7,2,0,2
run954,20260124_035633,8,0,0,0
run954,20260124_035633,9,0,0,0
run954,20260124_035633,10,0,0,0
run954,20260124_035633,11,0,0,0
run954,20260124_035633,12,0,0,0
run954,20260124_035633,13,1,0,1
run954,20260124_035633,14,1,0,1
run954,20260124_035633,15,1,0,1
run954,20260124_035633,16,0,0,0
run954,20260124_035633,17,0,0,0
run954,20260124_035633,18,0,0,0
run954,20260124_035633,19,0,0,0
run955,20260124_035723,0,1,0,1
run955,20260124_035723,1,1,0,1
run955,20260124_035723,2,1,0,1
run955,20260124_035723,3,2,0,2
run955,20260124_035723,4,0,0,0
run955,20260124_035723,5,0,0,0
run955,20260124_035723,6,0,0,0
run955,20260124_035723,7,2,0,2
run955,20260124_035723,8,0,0,0
run955,20260124_035723,9,0,0,0
run955,20260124_035723,10,0,0,0
run955,20260124_035723,11,2,0,2
run955,20260124_035723,12,2,0,2
run955,20260124_035723,13,2,0,2
run955,20260124_035723,14,2000,0,2000
run955,20260124_035723,15,2,0,2
run955,20260124_035723,16,2,0,2
run955,20260124_035723,17,1,0,1
run955,20260124_035723,18,0,0,0
run955,20260124_035723,19,0,0,0
run955,20260124_035722,0,1,0,1
run955,20260124_035722,1,1,0,1
run955,20260124_035722,2,1,0,1
run955,20260124_035722,3,2,0,2
run955,20260124_035722,4,0,0,0
run955,20260124_035722,5,0,0,0
run955,20260124_035722,6,0,0,0
run955,20260124_035722,7,2,0,2
run955,20260124_035722,8,0,0,0
run955,20260124_035722,9,0,0,0
run955,20260124_035722,10,0,0,0
run955,20260124_035722,11,2,0,2
run955,20260124_035722,12,2,0,2
run955,20260124_035722,13,2,0,2
run955,20260124_035722,14,2000,0,2000
run955,20260124_035722,15,2,0,2
run955,20260124_035722,16,2,0,2
run955,20260124_035722,17,1,0,1
run955,20260124_035722,18,0,0,0
run955,20260124_035722,19,0,0,0
run956,20260124_035810,0,1,1,2
run956,20260124_035810,1,2,1,3
run956,20260124_035810,2,2,1,3
run956,20260124_035810,3,0,1,1
run956,20260124_035810,4,2,1,3
run956,20260124_035810,5,0,0,0
run956,20260124_035810,6,0,0,0
run956,20260124_035810,7,0,0,0
run956,20260124_035810,8,0,0,0
run956,20260124_035810,9,0,0,0
run956,20260124_035810,10,1,0,1
run956,20260124_035810,11,1,0,1
run956,20260124_035810,12,1,0,1
run956,20260124_035810,13,0,0,0
run956,20260124_035810,14,2,0,2
run956,20260124_035810,15,1986,0,1986
run956,20260124_035810,16,1,0,1
run956,20260124_035810,17,0,1,1
run956,20260124_035810,18,0,0,0
run956,20260124_035810,19,0,0,0
run957,20260124_035900,0,0,0,0
run957,20260124_035900,1,1,0,1
run957,20260124_035900,2,3,0,3
run957,20260124_035900,3,0,0,0
run957,20260124_035900,4,1,0,1
run957,20260124_035900,5,1,0,1
run957,20260124_035900,6,0,0,0
run957,20260124_035900,7,4,0,4
run957,20260124_035900,8,0,0,0
run957,20260124_035900,9,0,0,0
run957,20260124_035900,10,1,0,1
run957,20260124_035900,11,0,0,0
run957,20260124_035900,12,0,0,0
run957,20260124_035900,13,1019,0,1019
run957,20260124_035900,14,0,0,0
run957,20260124_035900,15,1,0,1
run957,20260124_035900,16,4,0,4
run957,20260124_035900,17,47,0,47
run957,20260124_035900,18,0,0,0
run957,20260124_035900,19,0,0,0
run958,20260124_035948,0,0,0,0
run958,20260124_035948,1,1,0,1
run958,20260124_035948,2,3,0,3
run958,20260124_035948,3,0,0,0
run958,20260124_035948,4,0,0,0
run958,20260124_035948,5,0,0,0
run958,20260124_035948,6,0,0,0
run958,20260124_035948,7,0,0,0
run958,20260124_035948,8,0,0,0
run958,20260124_035948,9,0,0,0
run958,20260124_035948,10,2001,0,2001
run958,20260124_035948,11,2,0,2
run958,20260124_035948,12,1,0,1
run958,20260124_035948,13,0,0,0
run958,20260124_035948,14,2,0,2
run958,20260124_035948,15,1,0,1
run958,20260124_035948,16,3,0,3
run958,20260124_035948,17,0,0,0
run958,20260124_035948,18,0,0,0
run958,20260124_035948,19,0,0,0
run959,20260124_040036,0,1944,30,1974
run959,20260124_040036,1,1,35,36
run959,20260124_040036,2,3,34,37
run959,20260124_040036,3,1,34,35
run959,20260124_040036,4,2,33,35
run959,20260124_040036,5,12,14,26
run959,20260124_040036,6,2,32,34
run959,20260124_040036,7,0,18,18
run959,20260124_040036,8,0,0,0
run959,20260124_040036,9,0,1,1
run959,20260124_040036,10,26,32,58
run959,20260124_040036,11,3,33,36
run959,20260124_040036,12,1,31,32
run959,20260124_040036,13,1,31,32
run959,20260124_040036,14,3,31,34
run959,20260124_040036,15,13,10,23
run959,20260124_040036,16,2,29,31
run959,20260124_040036,17,1,7,8
run959,20260124_040036,18,0,0,0
run959,20260124_040036,19,0,0,0
run96,20260123_161250,0,0,0,0
run96,20260123_161250,1,1,0,1
run96,20260123_161250,2,1,0,1
run96,20260123_161250,3,1,0,1
run96,20260123_161250,4,0,0,0
run96,20260123_161250,5,3,0,3
run96,20260123_161250,6,0,0,0
run96,20260123_161250,7,1,0,1
run96,20260123_161250,8,0,0,0
run96,20260123_161250,9,0,0,0
run96,20260123_161250,10,2,0,2
run96,20260123_161250,11,0,0,0
run96,20260123_161250,12,4,0,4
run96,20260123_161250,13,1,0,1
run96,20260123_161250,14,2,0,2
run96,20260123_161250,15,1,0,1
run96,20260123_161250,16,3,0,3
run96,20260123_161250,17,0,0,0
run96,20260123_161250,18,0,0,0
run96,20260123_161250,19,0,0,0
run960,20260124_040124,0,1,1,2
run960,20260124_040124,1,3,1,4
run960,20260124_040124,2,1,1,2
run960,20260124_040124,3,0,1,1
run960,20260124_040124,4,0,1,1
run960,20260124_040124,5,1992,0,1992
run960,20260124_040124,6,2,0,2
run960,20260124_040124,7,0,0,0
run960,20260124_040124,8,0,0,0
run960,20260124_040124,9,0,0,0
run960,20260124_040124,10,1,0,1
run960,20260124_040124,11,0,0,0
run960,20260124_040124,12,1,0,1
run960,20260124_040124,13,0,0,0
run960,20260124_040124,14,1,0,1
run960,20260124_040124,15,2,0,2
run960,20260124_040124,16,0,0,0
run960,20260124_040124,17,0,1,1
run960,20260124_040124,18,0,0,0
run960,20260124_040124,19,0,0,0
run961,20260124_040212,0,0,0,0
run961,20260124_040212,1,1,0,1
run961,20260124_040212,2,3,0,3
run961,20260124_040212,3,1,0,1
run961,20260124_040212,4,0,0,0
run961,20260124_040212,5,0,0,0
run961,20260124_040212,6,0,0,0
run961,20260124_040212,7,1,0,1
run961,20260124_040212,8,0,0,0
run961,20260124_040212,9,0,0,0
run961,20260124_040212,10,2,0,2
run961,20260124_040212,11,2,0,2
run961,20260124_040212,12,4,0,4
run961,20260124_040212,13,3,0,3
run961,20260124_040212,14,1,0,1
run961,20260124_040212,15,2000,0,2000
run961,20260124_040212,16,1,0,1
run961,20260124_040212,17,1,0,1
run961,20260124_040212,18,0,0,0
run961,20260124_040212,19,0,0,0
run962,20260124_040300,0,0,0,0
run962,20260124_040300,1,3,0,3
run962,20260124_040300,2,2,0,2
run962,20260124_040300,3,0,0,0
run962,20260124_040300,4,4,0,4
run962,20260124_040300,5,3,0,3
run962,20260124_040300,6,1,0,1
run962,20260124_040300,7,1,0,1
run962,20260124_040300,8,0,0,0
run962,20260124_040300,9,0,0,0
run962,20260124_040300,10,0,0,0
run962,20260124_040300,11,2,0,2
run962,20260124_040300,12,2,0,2
run962,20260124_040300,13,0,0,0
run962,20260124_040300,14,0,0,0
run962,20260124_040300,15,2001,0,2001
run962,20260124_040300,16,2,0,2
run962,20260124_040300,17,0,0,0
run962,20260124_040300,18,0,0,0
run962,20260124_040300,19,0,0,0
run963,20260124_040347,0,0,0,0
run963,20260124_040347,1,2,0,2
run963,20260124_040347,2,1,0,1
run963,20260124_040347,3,1,0,1
run963,20260124_040347,4,0,0,0
run963,20260124_040347,5,0,300,300
run963,20260124_040347,6,0,0,0
run963,20260124_040347,7,0,0,0
run963,20260124_040347,8,0,0,0
run963,20260124_040347,9,0,1,1
run963,20260124_040347,10,0,0,0
run963,20260124_040347,11,0,0,0
run963,20260124_040347,12,1,0,1
run963,20260124_040347,13,2,0,2
run963,20260124_040347,14,3,0,3
run963,20260124_040347,15,0,0,0
run963,20260124_040347,16,1,0,1
run963,20260124_040347,17,0,0,0
run963,20260124_040347,18,0,0,0
run963,20260124_040347,19,0,0,0
run964,20260124_040438,0,2,0,2
run964,20260124_040438,1,0,0,0
run964,20260124_040438,2,0,0,0
run964,20260124_040438,3,0,0,0
run964,20260124_040438,4,3,0,3
run964,20260124_040438,5,0,0,0
run964,20260124_040438,6,2,0,2
run964,20260124_040438,7,1,0,1
run964,20260124_040438,8,0,0,0
run964,20260124_040438,9,0,0,0
run964,20260124_040438,10,2,0,2
run964,20260124_040438,11,2,0,2
run964,20260124_040438,12,6,0,6
run964,20260124_040438,13,1,0,1
run964,20260124_040438,14,4,0,4
run964,20260124_040438,15,1,0,1
run964,20260124_040438,16,1,0,1
run964,20260124_040438,17,507,0,507
run964,20260124_040438,18,0,0,0
run964,20260124_040438,19,0,0,0
run965,20260124_040530,0,0,0,0
run965,20260124_040530,1,2,0,2
run965,20260124_040530,2,2,0,2
run965,20260124_040530,3,2,0,2
run965,20260124_040530,4,1,0,1
run965,20260124_040530,5,2001,0,2001
run965,20260124_040530,6,0,0,0
run965,20260124_040530,7,2,0,2
run965,20260124_040530,8,0,0,0
run965,20260124_040530,9,0,0,0
run965,20260124_040530,10,2,0,2
run965,20260124_040530,11,1,0,1
run965,20260124_040530,12,1,0,1
run965,20260124_040530,13,1,0,1
run965,20260124_040530,14,0,0,0
run965,20260124_040530,15,0,0,0
run965,20260124_040530,16,2,0,2
run965,20260124_040530,17,0,0,0
run965,20260124_040530,18,0,0,0
run965,20260124_040530,19,0,0,0
run966,20260124_040618,0,1940,37,1977
run966,20260124_040618,1,0,47,47
run966,20260124_040618,2,1,46,47
run966,20260124_040618,3,0,46,46
run966,20260124_040618,4,1,46,47
run966,20260124_040618,5,11,17,28
run966,20260124_040618,6,1,44,45
run966,20260124_040618,7,0,23,23
run966,20260124_040618,8,0,0,0
run966,20260124_040618,9,0,0,0
run966,20260124_040618,10,15,45,60
run966,20260124_040618,11,3,45,48
run966,20260124_040618,12,5,44,49
run966,20260124_040618,13,0,44,44
run966,20260124_040618,14,1,45,46
run966,20260124_040618,15,17,11,28
run966,20260124_040618,16,6,34,40
run966,20260124_040618,17,1,11,12
run966,20260124_040618,18,0,0,0
run966,20260124_040618,19,0,0,0
run967,20260124_040710,0,0,0,0
run967,20260124_040710,1,0,0,0
run967,20260124_040710,2,1,0,1
run967,20260124_040710,3,2,0,2
run967,20260124_040710,4,4,0,4
run967,20260124_040710,5,1,0,1
run967,20260124_040710,6,0,0,0
run967,20260124_040710,7,0,0,0
run967,20260124_040710,8,0,0,0
run967,20260124_040710,9,0,0,0
run967,20260124_040710,10,2000,0,2000
run967,20260124_040710,11,4,0,4
run967,20260124_040710,12,0,0,0
run967,20260124_040710,13,0,0,0
run967,20260124_040710,14,1,0,1
run967,20260124_040710,15,1,0,1
run967,20260124_040710,16,3,0,3
run967,20260124_040710,17,0,0,0
run967,20260124_040710,18,0,0,0
run967,20260124_040710,19,0,0,0
run968,20260124_040802,0,1,1,2
run968,20260124_040802,1,0,1,1
run968,20260124_040802,2,1,1,2
run968,20260124_040802,3,1,1,2
run968,20260124_040802,4,1,1,2
run968,20260124_040802,5,1,0,1
run968,20260124_040802,6,2,0,2
run968,20260124_040802,7,2,0,2
run968,20260124_040802,8,0,0,0
run968,20260124_040802,9,0,0,0
run968,20260124_040802,10,2,0,2
run968,20260124_040802,11,2,0,2
run968,20260124_040802,12,252,0,252
run968,20260124_040802,13,1,0,1
run968,20260124_040802,14,1735,0,1735
run968,20260124_040802,15,0,0,0
run968,20260124_040802,16,0,0,0
run968,20260124_040802,17,0,1,1
run968,20260124_040802,18,0,0,0
run968,20260124_040802,19,0,0,0
run969,20260124_040852,0,2,2,4
run969,20260124_040852,1,2,3,5
run969,20260124_040852,2,3,2,5
run969,20260124_040852,3,1,2,3
run969,20260124_040852,4,930,2,932
run969,20260124_040852,5,2,2,4
run969,20260124_040852,6,2,0,2
run969,20260124_040852,7,191,0,191
run969,20260124_040852,8,0,1,1
run969,20260124_040852,9,0,2,2
run969,20260124_040852,10,0,2,2
run969,20260124_040852,11,0,3,3
run969,20260124_040852,12,0,2,2
run969,20260124_040852,13,2,2,4
run969,20260124_040852,14,2,2,4
run969,20260124_040852,15,1,0,1
run969,20260124_040852,16,2,2,4
run969,20260124_040852,17,0,2,2
run969,20260124_040852,18,0,1,1
run969,20260124_040852,19,0,0,0
run97,20260123_161342,0,0,0,0
run97,20260123_161342,1,1,0,1
run97,20260123_161342,2,2,0,2
run97,20260123_161342,3,2,0,2
run97,20260123_161342,4,1,0,1
run97,20260123_161342,5,1,0,1
run97,20260123_161342,6,2,0,2
run97,20260123_161342,7,0,0,0
run97,20260123_161342,8,0,0,0
run97,20260123_161342,9,0,0,0
run97,20260123_161342,10,1,0,1
run97,20260123_161342,11,1,0,1
run97,20260123_161342,12,2,0,2
run97,20260123_161342,13,2,0,2
run97,20260123_161342,14,2000,0,2000
run97,20260123_161342,15,1,0,1
run97,20260123_161342,16,1,0,1
run97,20260123_161342,17,0,0,0
run97,20260123_161342,18,0,0,0
run97,20260123_161342,19,0,0,0
run970,20260124_040940,0,1,0,1
run970,20260124_040940,1,1,0,1
run970,20260124_040940,2,2,0,2
run970,20260124_040940,3,0,0,0
run970,20260124_040940,4,0,0,0
run970,20260124_040940,5,0,0,0
run970,20260124_040940,6,1,0,1
run970,20260124_040940,7,0,0,0
run970,20260124_040940,8,0,0,0
run970,20260124_040940,9,0,0,0
run970,20260124_040940,10,2,0,2
run970,20260124_040940,11,0,0,0
run970,20260124_040940,12,0,0,0
run970,20260124_040940,13,1,0,1
run970,20260124_040940,14,2,0,2
run970,20260124_040940,15,2000,0,2000
run970,20260124_040940,16,1,0,1
run970,20260124_040940,17,0,0,0
run970,20260124_040940,18,0,0,0
run970,20260124_040940,19,0,0,0
run971,20260124_041028,0,1,0,1
run971,20260124_041028,1,4,0,4
run971,20260124_041028,2,2,0,2
run971,20260124_041028,3,0,0,0
run971,20260124_041028,4,0,0,0
run971,20260124_041028,5,3,0,3
run971,20260124_041028,6,1,0,1
run971,20260124_041028,7,1,0,1
run971,20260124_041028,8,0,0,0
run971,20260124_041028,9,0,0,0
run971,20260124_041028,10,0,0,0
run971,20260124_041028,11,1,0,1
run971,20260124_041028,12,1,0,1
run971,20260124_041028,13,0,0,0
run971,20260124_041028,14,2,0,2
run971,20260124_041028,15,0,0,0
run971,20260124_041028,16,0,0,0
run971,20260124_041028,17,0,0,0
run971,20260124_041028,18,0,0,0
run971,20260124_041028,19,0,0,0
run972,20260124_041118,0,1,0,1
run972,20260124_041118,1,2,0,2
run972,20260124_041118,2,1,0,1
run972,20260124_041118,3,921,0,921
run972,20260124_041118,4,3,0,3
run972,20260124_041118,5,1,0,1
run972,20260124_041118,6,2,0,2
run972,20260124_041118,7,2,0,2
run972,20260124_041118,8,0,0,0
run972,20260124_041118,9,0,0,0
run972,20260124_041118,10,2,0,2
run972,20260124_041118,11,1,0,1
run972,20260124_041118,12,1,0,1
run972,20260124_041118,13,1078,0,1078
run972,20260124_041118,14,0,0,0
run972,20260124_041118,15,1,0,1
run972,20260124_041118,16,3,0,3
run972,20260124_041118,17,0,0,0
run972,20260124_041118,18,0,0,0
run972,20260124_041118,19,0,0,0
run973,20260124_041206,0,1,0,1
run973,20260124_041206,1,3,0,3
run973,20260124_041206,2,0,0,0
run973,20260124_041206,3,0,0,0
run973,20260124_041206,4,2,0,2
run973,20260124_041206,5,0,0,0
run973,20260124_041206,6,1,0,1
run973,20260124_041206,7,2,0,2
run973,20260124_041206,8,0,0,0
run973,20260124_041206,9,0,0,0
run973,20260124_041206,10,2,0,2
run973,20260124_041206,11,1,0,1
run973,20260124_041206,12,1,0,1
run973,20260124_041206,13,2,0,2
run973,20260124_041206,14,1,0,1
run973,20260124_041206,15,3,0,3
run973,20260124_041206,16,656,0,656
run973,20260124_041206,17,0,0,0
run973,20260124_041206,18,0,0,0
run973,20260124_041206,19,0,0,0
run974,20260124_041254,0,2,0,2
run974,20260124_041254,1,4,0,4
run974,20260124_041254,2,3,0,3
run974,20260124_041254,3,1,0,1
run974,20260124_041254,4,1999,0,1999
run974,20260124_041254,5,1,0,1
run974,20260124_041254,6,0,0,0
run974,20260124_041254,7,1,1,2
run974,20260124_041254,8,0,0,0
run974,20260124_041254,9,0,0,0
run974,20260124_041254,10,1,1,2
run974,20260124_041254,11,0,1,1
run974,20260124_041254,12,0,1,1
run974,20260124_041254,13,0,1,1
run974,20260124_041254,14,0,1,1
run974,20260124_041254,15,1,0,1
run974,20260124_041254,16,1,0,1
run974,20260124_041254,17,0,0,0
run974,20260124_041254,18,0,0,0
run974,20260124_041254,19,0,0,0
run975,20260124_041346,0,8,0,8
run975,20260124_041346,1,3,0,3
run975,20260124_041346,2,2002,0,2002
run975,20260124_041346,3,0,0,0
run975,20260124_041346,4,3,0,3
run975,20260124_041346,5,1,0,1
run975,20260124_041346,6,3,0,3
run975,20260124_041346,7,0,0,0
run975,20260124_041346,8,0,0,0
run975,20260124_041346,9,0,0,0
run975,20260124_041346,10,1,0,1
run975,20260124_041346,11,2,0,2
run975,20260124_041346,12,1,0,1
run975,20260124_041346,13,2,0,2
run975,20260124_041346,14,1,0,1
run975,20260124_041346,15,0,0,0
run975,20260124_041346,16,3,0,3
run975,20260124_041346,17,0,0,0
run975,20260124_041346,18,0,0,0
run975,20260124_041346,19,0,0,0
run976,20260124_041434,0,0,0,0
run976,20260124_041434,1,1,0,1
run976,20260124_041434,2,1,0,1
run976,20260124_041434,3,0,0,0
run976,20260124_041434,4,2,0,2
run976,20260124_041434,5,3,0,3
run976,20260124_041434,6,2,0,2
run976,20260124_041434,7,1,0,1
run976,20260124_041434,8,0,0,0
run976,20260124_041434,9,0,0,0
run976,20260124_041434,10,1,0,1
run976,20260124_041434,11,2000,0,2000
run976,20260124_041434,12,0,0,0
run976,20260124_041434,13,1,0,1
run976,20260124_041434,14,1,0,1
run976,20260124_041434,15,0,0,0
run976,20260124_041434,16,3,0,3
run976,20260124_041434,17,0,0,0
run976,20260124_041434,18,0,0,0
run976,20260124_041434,19,0,0,0
run977,20260124_041522,0,0,0,0
run977,20260124_041522,1,2,0,2
run977,20260124_041522,2,0,0,0
run977,20260124_041522,3,1,0,1
run977,20260124_041522,4,1268,0,1268
run977,20260124_041522,5,733,0,733
run977,20260124_041522,6,0,0,0
run977,20260124_041522,7,0,0,0
run977,20260124_041522,8,0,0,0
run977,20260124_041522,9,0,0,0
run977,20260124_041522,10,2,0,2
run977,20260124_041522,11,0,0,0
run977,20260124_041522,12,1,0,1
run977,20260124_041522,13,2,0,2
run977,20260124_041522,14,2,0,2
run977,20260124_041522,15,0,0,0
run977,20260124_041522,16,1,0,1
run977,20260124_041522,17,0,0,0
run977,20260124_041522,18,0,0,0
run977,20260124_041522,19,0,0,0
run978,20260124_041610,0,0,0,0
run978,20260124_041610,1,963,0,963
run978,20260124_041610,2,1,0,1
run978,20260124_041610,3,0,0,0
run978,20260124_041610,4,0,0,0
run978,20260124_041610,5,4,0,4
run978,20260124_041610,6,1,0,1
run978,20260124_041610,7,4,0,4
run978,20260124_041610,8,0,0,0
run978,20260124_041610,9,0,0,0
run978,20260124_041610,10,0,0,0
run978,20260124_041610,11,1,0,1
run978,20260124_041610,12,3,0,3
run978,20260124_041610,13,3,0,3
run978,20260124_041610,14,1,0,1
run978,20260124_041610,15,0,0,0
run978,20260124_041610,16,0,0,0
run978,20260124_041610,17,248,0,248
run978,20260124_041610,18,0,0,0
run978,20260124_041610,19,0,0,0
run979,20260124_041658,0,0,0,0
run979,20260124_041658,1,2001,0,2001
run979,20260124_041658,2,4,0,4
run979,20260124_041658,3,1,0,1
run979,20260124_041658,4,2,0,2
run979,20260124_041658,5,3,0,3
run979,20260124_041658,6,2,0,2
run979,20260124_041658,7,1,0,1
run979,20260124_041658,8,0,0,0
run979,20260124_041658,9,0,0,0
run979,20260124_041658,10,2,0,2
run979,20260124_041658,11,0,0,0
run979,20260124_041658,12,0,0,0
run979,20260124_041658,13,0,0,0
run979,20260124_041658,14,1,0,1
run979,20260124_041658,15,1,0,1
run979,20260124_041658,16,0,0,0
run979,20260124_041658,17,0,0,0
run979,20260124_041658,18,0,0,0
run979,20260124_041658,19,0,0,0
run98,20260123_161431,0,0,0,0
run98,20260123_161431,1,2,0,2
run98,20260123_161431,2,2,0,2
run98,20260123_161431,3,1,0,1
run98,20260123_161431,4,1,0,1
run98,20260123_161431,5,0,0,0
run98,20260123_161431,6,1,0,1
run98,20260123_161431,7,1,0,1
run98,20260123_161431,8,0,0,0
run98,20260123_161431,9,0,0,0
run98,20260123_161431,10,2,0,2
run98,20260123_161431,11,2,0,2
run98,20260123_161431,12,1,0,1
run98,20260123_161431,13,1,0,1
run98,20260123_161431,14,1,0,1
run98,20260123_161431,15,3,0,3
run98,20260123_161431,16,1,0,1
run98,20260123_161431,17,0,0,0
run98,20260123_161431,18,0,0,0
run98,20260123_161431,19,0,0,0
run980,20260124_041748,0,1,0,1
run980,20260124_041748,1,0,0,0
run980,20260124_041748,2,0,0,0
run980,20260124_041748,3,0,0,0
run980,20260124_041748,4,0,0,0
run980,20260124_041748,5,1,14,15
run980,20260124_041748,6,1,0,1
run980,20260124_041748,7,1,0,1
run980,20260124_041748,8,0,0,0
run980,20260124_041748,9,0,0,0
run980,20260124_041748,10,0,0,0
run980,20260124_041748,11,0,0,0
run980,20260124_041748,12,1,0,1
run980,20260124_041748,13,538,0,538
run980,20260124_041748,14,539,0,539
run980,20260124_041748,15,2,0,2
run980,20260124_041748,16,3,0,3
run980,20260124_041748,17,1,0,1
run980,20260124_041748,18,0,0,0
run980,20260124_041748,19,0,0,0
run981,20260124_041840,0,0,1,1
run981,20260124_041840,1,0,0,0
run981,20260124_041840,2,5,0,5
run981,20260124_041840,3,2,0,2
run981,20260124_041840,4,1,0,1
run981,20260124_041840,5,3,0,3
run981,20260124_041840,6,1,0,1
run981,20260124_041840,7,4,0,4
run981,20260124_041840,8,0,5,5
run981,20260124_041840,9,0,0,0
run981,20260124_041840,10,1,0,1
run981,20260124_041840,11,1,0,1
run981,20260124_041840,12,1,0,1
run981,20260124_041840,13,2,0,2
run981,20260124_041840,14,1,0,1
run981,20260124_041840,15,0,0,0
run981,20260124_041840,16,2,0,2
run981,20260124_041840,17,0,0,0
run981,20260124_041840,18,0,0,0
run981,20260124_041840,19,0,0,0
run982,20260124_041928,0,0,0,0
run982,20260124_041928,1,1,0,1
run982,20260124_041928,2,1,0,1
run982,20260124_041928,3,2,0,2
run982,20260124_041928,4,1,0,1
run982,20260124_041928,5,3,0,3
run982,20260124_041928,6,3,0,3
run982,20260124_041928,7,7,0,7
run982,20260124_041928,8,0,0,0
run982,20260124_041928,9,0,0,0
run982,20260124_041928,10,1,0,1
run982,20260124_041928,11,1,0,1
run982,20260124_041928,12,0,0,0
run982,20260124_041928,13,0,0,0
run982,20260124_041928,14,1,0,1
run982,20260124_041928,15,0,0,0
run982,20260124_041928,16,0,0,0
run982,20260124_041928,17,0,0,0
run982,20260124_041928,18,0,0,0
run982,20260124_041928,19,0,0,0
run983,20260124_042016,0,1,0,1
run983,20260124_042016,1,2001,0,2001
run983,20260124_042016,2,0,0,0
run983,20260124_042016,3,2,0,2
run983,20260124_042016,4,0,0,0
run983,20260124_042016,5,0,0,0
run983,20260124_042016,6,0,0,0
run983,20260124_042016,7,0,0,0
run983,20260124_042016,8,0,0,0
run983,20260124_042016,9,0,0,0
run983,20260124_042016,10,0,0,0
run983,20260124_042016,11,0,0,0
run983,20260124_042016,12,0,0,0
run983,20260124_042016,13,0,0,0
run983,20260124_042016,14,2,0,2
run983,20260124_042016,15,5,0,5
run983,20260124_042016,16,1,0,1
run983,20260124_042016,17,0,0,0
run983,20260124_042016,18,0,0,0
run983,20260124_042016,19,0,0,0
run984,20260124_042108,0,0,0,0
run984,20260124_042108,1,3,0,3
run984,20260124_042108,2,56,0,56
run984,20260124_042108,3,1,0,1
run984,20260124_042108,4,921,0,921
run984,20260124_042108,5,1025,0,1025
run984,20260124_042108,6,1,0,1
run984,20260124_042108,7,0,0,0
run984,20260124_042108,8,0,0,0
run984,20260124_042108,9,0,0,0
run984,20260124_042108,10,0,0,0
run984,20260124_042108,11,0,0,0
run984,20260124_042108,12,1,0,1
run984,20260124_042108,13,2,0,2
run984,20260124_042108,14,1,0,1
run984,20260124_042108,15,0,0,0
run984,20260124_042108,16,1,0,1
run984,20260124_042108,17,0,0,0
run984,20260124_042108,18,0,0,0
run984,20260124_042108,19,0,0,0
run985,20260124_042158,0,1,0,1
run985,20260124_042158,1,0,0,0
run985,20260124_042158,2,0,0,0
run985,20260124_042158,3,2,0,2
run985,20260124_042158,4,2,0,2
run985,20260124_042158,5,1,0,1
run985,20260124_042158,6,0,0,0
run985,20260124_042158,7,1,0,1
run985,20260124_042158,8,0,0,0
run985,20260124_042158,9,0,0,0
run985,20260124_042158,10,1,0,1
run985,20260124_042158,11,1,0,1
run985,20260124_042158,12,0,0,0
run985,20260124_042158,13,1,0,1
run985,20260124_042158,14,2,0,2
run985,20260124_042158,15,1,0,1
run985,20260124_042158,16,3,0,3
run985,20260124_042158,17,1,0,1
run985,20260124_042158,18,0,0,0
run985,20260124_042158,19,0,0,0
run986,20260124_042246,0,1071,24,1095
run986,20260124_042246,1,7,30,37
run986,20260124_042246,2,7,28,35
run986,20260124_042246,3,5,28,33
run986,20260124_042246,4,4,28,32
run986,20260124_042246,5,20,12,32
run986,20260124_042246,6,716,26,742
run986,20260124_042246,7,7,18,25
run986,20260124_042246,8,0,0,0
run986,20260124_042246,9,0,1,1
run986,20260124_042246,10,10,27,37
run986,20260124_042246,11,7,28,35
run986,20260124_042246,12,6,27,33
run986,20260124_042246,13,7,27,34
run986,20260124_042246,14,7,29,36
run986,20260124_042246,15,13,113,126
run986,20260124_042246,16,10,24,34
run986,20260124_042246,17,9,6,15
run986,20260124_042246,18,0,0,0
run986,20260124_042246,19,3,507,510
run987,20260124_042334,0,0,0,0
run987,20260124_042334,1,0,0,0
run987,20260124_042334,2,0,0,0
run987,20260124_042334,3,1,0,1
run987,20260124_042334,4,1,0,1
run987,20260124_042334,5,2,1,3
run987,20260124_042334,6,2,0,2
run987,20260124_042334,7,1,0,1
run987,20260124_042334,8,0,0,0
run987,20260124_042334,9,0,0,0
run987,20260124_042334,10,2,0,2
run987,20260124_042334,11,1999,0,1999
run987,20260124_042334,12,2000,0,2000
run987,20260124_042334,13,0,0,0
run987,20260124_042334,14,1,0,1
run987,20260124_042334,15,2,0,2
run987,20260124_042334,16,5,0,5
run987,20260124_042334,17,0,0,0
run987,20260124_042334,18,0,0,0
run987,20260124_042334,19,0,0,0
run988,20260124_042422,0,1907,43,1950
run988,20260124_042422,1,5,51,56
run988,20260124_042422,2,2,51,53
run988,20260124_042422,3,0,51,51
run988,20260124_042422,4,1,51,52
run988,20260124_042422,5,16,25,41
run988,20260124_042422,6,3,43,46
run988,20260124_042422,7,0,29,29
run988,20260124_042422,8,0,0,0
run988,20260124_042422,9,0,0,0
run988,20260124_042422,10,12,50,62
run988,20260124_042422,11,2,51,53
run988,20260124_042422,12,1,52,53
run988,20260124_042422,13,0,49,49
run988,20260124_042422,14,0,50,50
run988,20260124_042422,15,17,47,64
run988,20260124_042422,16,8,31,39
run988,20260124_042422,17,3,15,18
run988,20260124_042422,18,0,0,0
run988,20260124_042422,19,2,285,287
run989,20260124_042510,0,0,0,0
run989,20260124_042510,1,2,0,2
run989,20260124_042510,2,2002,0,2002
run989,20260124_042510,3,1,0,1
run989,20260124_042510,4,2,0,2
run989,20260124_042510,5,1,0,1
run989,20260124_042510,6,0,0,0
run989,20260124_042510,7,3,0,3
run989,20260124_042510,8,0,0,0
run989,20260124_042510,9,0,0,0
run989,20260124_042510,10,1,0,1
run989,20260124_042510,11,0,0,0
run989,20260124_042510,12,0,0,0
run989,20260124_042510,13,0,0,0
run989,20260124_042510,14,1,0,1
run989,20260124_042510,15,1,0,1
run989,20260124_042510,16,1,0,1
run989,20260124_042510,17,0,0,0
run989,20260124_042510,18,0,0,0
run989,20260124_042510,19,0,0,0
run99,20260123_161519,0,1,0,1
run99,20260123_161519,1,2,0,2
run99,20260123_161519,2,1,0,1
run99,20260123_161519,3,1,0,1
run99,20260123_161519,4,1,0,1
run99,20260123_161519,5,1,0,1
run99,20260123_161519,6,1,0,1
run99,20260123_161519,7,2,0,2
run99,20260123_161519,8,0,0,0
run99,20260123_161519,9,0,0,0
run99,20260123_161519,10,0,0,0
run99,20260123_161519,11,0,0,0
run99,20260123_161519,12,1,0,1
run99,20260123_161519,13,1,0,1
run99,20260123_161519,14,0,0,0
run99,20260123_161519,15,0,0,0
run99,20260123_161519,16,1,0,1
run99,20260123_161519,17,0,0,0
run99,20260123_161519,18,0,0,0
run99,20260123_161519,19,0,0,0
run990,20260124_042600,0,0,0,0
run990,20260124_042600,1,0,0,0
run990,20260124_042600,2,0,0,0
run990,20260124_042600,3,0,0,0
run990,20260124_042600,4,2,0,2
run990,20260124_042600,5,0,0,0
run990,20260124_042600,6,0,0,0
run990,20260124_042600,7,1,0,1
run990,20260124_042600,8,0,0,0
run990,20260124_042600,9,0,0,0
run990,20260124_042600,10,1999,0,1999
run990,20260124_042600,11,1999,0,1999
run990,20260124_042600,12,1,0,1
run990,20260124_042600,13,1,0,1
run990,20260124_042600,14,3,0,3
run990,20260124_042600,15,1,0,1
run990,20260124_042600,16,4,0,4
run990,20260124_042600,17,0,0,0
run990,20260124_042600,18,0,0,0
run990,20260124_042600,19,0,0,0
run991,20260124_042648,0,101,0,101
run991,20260124_042648,1,0,0,0
run991,20260124_042648,2,1,0,1
run991,20260124_042648,3,0,0,0
run991,20260124_042648,4,0,0,0
run991,20260124_042648,5,0,0,0
run991,20260124_042648,6,1,0,1
run991,20260124_042648,7,0,0,0
run991,20260124_042648,8,0,0,0
run991,20260124_042648,9,0,0,0
run991,20260124_042648,10,0,0,0
run991,20260124_042648,11,0,0,0
run991,20260124_042648,12,0,0,0
run991,20260124_042648,13,1,0,1
run991,20260124_042648,14,1,0,1
run991,20260124_042648,15,0,1,1
run991,20260124_042648,16,2,0,2
run991,20260124_042648,17,0,0,0
run991,20260124_042648,18,0,0,0
run991,20260124_042648,19,0,0,0
run992,20260124_042735,0,1,0,1
run992,20260124_042735,1,0,0,0
run992,20260124_042735,2,3,0,3
run992,20260124_042735,3,0,0,0
run992,20260124_042735,4,2,0,2
run992,20260124_042735,5,0,0,0
run992,20260124_042735,6,1,0,1
run992,20260124_042735,7,1,0,1
run992,20260124_042735,8,0,0,0
run992,20260124_042735,9,0,0,0
run992,20260124_042735,10,1,0,1
run992,20260124_042735,11,1,0,1
run992,20260124_042735,12,0,0,0
run992,20260124_042735,13,1,0,1
run992,20260124_042735,14,2,0,2
run992,20260124_042735,15,3,0,3
run992,20260124_042735,16,1,0,1
run992,20260124_042735,17,0,0,0
run992,20260124_042735,18,0,0,0
run992,20260124_042735,19,0,0,0
run993,20260124_042824,0,1,0,1
run993,20260124_042824,1,0,0,0
run993,20260124_042824,2,1,0,1
run993,20260124_042824,3,0,0,0
run993,20260124_042824,4,0,0,0
run993,20260124_042824,5,0,0,0
run993,20260124_042824,6,0,0,0
run993,20260124_042824,7,0,0,0
run993,20260124_042824,8,0,0,0
run993,20260124_042824,9,0,0,0
run993,20260124_042824,10,2,0,2
run993,20260124_042824,11,0,0,0
run993,20260124_042824,12,1,0,1
run993,20260124_042824,13,0,0,0
run993,20260124_042824,14,2,0,2
run993,20260124_042824,15,2,0,2
run993,20260124_042824,16,1819,0,1819
run993,20260124_042824,17,0,0,0
run993,20260124_042824,18,0,0,0
run993,20260124_042824,19,0,0,0
run994,20260124_042914,0,0,0,0
run994,20260124_042914,1,1,0,1
run994,20260124_042914,2,1987,0,1987
run994,20260124_042914,3,2,0,2
run994,20260124_042914,4,0,0,0
run994,20260124_042914,5,2,0,2
run994,20260124_042914,6,1,0,1
run994,20260124_042914,7,1,0,1
run994,20260124_042914,8,0,0,0
run994,20260124_042914,9,0,0,0
run994,20260124_042914,10,1,0,1
run994,20260124_042914,11,1,0,1
run994,20260124_042914,12,0,0,0
run994,20260124_042914,13,0,0,0
run994,20260124_042914,14,0,0,0
run994,20260124_042914,15,0,0,0
run994,20260124_042914,16,1,0,1
run994,20260124_042914,17,1,0,1
run994,20260124_042914,18,0,0,0
run994,20260124_042914,19,0,0,0
run995,20260124_043002,0,1,0,1
run995,20260124_043002,1,1,0,1
run995,20260124_043002,2,8,0,8
run995,20260124_043002,3,0,0,0
run995,20260124_043002,4,0,0,0
run995,20260124_043002,5,1,0,1
run995,20260124_043002,6,0,0,0
run995,20260124_043002,7,1,0,1
run995,20260124_043002,8,0,0,0
run995,20260124_043002,9,0,0,0
run995,20260124_043002,10,0,0,0
run995,20260124_043002,11,2000,0,2000
run995,20260124_043002,12,0,0,0
run995,20260124_043002,13,0,0,0
run995,20260124_043002,14,2,0,2
run995,20260124_043002,15,1,0,1
run995,20260124_043002,16,3,0,3
run995,20260124_043002,17,0,0,0
run995,20260124_043002,18,0,0,0
run995,20260124_043002,19,0,0,0
run996,20260124_043050,0,2,0,2
run996,20260124_043050,1,1,0,1
run996,20260124_043050,2,3,0,3
run996,20260124_043050,3,1,0,1
run996,20260124_043050,4,2000,0,2000
run996,20260124_043050,5,1,0,1
run996,20260124_043050,6,2,0,2
run996,20260124_043050,7,0,0,0
run996,20260124_043050,8,0,0,0
run996,20260124_043050,9,0,0,0
run996,20260124_043050,10,0,0,0
run996,20260124_043050,11,0,0,0
run996,20260124_043050,12,1,0,1
run996,20260124_043050,13,2,0,2
run996,20260124_043050,14,2,0,2
run996,20260124_043050,15,0,0,0
run996,20260124_043050,16,2,0,2
run996,20260124_043050,17,0,0,0
run996,20260124_043050,18,0,0,0
run996,20260124_043050,19,0,0,0
run997,20260124_043140,0,2,0,2
run997,20260124_043140,1,2000,0,2000
run997,20260124_043140,2,0,0,0
run997,20260124_043140,3,0,0,0
run997,20260124_043140,4,0,0,0
run997,20260124_043140,5,1,0,1
run997,20260124_043140,6,3,0,3
run997,20260124_043140,7,1,0,1
run997,20260124_043140,8,0,1,1
run997,20260124_043140,9,0,0,0
run997,20260124_043140,10,1,0,1
run997,20260124_043140,11,1,0,1
run997,20260124_043140,12,0,0,0
run997,20260124_043140,13,1,0,1
run997,20260124_043140,14,1,0,1
run997,20260124_043140,15,2,0,2
run997,20260124_043140,16,1,0,1
run997,20260124_043140,17,0,0,0
run997,20260124_043140,18,0,0,0
run997,20260124_043140,19,0,0,0
run998,20260124_043228,0,0,0,0
run998,20260124_043228,1,3,0,3
run998,20260124_043228,2,1,0,1
run998,20260124_043228,3,0,0,0
run998,20260124_043228,4,2,0,2
run998,20260124_043228,5,2,0,2
run998,20260124_043228,6,0,1701,1701
run998,20260124_043228,7,0,1987,1987
run998,20260124_043228,8,0,0,0
run998,20260124_043228,9,0,0,0
run998,20260124_043228,10,1,1987,1988
run998,20260124_043228,11,0,1987,1987
run998,20260124_043228,12,1,1987,1988
run998,20260124_043228,13,1,1987,1988
run998,20260124_043228,14,0,1987,1987
run998,20260124_043228,15,4,0,4
run998,20260124_043228,16,1,0,1
run998,20260124_043228,17,0,0,0
run998,20260124_043228,18,0,0,0
run998,20260124_043228,19,0,0,0
run999,20260124_043318,0,1,1,2
run999,20260124_043318,1,1,1,2
run999,20260124_043318,2,1,1,2
run999,20260124_043318,3,1,1,2
run999,20260124_043318,4,1,1,2
run999,20260124_043318,5,2,0,2
run999,20260124_043318,6,0,0,0
run999,20260124_043318,7,0,0,0
run999,20260124_043318,8,0,0,0
run999,20260124_043318,9,0,0,0
run999,20260124_043318,10,0,0,0
run999,20260124_043318,11,0,0,0
run999,20260124_043318,12,1,0,1
run999,20260124_043318,13,1,0,1
run999,20260124_043318,14,1,0,1
run999,20260124_043318,15,0,0,0
run999,20260124_043318,16,3,0,3
run999,20260124_043318,17,1,1,2
run999,20260124_043318,18,0,0,0
run999,20260124_043318,19,0,0,0
